{
"type": "FeatureCollection",
"name": "Properti Go Bandung",
"crs": { "type": "name", "properties": { "name": "urn:ogc:def:crs:OGC:1.3:CRS84" } },
"features": [
{ "type": "Feature", "properties": { "Kategori Properti": "Kos", "Jenis Properti": "Disewa", " Tanggal": "2026-06-09", "Alamat": "Jalan Babakan Tarogong, Bojongloa Kaler, Indonesia", "Foto Tampak Depan": "https://mapidstorage.s3.ap-southeast-1.amazonaws.com/general_image/wina/1781005839644_stamped_1781005834964.jpg", "Foto Spanduk/Papan Promosi": "https://mapidstorage.s3.ap-southeast-1.amazonaws.com/general_image/wina/1781005847349_stamped_1781005845170.jpg", "Kontributor": "Wina Ayu", "Latitude": -6.9259675545407902, "Longitude": 107.58655149505478, "Pengecekan": null, "Catatan Kesalahan": null, "ID Data": "6a27fe18f2c8ca5ff95f4096" }, "geometry": { "type": "Point", "coordinates": [ 107.586551495054778, -6.92596755454079 ] } },
{ "type": "Feature", "properties": { "Kategori Properti": "Ruko", "Jenis Properti": "Dijual", " Tanggal": "2026-06-09", "Alamat": "Jalan Jamika, Bojongloa Kaler, Indonesia", "Foto Tampak Depan": "https://mapidstorage.s3.ap-southeast-1.amazonaws.com/general_image/wina/1781005611734_stamped_1781005608313.jpg", "Foto Spanduk/Papan Promosi": "https://mapidstorage.s3.ap-southeast-1.amazonaws.com/general_image/wina/1781005625849_stamped_1781005617550.jpg", "Kontributor": "Wina Ayu", "Latitude": -6.9210397511267558, "Longitude": 107.58614414167687, "Pengecekan": null, "Catatan Kesalahan": null, "ID Data": "6a27fd3bbddac9062466703c" }, "geometry": { "type": "Point", "coordinates": [ 107.586144141676868, -6.921039751126756 ] } },
{ "type": "Feature", "properties": { "Kategori Properti": "Ruko", "Jenis Properti": "Disewa", " Tanggal": "2026-06-09", "Alamat": "Jalan Jamika, Bojongloa Kaler, Indonesia", "Foto Tampak Depan": "https://mapidstorage.s3.ap-southeast-1.amazonaws.com/general_image/wina/1781005553944_stamped_1781005550828.jpg", "Foto Spanduk/Papan Promosi": "https://mapidstorage.s3.ap-southeast-1.amazonaws.com/general_image/wina/1781005563289_stamped_1781005560581.jpg", "Kontributor": "Wina Ayu", "Latitude": -6.9206146279944249, "Longitude": 107.58631121174869, "Pengecekan": null, "Catatan Kesalahan": null, "ID Data": "6a27fcfcbddac9062466703a" }, "geometry": { "type": "Point", "coordinates": [ 107.586311211748693, -6.920614627994425 ] } },
{ "type": "Feature", "properties": { "Kategori Properti": "Ruko", "Jenis Properti": "Dijual", " Tanggal": "2026-06-09", "Alamat": "Jalan Jendral Sudirman 537, Andir, Indonesia", "Foto Tampak Depan": "https://mapidstorage.s3.ap-southeast-1.amazonaws.com/general_image/wina/1781005375343_stamped_1781005372466.jpg", "Foto Spanduk/Papan Promosi": "https://mapidstorage.s3.ap-southeast-1.amazonaws.com/general_image/wina/1781005387680_stamped_1781005384253.jpg", "Kontributor": "Wina Ayu", "Latitude": -6.9185670702501056, "Longitude": 107.58588830297413, "Pengecekan": null, "Catatan Kesalahan": null, "ID Data": "6a27fc4dbddac90624667038" }, "geometry": { "type": "Point", "coordinates": [ 107.585888302974126, -6.918567070250106 ] } },
{ "type": "Feature", "properties": { "Kategori Properti": "Rumah", "Jenis Properti": "Disewa", " Tanggal": "2026-06-09", "Alamat": "Jalan Jendral Sudirman 504a, Indonesia", "Foto Tampak Depan": "https://mapidstorage.s3.ap-southeast-1.amazonaws.com/general_image/wina/1781005312415_stamped_1781005308361.jpg", "Foto Spanduk/Papan Promosi": "https://mapidstorage.s3.ap-southeast-1.amazonaws.com/general_image/wina/1781005320884_stamped_1781005319047.jpg", "Kontributor": "Wina Ayu", "Latitude": -6.9185086898211381, "Longitude": 107.58533241124746, "Pengecekan": null, "Catatan Kesalahan": null, "ID Data": "6a27fc0ba5240cf29f5c1cb0" }, "geometry": { "type": "Point", "coordinates": [ 107.585332411247464, -6.918508689821138 ] } },
{ "type": "Feature", "properties": { "Kategori Properti": "Ruko", "Jenis Properti": "Dijual", " Tanggal": "2026-06-09", "Alamat": "Jalan Jendral Sudirman 504a, Babakan Ciparay, Indonesia", "Foto Tampak Depan": "https://mapidstorage.s3.ap-southeast-1.amazonaws.com/general_image/wina/1781005202525_stamped_1781005199352.jpg", "Foto Spanduk/Papan Promosi": "https://mapidstorage.s3.ap-southeast-1.amazonaws.com/general_image/wina/1781005211184_stamped_1781005208890.jpg", "Kontributor": "Wina Ayu", "Latitude": -6.9184743660732408, "Longitude": 107.58475280564465, "Pengecekan": null, "Catatan Kesalahan": null, "ID Data": "6a27fb9fbddac90624667036" }, "geometry": { "type": "Point", "coordinates": [ 107.584752805644655, -6.918474366073241 ] } },
{ "type": "Feature", "properties": { "Kategori Properti": "Ruko", "Jenis Properti": "Dijual", " Tanggal": "2026-06-09", "Alamat": "Jalan Jendral Sudirman 587a, Bandung Jawa Barat, Babakan Ciparay, Indonesia", "Foto Tampak Depan": "https://mapidstorage.s3.ap-southeast-1.amazonaws.com/general_image/wina/1781005100498_stamped_1781005097697.jpg", "Foto Spanduk/Papan Promosi": "https://mapidstorage.s3.ap-southeast-1.amazonaws.com/general_image/wina/1781005110878_stamped_1781005108552.jpg", "Kontributor": "Wina Ayu", "Latitude": -6.9182775687034024, "Longitude": 107.58300482306254, "Pengecekan": null, "Catatan Kesalahan": null, "ID Data": "6a27fb38bddac90624667034" }, "geometry": { "type": "Point", "coordinates": [ 107.583004823062538, -6.918277568703402 ] } },
{ "type": "Feature", "properties": { "Kategori Properti": "Ruko", "Jenis Properti": "Dijual", " Tanggal": "2026-06-09", "Alamat": "Jalan Jendral Sudirman 587a, Bandung Jawa Barat, Babakan Ciparay, Indonesia", "Foto Tampak Depan": "https://mapidstorage.s3.ap-southeast-1.amazonaws.com/general_image/wina/1781005053194_stamped_1781005049896.jpg", "Foto Spanduk/Papan Promosi": "https://mapidstorage.s3.ap-southeast-1.amazonaws.com/general_image/wina/1781005062426_stamped_1781005060249.jpg", "Kontributor": "Wina Ayu", "Latitude": -6.9182775687034024, "Longitude": 107.58300482306254, "Pengecekan": null, "Catatan Kesalahan": null, "ID Data": "6a27fb08f2c8ca5ff95f4061" }, "geometry": { "type": "Point", "coordinates": [ 107.583004823062538, -6.918277568703402 ] } },
{ "type": "Feature", "properties": { "Kategori Properti": "Ruko", "Jenis Properti": "Dijual", " Tanggal": "2026-06-09", "Alamat": "Jalan Jendral Sudirman 587a, Bandung Jawa Barat, Babakan Ciparay, Indonesia", "Foto Tampak Depan": "https://mapidstorage.s3.ap-southeast-1.amazonaws.com/general_image/wina/1781004994793_stamped_1781004992015.jpg", "Foto Spanduk/Papan Promosi": "https://mapidstorage.s3.ap-southeast-1.amazonaws.com/general_image/wina/1781005009698_stamped_1781005004846.jpg", "Kontributor": "Wina Ayu", "Latitude": -6.9182775687034024, "Longitude": 107.58300482306254, "Pengecekan": null, "Catatan Kesalahan": null, "ID Data": "6a27fad3a5240cf29f5c1caa" }, "geometry": { "type": "Point", "coordinates": [ 107.583004823062538, -6.918277568703402 ] } },
{ "type": "Feature", "properties": { "Kategori Properti": "Ruko", "Jenis Properti": "Dijual", " Tanggal": "2026-06-09", "Alamat": "Jalan Jendral Sudirman 587a, Bandung Jawa Barat, Babakan Ciparay, Indonesia", "Foto Tampak Depan": "https://mapidstorage.s3.ap-southeast-1.amazonaws.com/general_image/wina/1781004948684_stamped_1781004945489.jpg", "Foto Spanduk/Papan Promosi": "https://mapidstorage.s3.ap-southeast-1.amazonaws.com/general_image/wina/1781004957030_stamped_1781004954741.jpg", "Kontributor": "Wina Ayu", "Latitude": -6.9182775687034024, "Longitude": 107.58300482306254, "Pengecekan": null, "Catatan Kesalahan": null, "ID Data": "6a27fa9da5240cf29f5c1ca8" }, "geometry": { "type": "Point", "coordinates": [ 107.583004823062538, -6.918277568703402 ] } },
{ "type": "Feature", "properties": { "Kategori Properti": "Rumah", "Jenis Properti": "Dijual", " Tanggal": "2026-06-09", "Alamat": "Jalan Jendral Sudirman 603, Bandung Jawa Barat, Andir, Indonesia", "Foto Tampak Depan": "https://mapidstorage.s3.ap-southeast-1.amazonaws.com/general_image/wina/1781004867856_stamped_1781004865057.jpg", "Foto Spanduk/Papan Promosi": "https://mapidstorage.s3.ap-southeast-1.amazonaws.com/general_image/wina/1781004878699_stamped_1781004875845.jpg", "Kontributor": "Wina Ayu", "Latitude": -6.9180722793261396, "Longitude": 107.58166098488272, "Pengecekan": null, "Catatan Kesalahan": null, "ID Data": "6a27fa50f2c8ca5ff95f405f" }, "geometry": { "type": "Point", "coordinates": [ 107.581660984882717, -6.91807227932614 ] } },
{ "type": "Feature", "properties": { "Kategori Properti": "Rumah", "Jenis Properti": "Disewa", " Tanggal": "2026-06-09", "Alamat": "Jalan Jendral Sudirman 603, Bandung Jawa Barat, Andir, Indonesia", "Foto Tampak Depan": "https://mapidstorage.s3.ap-southeast-1.amazonaws.com/general_image/wina/1781004808172_stamped_1781004805721.jpg", "Foto Spanduk/Papan Promosi": "https://mapidstorage.s3.ap-southeast-1.amazonaws.com/general_image/wina/1781004818601_stamped_1781004815823.jpg", "Kontributor": "Wina Ayu", "Latitude": -6.9180722793261396, "Longitude": 107.58166098488272, "Pengecekan": null, "Catatan Kesalahan": null, "ID Data": "6a27fa15f2c8ca5ff95f405b" }, "geometry": { "type": "Point", "coordinates": [ 107.581660984882717, -6.91807227932614 ] } },
{ "type": "Feature", "properties": { "Kategori Properti": "Tanah", "Jenis Properti": "Dijual", " Tanggal": "2026-06-09", "Alamat": "Jalan Jendral Sudirman 633, Bandung Jawa Barat, Bandung Kulon, Indonesia", "Foto Tampak Depan": "https://mapidstorage.s3.ap-southeast-1.amazonaws.com/general_image/wina/1781004702620_stamped_1781004698702.jpg", "Foto Spanduk/Papan Promosi": "https://mapidstorage.s3.ap-southeast-1.amazonaws.com/general_image/wina/1781004723879_stamped_1781004719291.jpg", "Kontributor": "Wina Ayu", "Latitude": -6.917935498044784, "Longitude": 107.58018503382203, "Pengecekan": null, "Catatan Kesalahan": null, "ID Data": "6a27f9b5f2c8ca5ff95f4051" }, "geometry": { "type": "Point", "coordinates": [ 107.580185033822033, -6.917935498044784 ] } },
{ "type": "Feature", "properties": { "Kategori Properti": "Rumah", "Jenis Properti": "Disewa", " Tanggal": "2026-06-09", "Alamat": "Jalan Pagarsih Barat, Babakan Ciparay, Indonesia", "Foto Tampak Depan": "https://mapidstorage.s3.ap-southeast-1.amazonaws.com/general_image/wina/1781003957085_stamped_1781003954047.jpg", "Foto Spanduk/Papan Promosi": "https://mapidstorage.s3.ap-southeast-1.amazonaws.com/general_image/wina/1781003981033_stamped_1781003976437.jpg", "Kontributor": "Wina Ayu", "Latitude": -6.9223409169447905, "Longitude": 107.5854325263669, "Pengecekan": null, "Catatan Kesalahan": null, "ID Data": "6a27f6d0f2c8ca5ff95f3fed" }, "geometry": { "type": "Point", "coordinates": [ 107.585432526366901, -6.92234091694479 ] } },
{ "type": "Feature", "properties": { "Kategori Properti": "Rumah", "Jenis Properti": "Dijual", " Tanggal": "2026-06-09", "Alamat": "Jalan Pagarsih Barat, Babakan Ciparay, Indonesia", "Foto Tampak Depan": "https://mapidstorage.s3.ap-southeast-1.amazonaws.com/general_image/wina/1781003906956_stamped_1781003904149.jpg", "Foto Spanduk/Papan Promosi": "https://mapidstorage.s3.ap-southeast-1.amazonaws.com/general_image/wina/1781003922624_stamped_1781003915786.jpg", "Kontributor": "Wina Ayu", "Latitude": -6.9223409169447905, "Longitude": 107.5854325263669, "Pengecekan": null, "Catatan Kesalahan": null, "ID Data": "6a27f694a5240cf29f5c1c4c" }, "geometry": { "type": "Point", "coordinates": [ 107.585432526366901, -6.92234091694479 ] } },
{ "type": "Feature", "properties": { "Kategori Properti": "Ruko", "Jenis Properti": "Disewa", " Tanggal": "2026-06-09", "Alamat": "Jalan Jamika, Bojongloa Kaler, Indonesia", "Foto Tampak Depan": "https://mapidstorage.s3.ap-southeast-1.amazonaws.com/general_image/wina/1781003806918_stamped_1781003803087.jpg", "Foto Spanduk/Papan Promosi": "https://mapidstorage.s3.ap-southeast-1.amazonaws.com/general_image/wina/1781003817793_stamped_1781003814346.jpg", "Kontributor": "Wina Ayu", "Latitude": -6.9226174792158162, "Longitude": 107.58579903951301, "Pengecekan": null, "Catatan Kesalahan": null, "ID Data": "6a27f62bf2c8ca5ff95f3feb" }, "geometry": { "type": "Point", "coordinates": [ 107.585799039513006, -6.922617479215816 ] } },
{ "type": "Feature", "properties": { "Kategori Properti": "Ruko", "Jenis Properti": "Dijual", " Tanggal": "2026-06-09", "Alamat": "Jalan Jamika, Bojongloa Kaler, Indonesia", "Foto Tampak Depan": "https://mapidstorage.s3.ap-southeast-1.amazonaws.com/general_image/wina/1781003725983_stamped_1781003723597.jpg", "Foto Spanduk/Papan Promosi": "https://mapidstorage.s3.ap-southeast-1.amazonaws.com/general_image/wina/1781003741273_stamped_1781003732383.jpg", "Kontributor": "Wina Ayu", "Latitude": -6.9230365460199437, "Longitude": 107.58574130641961, "Pengecekan": null, "Catatan Kesalahan": null, "ID Data": "6a27f5def2c8ca5ff95f3fe9" }, "geometry": { "type": "Point", "coordinates": [ 107.585741306419607, -6.923036546019944 ] } },
{ "type": "Feature", "properties": { "Kategori Properti": "Rumah", "Jenis Properti": "Disewa", " Tanggal": "2026-06-09", "Alamat": "Jalan Jamika, Babakan Ciparay, Indonesia", "Foto Tampak Depan": "https://mapidstorage.s3.ap-southeast-1.amazonaws.com/general_image/wina/1781003538493_stamped_1781003533075.jpg", "Foto Spanduk/Papan Promosi": "https://mapidstorage.s3.ap-southeast-1.amazonaws.com/general_image/wina/1781003552825_stamped_1781003545396.jpg", "Kontributor": "Wina Ayu", "Latitude": -6.9259547059680528, "Longitude": 107.58548310293031, "Pengecekan": null, "Catatan Kesalahan": null, "ID Data": "6a27f527bddac90624666fba" }, "geometry": { "type": "Point", "coordinates": [ 107.585483102930311, -6.925954705968053 ] } },
{ "type": "Feature", "properties": { "Kategori Properti": "Ruko", "Jenis Properti": "Dijual", " Tanggal": "2026-06-09", "Alamat": "Jalan Jamika, Babakan Ciparay, Indonesia", "Foto Tampak Depan": "https://mapidstorage.s3.ap-southeast-1.amazonaws.com/general_image/wina/1781003477856_stamped_1781003471173.jpg", "Foto Spanduk/Papan Promosi": "https://mapidstorage.s3.ap-southeast-1.amazonaws.com/general_image/wina/1781003488384_stamped_1781003485078.jpg", "Kontributor": "Wina Ayu", "Latitude": -6.9259547059680528, "Longitude": 107.58548310293031, "Pengecekan": null, "Catatan Kesalahan": null, "ID Data": "6a27f4e3bddac90624666fb6" }, "geometry": { "type": "Point", "coordinates": [ 107.585483102930311, -6.925954705968053 ] } },
{ "type": "Feature", "properties": { "Kategori Properti": "Ruko", "Jenis Properti": "Disewa", " Tanggal": "2026-06-09", "Alamat": "Jalan Peta 249, Taman Anggrek Residence, Bojongloa Kaler, Indonesia", "Foto Tampak Depan": "https://mapidstorage.s3.ap-southeast-1.amazonaws.com/general_image/wina/1781003223185_image_picker_9C11D754-F1C5-44E7-99B6-41FFEB4850B5-31954-000003C199BF2EA1.jpg", "Foto Spanduk/Papan Promosi": "https://mapidstorage.s3.ap-southeast-1.amazonaws.com/general_image/wina/1781003233090_image_picker_451FACE3-E00E-4698-93AE-3399B3A123EE-31954-000003C1A6E3BF60.jpg", "Kontributor": "Wina Ayu", "Latitude": -6.9333588426167125, "Longitude": 107.59018729648494, "Pengecekan": null, "Catatan Kesalahan": null, "ID Data": "6a27f3e1f2c8ca5ff95f3fc7" }, "geometry": { "type": "Point", "coordinates": [ 107.590187296484942, -6.933358842616713 ] } },
{ "type": "Feature", "properties": { "Kategori Properti": "Rumah", "Jenis Properti": "Dijual", " Tanggal": "2026-06-08", "Alamat": "Jalan Babakan Tarogong, Taman Anggrek Residence, Bojongloa Kaler, Indonesia", "Foto Tampak Depan": "https://mapidstorage.s3.ap-southeast-1.amazonaws.com/general_image/wina/1780918091964_stamped_1780918088181.jpg", "Foto Spanduk/Papan Promosi": "https://mapidstorage.s3.ap-southeast-1.amazonaws.com/general_image/wina/1780918103237_stamped_1780918099601.jpg", "Kontributor": "Wina Ayu", "Latitude": -6.929777945550569, "Longitude": 107.58890513306733, "Pengecekan": null, "Catatan Kesalahan": null, "ID Data": "6a26a75af2c8ca5ff95f0ac0" }, "geometry": { "type": "Point", "coordinates": [ 107.588905133067328, -6.929777945550569 ] } },
{ "type": "Feature", "properties": { "Kategori Properti": "Rumah", "Jenis Properti": "Dijual", " Tanggal": "2026-06-08", "Alamat": "Jalan Babakan Tarogong, Taman Anggrek Residence, Bojongloa Kaler, Indonesia", "Foto Tampak Depan": "https://mapidstorage.s3.ap-southeast-1.amazonaws.com/general_image/wina/1780917899693_stamped_1780917892135.jpg", "Foto Spanduk/Papan Promosi": "https://mapidstorage.s3.ap-southeast-1.amazonaws.com/general_image/wina/1780917911116_stamped_1780917908410.jpg", "Kontributor": "Wina Ayu", "Latitude": -6.9318995462997179, "Longitude": 107.59085507989352, "Pengecekan": null, "Catatan Kesalahan": null, "ID Data": "6a26a699bddac90624663abf" }, "geometry": { "type": "Point", "coordinates": [ 107.590855079893515, -6.931899546299718 ] } },
{ "type": "Feature", "properties": { "Kategori Properti": "Kos", "Jenis Properti": "Disewa", " Tanggal": "2026-06-08", "Alamat": "Jalan Babakan Tarogong, Taman Anggrek Residence, Bojongloa Kaler, Indonesia", "Foto Tampak Depan": "https://mapidstorage.s3.ap-southeast-1.amazonaws.com/general_image/wina/1780917775793_stamped_1780917773043.jpg", "Foto Spanduk/Papan Promosi": "https://mapidstorage.s3.ap-southeast-1.amazonaws.com/general_image/wina/1780917797610_stamped_1780917793418.jpg", "Kontributor": "Wina Ayu", "Latitude": -6.9320485503902205, "Longitude": 107.5913435742649, "Pengecekan": null, "Catatan Kesalahan": null, "ID Data": "6a26a62a34c8bf00ff4fa47d" }, "geometry": { "type": "Point", "coordinates": [ 107.591343574264897, -6.93204855039022 ] } },
{ "type": "Feature", "properties": { "Kategori Properti": "Kos", "Jenis Properti": "Disewa", " Tanggal": "2026-06-08", "Alamat": "Jalan Babakan Tarogong, Taman Anggrek Residence, Bojongloa Kaler, Indonesia", "Foto Tampak Depan": "https://mapidstorage.s3.ap-southeast-1.amazonaws.com/general_image/wina/1780917683133_stamped_1780917678602.jpg", "Foto Spanduk/Papan Promosi": "https://mapidstorage.s3.ap-southeast-1.amazonaws.com/general_image/wina/1780917704245_stamped_1780917691725.jpg", "Kontributor": "Wina Ayu", "Latitude": -6.9320485503902205, "Longitude": 107.5913435742649, "Pengecekan": null, "Catatan Kesalahan": null, "ID Data": "6a26a5c934c8bf00ff4fa413" }, "geometry": { "type": "Point", "coordinates": [ 107.591343574264897, -6.93204855039022 ] } },
{ "type": "Feature", "properties": { "Kategori Properti": "Rumah", "Jenis Properti": "Dijual", " Tanggal": "2026-06-08", "Alamat": "Jalan Babakan Tarogong, Taman Anggrek Residence, Bojongloa Kaler, Indonesia", "Foto Tampak Depan": "https://mapidstorage.s3.ap-southeast-1.amazonaws.com/general_image/wina/1780917419294_stamped_1780917414695.jpg", "Foto Spanduk/Papan Promosi": "https://mapidstorage.s3.ap-southeast-1.amazonaws.com/general_image/wina/1780917441443_stamped_1780917433521.jpg", "Kontributor": "Wina Ayu", "Latitude": -6.9348965514752194, "Longitude": 107.59359700255061, "Pengecekan": null, "Catatan Kesalahan": null, "ID Data": "6a26a4c4f2c8ca5ff95f0a41" }, "geometry": { "type": "Point", "coordinates": [ 107.593597002550609, -6.934896551475219 ] } },
{ "type": "Feature", "properties": { "Kategori Properti": "Rumah", "Jenis Properti": "Dijual", " Tanggal": "2026-06-08", "Alamat": "Jalan Babakan Tarogong, Taman Anggrek Residence, Bojongloa Kaler, Indonesia", "Foto Tampak Depan": "https://mapidstorage.s3.ap-southeast-1.amazonaws.com/general_image/wina/1780917284754_stamped_1780917280329.jpg", "Foto Spanduk/Papan Promosi": "https://mapidstorage.s3.ap-southeast-1.amazonaws.com/general_image/wina/1780917303033_stamped_1780917298021.jpg", "Kontributor": "Wina Ayu", "Latitude": -6.9356590816355492, "Longitude": 107.5937575170372, "Pengecekan": null, "Catatan Kesalahan": null, "ID Data": "6a26a439bddac90624663a12" }, "geometry": { "type": "Point", "coordinates": [ 107.593757517037204, -6.935659081635549 ] } },
{ "type": "Feature", "properties": { "Kategori Properti": "Rumah", "Jenis Properti": "Disewa", " Tanggal": "2026-06-08", "Alamat": "Jalan Babakan Tarogong, Taman Anggrek Residence, Bojongloa Kaler, Indonesia", "Foto Tampak Depan": "https://mapidstorage.s3.ap-southeast-1.amazonaws.com/general_image/wina/1780917227807_stamped_1780917222789.jpg", "Foto Spanduk/Papan Promosi": "https://mapidstorage.s3.ap-southeast-1.amazonaws.com/general_image/wina/1780917209798_stamped_1780917203598.jpg", "Kontributor": "Wina Ayu", "Latitude": -6.9356590816355492, "Longitude": 107.5937575170372, "Pengecekan": null, "Catatan Kesalahan": null, "ID Data": "6a26a3ee34c8bf00ff4fa3b9" }, "geometry": { "type": "Point", "coordinates": [ 107.593757517037204, -6.935659081635549 ] } },
{ "type": "Feature", "properties": { "Kategori Properti": "Rumah", "Jenis Properti": "Dijual", " Tanggal": "2026-06-08", "Alamat": "Jalan Babakan Tarogong, Taman Anggrek Residence, Bojongloa Kaler, Indonesia", "Foto Tampak Depan": "https://mapidstorage.s3.ap-southeast-1.amazonaws.com/general_image/wina/1780917088900_stamped_1780917082920.jpg", "Foto Spanduk/Papan Promosi": "https://mapidstorage.s3.ap-southeast-1.amazonaws.com/general_image/wina/1780917106415_stamped_1780917099180.jpg", "Kontributor": "Wina Ayu", "Latitude": -6.9359998125504774, "Longitude": 107.5938937907099, "Pengecekan": null, "Catatan Kesalahan": null, "ID Data": "6a26a375f2c8ca5ff95f0a0d" }, "geometry": { "type": "Point", "coordinates": [ 107.593893790709899, -6.935999812550477 ] } },
{ "type": "Feature", "properties": { "Kategori Properti": "Rumah", "Jenis Properti": "Dijual", " Tanggal": "2026-06-07", "Alamat": "4149, Indonesia", "Foto Tampak Depan": "https://mapidstorage.s3.ap-southeast-1.amazonaws.com/general_image/wina/1780807929388_stamped_1780807925498.jpg", "Foto Spanduk/Papan Promosi": "https://mapidstorage.s3.ap-southeast-1.amazonaws.com/general_image/wina/1780807948766_stamped_1780807941483.jpg", "Kontributor": "Wina Ayu", "Latitude": -6.9263358989227015, "Longitude": 107.58748705439183, "Pengecekan": null, "Catatan Kesalahan": null, "ID Data": "6a24f90df2c8ca5ff95ecf88" }, "geometry": { "type": "Point", "coordinates": [ 107.587487054391829, -6.926335898922702 ] } },
{ "type": "Feature", "properties": { "Kategori Properti": "Ruko", "Jenis Properti": "Dijual", " Tanggal": "2026-06-07", "Alamat": "4149, Indonesia", "Foto Tampak Depan": "https://mapidstorage.s3.ap-southeast-1.amazonaws.com/general_image/wina/1780807820825_stamped_1780807816044.jpg", "Foto Spanduk/Papan Promosi": "https://mapidstorage.s3.ap-southeast-1.amazonaws.com/general_image/wina/1780807838853_stamped_1780807834542.jpg", "Kontributor": "Wina Ayu", "Latitude": -6.9262156709219482, "Longitude": 107.58707729210744, "Pengecekan": null, "Catatan Kesalahan": null, "ID Data": "6a24f89fbddac906246600ee" }, "geometry": { "type": "Point", "coordinates": [ 107.587077292107438, -6.926215670921948 ] } },
{ "type": "Feature", "properties": { "Kategori Properti": "Rumah", "Jenis Properti": "Dijual", " Tanggal": "2026-06-06", "Alamat": "Jalan Cimanuk 11, Bandung Jawa Barat, Bandung Wetan, Indonesia", "Foto Tampak Depan": "https://mapidstorage.s3.ap-southeast-1.amazonaws.com/general_image/abilakrisnaw/1780707925523_stamped_1780707923073.jpg", "Foto Spanduk/Papan Promosi": "https://mapidstorage.s3.ap-southeast-1.amazonaws.com/general_image/abilakrisnaw/1780707934276_stamped_1780707931193.jpg", "Kontributor": "Abila MAPID TEAM", "Latitude": -6.9022864469852152, "Longitude": 107.62237474892981, "Pengecekan": null, "Catatan Kesalahan": null, "ID Data": "6a237265cbafcbc7eac073a8" }, "geometry": { "type": "Point", "coordinates": [ 107.622374748929815, -6.902286446985215 ] } },
{ "type": "Feature", "properties": { "Kategori Properti": "Rumah", "Jenis Properti": "Dijual", " Tanggal": "2026-06-06", "Alamat": "382, Indonesia", "Foto Tampak Depan": "https://mapidstorage.s3.ap-southeast-1.amazonaws.com/general_image/abilakrisnaw/1780704182315_stamped_1780704178688.jpg", "Foto Spanduk/Papan Promosi": "https://mapidstorage.s3.ap-southeast-1.amazonaws.com/general_image/abilakrisnaw/1780704197150_stamped_1780704193681.jpg", "Kontributor": "Abila MAPID TEAM", "Latitude": -6.9023113360623514, "Longitude": 107.61687356333317, "Pengecekan": null, "Catatan Kesalahan": null, "ID Data": "6a2363d4cbafcbc7eac0735f" }, "geometry": { "type": "Point", "coordinates": [ 107.616873563333172, -6.902311336062351 ] } },
{ "type": "Feature", "properties": { "Kategori Properti": "Ruko", "Jenis Properti": "Disewa", " Tanggal": "2026-05-19", "Alamat": "Jalan Lengkong Kecil 84, Bandung Jawa Barat, Paledang, Lengkong, Kota Bandung, Indonesia", "Foto Tampak Depan": "https://mapidstorage.s3.ap-southeast-1.amazonaws.com/general_image/ekabir/1779199903268_scaled_1000664088.heic", "Foto Spanduk/Papan Promosi": "https://mapidstorage.s3.ap-southeast-1.amazonaws.com/general_image/ekabir/1779199912301_scaled_1000664088.heic", "Kontributor": "ekabir", "Latitude": -6.923716962566246, "Longitude": 107.6168460260738, "Pengecekan": "Diterima", "Catatan Kesalahan": null, "ID Data": "6a0c6fac9d6213772da4b606" }, "geometry": { "type": "Point", "coordinates": [ 107.616846026073802, -6.923716962566246 ] } },
{ "type": "Feature", "properties": { "Kategori Properti": "Rumah", "Jenis Properti": "Dijual", " Tanggal": "2026-05-19", "Alamat": "Jalan Pasundan 99, Balong Gede, Balonggede, Regol, Kota Bandung, Indonesia", "Foto Tampak Depan": "https://mapidstorage.s3.ap-southeast-1.amazonaws.com/general_image/undefined/1779189622325_stamped_1779189616069.jpg", "Foto Spanduk/Papan Promosi": "https://mapidstorage.s3.ap-southeast-1.amazonaws.com/general_image/undefined/1779189644119_stamped_1779189636844.jpg", "Kontributor": "sherens3", "Latitude": -6.9237956865532198, "Longitude": 107.60836098275468, "Pengecekan": "Diterima", "Catatan Kesalahan": null, "ID Data": "6a0c478de9fe0309fea3c193" }, "geometry": { "type": "Point", "coordinates": [ 107.608360982754675, -6.92379568655322 ] } },
{ "type": "Feature", "properties": { "Kategori Properti": "Rumah", "Jenis Properti": "Disewa", " Tanggal": "2026-05-19", "Alamat": "Jalan Pasundan  No34, Balong Gede, Balonggede, Regol, Kota Bandung, Indonesia", "Foto Tampak Depan": "https://mapidstorage.s3.ap-southeast-1.amazonaws.com/general_image/undefined/1779189417756_stamped_1779189410939.jpg", "Foto Spanduk/Papan Promosi": "https://mapidstorage.s3.ap-southeast-1.amazonaws.com/general_image/undefined/1779189443156_stamped_1779189435382.jpg", "Kontributor": "sherens3", "Latitude": -6.9245712865590718, "Longitude": 107.60855498273429, "Pengecekan": "Diterima", "Catatan Kesalahan": null, "ID Data": "6a0c46c99d6213772da4a59b" }, "geometry": { "type": "Point", "coordinates": [ 107.60855498273429, -6.924571286559072 ] } },
{ "type": "Feature", "properties": { "Kategori Properti": "Rumah", "Jenis Properti": "Dijual", " Tanggal": "2026-05-19", "Alamat": "Jalan Pasundan 41, Balong Gede, Balonggede, Regol, Kota Bandung, Indonesia", "Foto Tampak Depan": "https://mapidstorage.s3.ap-southeast-1.amazonaws.com/general_image/undefined/1779189337951_stamped_1779189331911.jpg", "Foto Spanduk/Papan Promosi": "https://mapidstorage.s3.ap-southeast-1.amazonaws.com/general_image/undefined/1779189354433_stamped_1779189350401.jpg", "Kontributor": "sherens3", "Latitude": -6.9245712865590718, "Longitude": 107.60855498273429, "Pengecekan": "Diterima", "Catatan Kesalahan": null, "ID Data": "6a0c466cbb12beaf8981feb9" }, "geometry": { "type": "Point", "coordinates": [ 107.60855498273429, -6.924571286559072 ] } },
{ "type": "Feature", "properties": { "Kategori Properti": "Rumah", "Jenis Properti": "Dijual", " Tanggal": "2026-05-19", "Alamat": "Jalan Pasundan 99, Balong Gede, Balonggede, Regol, Kota Bandung, Indonesia", "Foto Tampak Depan": "https://mapidstorage.s3.ap-southeast-1.amazonaws.com/general_image/undefined/1779189254287_stamped_1779189246177.jpg", "Foto Spanduk/Papan Promosi": "https://mapidstorage.s3.ap-southeast-1.amazonaws.com/general_image/undefined/1779189281345_stamped_1779189277685.jpg", "Kontributor": "sherens3", "Latitude": -6.9245712865590718, "Longitude": 107.60855498273429, "Pengecekan": "Diterima", "Catatan Kesalahan": null, "ID Data": "6a0c4628e9fe0309fea3c169" }, "geometry": { "type": "Point", "coordinates": [ 107.60855498273429, -6.924571286559072 ] } },
{ "type": "Feature", "properties": { "Kategori Properti": "Ruko", "Jenis Properti": "Disewa", " Tanggal": "2026-05-19", "Alamat": "Jalan Otto Iskandardinata 81, Bandung Jawa Barat, Braga, Sumur Bandung, Kota Bandung, Indonesia", "Foto Tampak Depan": "https://mapidstorage.s3.ap-southeast-1.amazonaws.com/general_image/undefined/1779188753926_stamped_1779188748243.jpg", "Foto Spanduk/Papan Promosi": "https://mapidstorage.s3.ap-southeast-1.amazonaws.com/general_image/undefined/1779188773330_stamped_1779188768567.jpg", "Kontributor": "sherens3", "Latitude": -6.9185045865899326, "Longitude": 107.60428688276784, "Pengecekan": "Diterima", "Catatan Kesalahan": null, "ID Data": "6a0c44279d6213772da4a4bd" }, "geometry": { "type": "Point", "coordinates": [ 107.604286882767838, -6.918504586589933 ] } },
{ "type": "Feature", "properties": { "Kategori Properti": "Ruko", "Jenis Properti": "Disewa", " Tanggal": "2026-05-19", "Alamat": "Jalan Stasiun Barat 26, Bandung Jawa Barat, Kebon Jeruk, Andir, Kota Bandung, Indonesia", "Foto Tampak Depan": "https://mapidstorage.s3.ap-southeast-1.amazonaws.com/general_image/undefined/1779188661451_stamped_1779188655451.jpg", "Foto Spanduk/Papan Promosi": "https://mapidstorage.s3.ap-southeast-1.amazonaws.com/general_image/undefined/1779188690224_stamped_1779188683615.jpg", "Kontributor": "sherens3", "Latitude": -6.9152394865240296, "Longitude": 107.60167278272331, "Pengecekan": "Diterima", "Catatan Kesalahan": null, "ID Data": "6a0c43d6bb12beaf8981fd9e" }, "geometry": { "type": "Point", "coordinates": [ 107.601672782723313, -6.91523948652403 ] } },
{ "type": "Feature", "properties": { "Kategori Properti": "Ruko", "Jenis Properti": "Disewa", " Tanggal": "2026-05-19", "Alamat": "Jalan Geger Kalong Hilir 1, Gegerkalong Sukasari Bandung City West Java, Gegerkalong, Sukajadi, Kota Bandung, Indonesia", "Foto Tampak Depan": "https://mapidstorage.s3.ap-southeast-1.amazonaws.com/general_image/undefined/1779186948920_stamped_1779186944195.jpg", "Foto Spanduk/Papan Promosi": "https://mapidstorage.s3.ap-southeast-1.amazonaws.com/general_image/undefined/1779186959265_stamped_1779186955367.jpg", "Kontributor": "sherens3", "Latitude": -6.8703289865397039, "Longitude": 107.59287048275911, "Pengecekan": "Diterima", "Catatan Kesalahan": null, "ID Data": "6a0c3d19e9fe0309fea3bf84" }, "geometry": { "type": "Point", "coordinates": [ 107.59287048275911, -6.870328986539704 ] } },
{ "type": "Feature", "properties": { "Kategori Properti": "Ruko", "Jenis Properti": "Dijual", " Tanggal": "2026-05-19", "Alamat": "Jalan Geger Kalong Hilir 1, Gegerkalong Sukasari Bandung City West Java, Gegerkalong, Sukajadi, Kota Bandung, Indonesia", "Foto Tampak Depan": "https://mapidstorage.s3.ap-southeast-1.amazonaws.com/general_image/undefined/1779186854838_stamped_1779186843316.jpg", "Foto Spanduk/Papan Promosi": "https://mapidstorage.s3.ap-southeast-1.amazonaws.com/general_image/undefined/1779186880535_stamped_1779186875205.jpg", "Kontributor": "sherens3", "Latitude": -6.8703289865397039, "Longitude": 107.59287048275911, "Pengecekan": "Diterima", "Catatan Kesalahan": null, "ID Data": "6a0c3cc7e9fe0309fea3bf78" }, "geometry": { "type": "Point", "coordinates": [ 107.59287048275911, -6.870328986539704 ] } },
{ "type": "Feature", "properties": { "Kategori Properti": "Rumah", "Jenis Properti": "Dijual", " Tanggal": "2026-05-19", "Alamat": "Jalan Kartika Raya, Gegerkalong Sukasari Bandung City West Java, Gegerkalong, Sukajadi, Kota Bandung, Indonesia", "Foto Tampak Depan": "https://mapidstorage.s3.ap-southeast-1.amazonaws.com/general_image/undefined/1779186241861_stamped_1779186233779.jpg", "Foto Spanduk/Papan Promosi": "https://mapidstorage.s3.ap-southeast-1.amazonaws.com/general_image/undefined/1779186260847_stamped_1779186255837.jpg", "Kontributor": "sherens3", "Latitude": -6.8686095864943297, "Longitude": 107.59031778279217, "Pengecekan": "Diterima", "Catatan Kesalahan": null, "ID Data": "6a0c3a58bb12beaf8981fabc" }, "geometry": { "type": "Point", "coordinates": [ 107.59031778279217, -6.86860958649433 ] } },
{ "type": "Feature", "properties": { "Kategori Properti": "Rumah", "Jenis Properti": "Dijual", " Tanggal": "2026-05-19", "Alamat": "Jalan Pak Gatot I No.16, Gegerkalong Sukasari Bandung City West Java, Gegerkalong, Sukajadi, Kota Bandung, Indonesia", "Foto Tampak Depan": "https://mapidstorage.s3.ap-southeast-1.amazonaws.com/general_image/undefined/1779186104400_stamped_1779186094249.jpg", "Foto Spanduk/Papan Promosi": "https://mapidstorage.s3.ap-southeast-1.amazonaws.com/general_image/undefined/1779186125451_stamped_1779186120743.jpg", "Kontributor": "sherens3", "Latitude": -6.8684061865215682, "Longitude": 107.58872448274218, "Pengecekan": "Diterima", "Catatan Kesalahan": null, "ID Data": "6a0c39d0e9fe0309fea3bda0" }, "geometry": { "type": "Point", "coordinates": [ 107.58872448274218, -6.868406186521568 ] } },
{ "type": "Feature", "properties": { "Kategori Properti": "Rumah", "Jenis Properti": "Dijual", " Tanggal": "2026-05-19", "Alamat": "Jalan Pak Gatot I, Gegerkalong Sukasari Bandung City West Java, Gegerkalong, Sukajadi, Kota Bandung, Indonesia", "Foto Tampak Depan": "https://mapidstorage.s3.ap-southeast-1.amazonaws.com/general_image/undefined/1779185958154_stamped_1779185949738.jpg", "Foto Spanduk/Papan Promosi": "https://mapidstorage.s3.ap-southeast-1.amazonaws.com/general_image/undefined/1779185979398_stamped_1779185969004.jpg", "Kontributor": "sherens3", "Latitude": -6.8682511864759022, "Longitude": 107.58823278277288, "Pengecekan": "Diterima", "Catatan Kesalahan": null, "ID Data": "6a0c393ce9fe0309fea3bd5d" }, "geometry": { "type": "Point", "coordinates": [ 107.588232782772877, -6.868251186475902 ] } },
{ "type": "Feature", "properties": { "Kategori Properti": "Kos", "Jenis Properti": "Disewa", " Tanggal": "2026-05-18", "Alamat": "Jalan Parakan Arum, Batununggal Lestari, Batununggal, Bandung Kidul, Kota Bandung, Indonesia", "Foto Tampak Depan": "https://mapidstorage.s3.ap-southeast-1.amazonaws.com/general_image/egipratama/1779090587807_stamped_1779090584660.jpg", "Foto Spanduk/Papan Promosi": "https://mapidstorage.s3.ap-southeast-1.amazonaws.com/general_image/egipratama/1779090596221_stamped_1779090593229.jpg", "Kontributor": "Egi Pratama", "Latitude": -6.950484374671575, "Longitude": 107.62902574856008, "Pengecekan": "Diterima", "Catatan Kesalahan": null, "ID Data": "6a0ac4a6289a5b470a6d05c1" }, "geometry": { "type": "Point", "coordinates": [ 107.629025748560082, -6.950484374671575 ] } },
{ "type": "Feature", "properties": { "Kategori Properti": "Rumah", "Jenis Properti": "Dijual", " Tanggal": "2026-05-18", "Alamat": "Jalan Cigondewah Kaler, Cigondewah Kaler, Bandung Kulon, Kota Bandung, Indonesia", "Foto Tampak Depan": "https://mapidstorage.s3.ap-southeast-1.amazonaws.com/general_image/undefined/1779066460287_stamped_1779066447124.jpg", "Foto Spanduk/Papan Promosi": "https://mapidstorage.s3.ap-southeast-1.amazonaws.com/general_image/undefined/1779066516801_stamped_1779066509806.jpg", "Kontributor": "dadan", "Latitude": -6.9376788018904136, "Longitude": 107.56628448272232, "Pengecekan": "Diterima", "Catatan Kesalahan": null, "ID Data": "6a0a66a5289a5b470a6ca91f" }, "geometry": { "type": "Point", "coordinates": [ 107.566284482722324, -6.937678801890414 ] } },
{ "type": "Feature", "properties": { "Kategori Properti": "Ruko", "Jenis Properti": "Dijual", " Tanggal": "2026-05-17", "Alamat": "Jalan Raya Cibaduyut 60, Kopo Permai, Cibaduyut Kidul, Bojongloa Kidul, Kota Bandung, Indonesia", "Foto Tampak Depan": "https://mapidstorage.s3.ap-southeast-1.amazonaws.com/general_image/mapid.database/1779159068207_img_%25prop.png", "Foto Spanduk/Papan Promosi": "https://mapidstorage.s3.ap-southeast-1.amazonaws.com/general_image/ekabir/1778994921494_scaled_1000662286.heic", "Kontributor": "ekabir", "Latitude": -6.9617704935956795, "Longitude": 107.59373211976617, "Pengecekan": "Diterima", "Catatan Kesalahan": null, "ID Data": "6a094eebf1bb5ec42e2786dd" }, "geometry": { "type": "Point", "coordinates": [ 107.593732119766173, -6.961770493595679 ] } },
{ "type": "Feature", "properties": { "Kategori Properti": "Ruko", "Jenis Properti": "Dijual", " Tanggal": "2026-05-17", "Alamat": "Jalan Raya Cibaduyut 60, Kopo Permai, Cibaduyut Kidul, Bojongloa Kidul, Kota Bandung, Indonesia", "Foto Tampak Depan": "https://mapidstorage.s3.ap-southeast-1.amazonaws.com/general_image/ekabir/1778994878468_scaled_1000662282.heic", "Foto Spanduk/Papan Promosi": "https://mapidstorage.s3.ap-southeast-1.amazonaws.com/general_image/ekabir/1778994887403_scaled_1000662284.heic", "Kontributor": "ekabir", "Latitude": -6.9617343470312534, "Longitude": 107.59375504759259, "Pengecekan": "Diterima", "Catatan Kesalahan": null, "ID Data": "6a094ecbf1bb5ec42e2786b7" }, "geometry": { "type": "Point", "coordinates": [ 107.593755047592595, -6.961734347031253 ] } },
{ "type": "Feature", "properties": { "Kategori Properti": "Ruko", "Jenis Properti": "Dijual", " Tanggal": "2026-05-17", "Alamat": "Jalan Raya Cibaduyut 60, Cibaduyut Kidul, Bojongloa Kidul, Kota Bandung, Indonesia", "Foto Tampak Depan": "https://mapidstorage.s3.ap-southeast-1.amazonaws.com/general_image/ekabir/1778994842980_scaled_1000662283.heic", "Foto Spanduk/Papan Promosi": "https://mapidstorage.s3.ap-southeast-1.amazonaws.com/general_image/mapid.database/1779159281964_img_%25errr.png", "Kontributor": "ekabir", "Latitude": -6.9616727639422749, "Longitude": 107.59379820629363, "Pengecekan": "Diterima", "Catatan Kesalahan": null, "ID Data": "6a094ea5036707d16b310213" }, "geometry": { "type": "Point", "coordinates": [ 107.593798206293627, -6.961672763942275 ] } },
{ "type": "Feature", "properties": { "Kategori Properti": "Ruko", "Jenis Properti": "Disewa", " Tanggal": "2026-05-17", "Alamat": "Jalan Raya Cibaduyut 60, Cibaduyut, Kebonlega, Bojongloa Kidul, Kota Bandung, Indonesia", "Foto Tampak Depan": "https://mapidstorage.s3.ap-southeast-1.amazonaws.com/general_image/ekabir/1778994311947_scaled_1000662279.jpg", "Foto Spanduk/Papan Promosi": "https://mapidstorage.s3.ap-southeast-1.amazonaws.com/general_image/ekabir/1778994343471_stamped_1778994336862.jpg", "Kontributor": "ekabir", "Latitude": -6.9495914449157539, "Longitude": 107.59398382087687, "Pengecekan": "Diterima", "Catatan Kesalahan": null, "ID Data": "6a094cab036707d16b30fa95" }, "geometry": { "type": "Point", "coordinates": [ 107.593983820876872, -6.949591444915754 ] } },
{ "type": "Feature", "properties": { "Kategori Properti": "Ruko", "Jenis Properti": "Disewa", " Tanggal": "2026-05-17", "Alamat": "Jalan Raya Cibaduyut 60, Cibaduyut, Kebonlega, Bojongloa Kidul, Kota Bandung, Indonesia", "Foto Tampak Depan": "https://mapidstorage.s3.ap-southeast-1.amazonaws.com/general_image/ekabir/1778994144314_scaled_1000662278.heic", "Foto Spanduk/Papan Promosi": "https://mapidstorage.s3.ap-southeast-1.amazonaws.com/general_image/ekabir/1778994153157_scaled_1000662277.heic", "Kontributor": "ekabir", "Latitude": -6.9485950518561594, "Longitude": 107.59434797421312, "Pengecekan": "Diterima", "Catatan Kesalahan": null, "ID Data": "6a094bea289a5b470a6c0ae6" }, "geometry": { "type": "Point", "coordinates": [ 107.594347974213122, -6.948595051856159 ] } },
{ "type": "Feature", "properties": { "Kategori Properti": "Ruko", "Jenis Properti": "Disewa", " Tanggal": "2026-05-17", "Alamat": "Jalan Raya Cibaduyut 60, Cibaduyut, Kebonlega, Bojongloa Kidul, Kota Bandung, Indonesia", "Foto Tampak Depan": "https://mapidstorage.s3.ap-southeast-1.amazonaws.com/general_image/ekabir/1778994103356_scaled_1000662274.heic", "Foto Spanduk/Papan Promosi": "https://mapidstorage.s3.ap-southeast-1.amazonaws.com/general_image/ekabir/1778994115761_scaled_1000662275.heic", "Kontributor": "ekabir", "Latitude": -6.9485555575491418, "Longitude": 107.59438843511612, "Pengecekan": "Diterima", "Catatan Kesalahan": null, "ID Data": "6a094bc8036707d16b30f91e" }, "geometry": { "type": "Point", "coordinates": [ 107.594388435116116, -6.948555557549142 ] } },
{ "type": "Feature", "properties": { "Kategori Properti": "Ruko", "Jenis Properti": "Disewa", " Tanggal": "2026-05-17", "Alamat": "Jalan Raya Cibaduyut 60, Situsaeur, Kebonlega, Bojongloa Kidul, Kota Bandung, Indonesia", "Foto Tampak Depan": "https://mapidstorage.s3.ap-southeast-1.amazonaws.com/general_image/ekabir/1778993952926_scaled_1000662271.heic", "Foto Spanduk/Papan Promosi": "https://mapidstorage.s3.ap-southeast-1.amazonaws.com/general_image/ekabir/1778993962709_scaled_1000662273.heic", "Kontributor": "ekabir", "Latitude": -6.9481514607407036, "Longitude": 107.59473650127393, "Pengecekan": "Diterima", "Catatan Kesalahan": null, "ID Data": "6a094b2c036707d16b30f806" }, "geometry": { "type": "Point", "coordinates": [ 107.594736501273928, -6.948151460740704 ] } },
{ "type": "Feature", "properties": { "Kategori Properti": "Ruko", "Jenis Properti": "Disewa", " Tanggal": "2026-05-17", "Alamat": "Jalan Raya Cibaduyut 60, Situsaeur, Kebonlega, Bojongloa Kidul, Kota Bandung, Indonesia", "Foto Tampak Depan": "https://mapidstorage.s3.ap-southeast-1.amazonaws.com/general_image/ekabir/1778993914374_scaled_1000662269.heic", "Foto Spanduk/Papan Promosi": "https://mapidstorage.s3.ap-southeast-1.amazonaws.com/general_image/ekabir/1778993926440_scaled_1000662268.heic", "Kontributor": "ekabir", "Latitude": -6.9481474448514149, "Longitude": 107.59478910003952, "Pengecekan": "Diterima", "Catatan Kesalahan": null, "ID Data": "6a094b0af1bb5ec42e277b70" }, "geometry": { "type": "Point", "coordinates": [ 107.59478910003952, -6.948147444851415 ] } },
{ "type": "Feature", "properties": { "Kategori Properti": "Rumah", "Jenis Properti": "Dijual", " Tanggal": "2026-05-17", "Alamat": "Jalan Leuwi Panjang, Situsaeur, Kebonlega, Bojongloa Kidul, Kota Bandung, Indonesia", "Foto Tampak Depan": "https://mapidstorage.s3.ap-southeast-1.amazonaws.com/general_image/ekabir/1778993731264_scaled_1000662265.heic", "Foto Spanduk/Papan Promosi": "https://mapidstorage.s3.ap-southeast-1.amazonaws.com/general_image/ekabir/1778993763433_scaled_1000662265.heic", "Kontributor": "ekabir", "Latitude": -6.947006344828111, "Longitude": 107.59527860000287, "Pengecekan": "Diterima", "Catatan Kesalahan": null, "ID Data": "6a094a70f1bb5ec42e277ae1" }, "geometry": { "type": "Point", "coordinates": [ 107.595278600002871, -6.947006344828111 ] } },
{ "type": "Feature", "properties": { "Kategori Properti": "Ruko", "Jenis Properti": "Dijual", " Tanggal": "2026-05-17", "Alamat": "Jalan Leuwi Panjang, Situsaeur, Kebonlega, Bojongloa Kidul, Kota Bandung, Indonesia", "Foto Tampak Depan": "https://mapidstorage.s3.ap-southeast-1.amazonaws.com/general_image/ekabir/1778993222034_stamped_1778993212444.jpg", "Foto Spanduk/Papan Promosi": "https://mapidstorage.s3.ap-southeast-1.amazonaws.com/general_image/ekabir/1778993245823_stamped_1778993238181.jpg", "Kontributor": "ekabir", "Latitude": -6.9417822354373584, "Longitude": 107.59632836212967, "Pengecekan": "Diterima", "Catatan Kesalahan": null, "ID Data": "6a094863289a5b470a6c0707" }, "geometry": { "type": "Point", "coordinates": [ 107.596328362129668, -6.941782235437358 ] } },
{ "type": "Feature", "properties": { "Kategori Properti": "Rumah", "Jenis Properti": "Dijual", " Tanggal": "2026-05-17", "Alamat": "Jalan Leuwi Panjang, Situsaeur, Kebonlega, Bojongloa Kidul, Kota Bandung, Indonesia", "Foto Tampak Depan": "https://mapidstorage.s3.ap-southeast-1.amazonaws.com/general_image/ekabir/1778993157756_scaled_1000662249.heic", "Foto Spanduk/Papan Promosi": "https://mapidstorage.s3.ap-southeast-1.amazonaws.com/general_image/ekabir/1778993166397_scaled_1000662251.heic", "Kontributor": "ekabir", "Latitude": -6.9416791469666776, "Longitude": 107.59635438761001, "Pengecekan": "Diterima", "Catatan Kesalahan": null, "ID Data": "6a094814289a5b470a6c065f" }, "geometry": { "type": "Point", "coordinates": [ 107.596354387610006, -6.941679146966678 ] } },
{ "type": "Feature", "properties": { "Kategori Properti": "Rumah", "Jenis Properti": "Dijual", " Tanggal": "2026-05-17", "Alamat": "Jalan Leuwi Panjang, Situsaeur, Kebonlega, Bojongloa Kidul, Kota Bandung, Indonesia", "Foto Tampak Depan": "https://mapidstorage.s3.ap-southeast-1.amazonaws.com/general_image/ekabir/1778993114586_scaled_1000662248.heic", "Foto Spanduk/Papan Promosi": "https://mapidstorage.s3.ap-southeast-1.amazonaws.com/general_image/ekabir/1778993127120_scaled_1000662250.heic", "Kontributor": "ekabir", "Latitude": -6.9416496929714384, "Longitude": 107.59638675622728, "Pengecekan": "Diterima", "Catatan Kesalahan": null, "ID Data": "6a0947f3f1bb5ec42e2778a3" }, "geometry": { "type": "Point", "coordinates": [ 107.596386756227275, -6.941649692971438 ] } },
{ "type": "Feature", "properties": { "Kategori Properti": "Ruko", "Jenis Properti": "Dijual", " Tanggal": "2026-05-17", "Alamat": "Jalan Leuwi Panjang, Situsaeur, Situ Saeur, Bojongloa Kidul, Kota Bandung, Indonesia", "Foto Tampak Depan": "https://mapidstorage.s3.ap-southeast-1.amazonaws.com/general_image/mapid.database/1779159381520_img_%25wtrr.png", "Foto Spanduk/Papan Promosi": "https://mapidstorage.s3.ap-southeast-1.amazonaws.com/general_image/ekabir/1778992881229_scaled_1000662246.heic", "Kontributor": "ekabir", "Latitude": -6.9397519122805562, "Longitude": 107.59657223657979, "Pengecekan": "Diterima", "Catatan Kesalahan": null, "ID Data": "6a0946f7289a5b470a6c0535" }, "geometry": { "type": "Point", "coordinates": [ 107.596572236579789, -6.939751912280556 ] } },
{ "type": "Feature", "properties": { "Kategori Properti": "Ruko", "Jenis Properti": "Dijual", " Tanggal": "2026-05-17", "Alamat": "Jalan Kyai Haji Wahid Hasyim", "Foto Tampak Depan": "https://mapidstorage.s3.ap-southeast-1.amazonaws.com/general_image/ekabir/1778992578888_stamped_1778992571448.jpg", "Foto Spanduk/Papan Promosi": "https://mapidstorage.s3.ap-southeast-1.amazonaws.com/general_image/ekabir/1778992601765_stamped_1778992595760.jpg", "Kontributor": "ekabir", "Latitude": -6.935401944781205, "Longitude": 107.59580560004133, "Pengecekan": "Diterima", "Catatan Kesalahan": null, "ID Data": "6a0945de289a5b470a6c047d" }, "geometry": { "type": "Point", "coordinates": [ 107.595805600041331, -6.935401944781205 ] } },
{ "type": "Feature", "properties": { "Kategori Properti": "Ruko", "Jenis Properti": "Dijual", " Tanggal": "2026-05-17", "Alamat": "4114, Indonesia", "Foto Tampak Depan": "https://mapidstorage.s3.ap-southeast-1.amazonaws.com/general_image/ekabir/1778992489120_scaled_1000662243.heic", "Foto Spanduk/Papan Promosi": "https://mapidstorage.s3.ap-southeast-1.amazonaws.com/general_image/ekabir/1778992502775_scaled_1000662243.heic", "Kontributor": "ekabir", "Latitude": -6.9348322261752031, "Longitude": 107.5958434994937, "Pengecekan": "Diterima", "Catatan Kesalahan": null, "ID Data": "6a09458a036707d16b30f261" }, "geometry": { "type": "Point", "coordinates": [ 107.595843499493697, -6.934832226175203 ] } },
{ "type": "Feature", "properties": { "Kategori Properti": "Rumah", "Jenis Properti": "Dijual", " Tanggal": "2026-05-17", "Alamat": "4114, Indonesia", "Foto Tampak Depan": "https://mapidstorage.s3.ap-southeast-1.amazonaws.com/general_image/mapid.database/1779160797201_img_%25rrrr4yu.png", "Foto Spanduk/Papan Promosi": "https://mapidstorage.s3.ap-southeast-1.amazonaws.com/general_image/mapid.database/1779160801147_img_%25rrrr4yu.png", "Kontributor": "ekabir", "Latitude": -6.9348496389753649, "Longitude": 107.59583675618819, "Pengecekan": "Diterima", "Catatan Kesalahan": null, "ID Data": "6a094556f1bb5ec42e277588" }, "geometry": { "type": "Point", "coordinates": [ 107.595836756188191, -6.934849638975365 ] } },
{ "type": "Feature", "properties": { "Kategori Properti": "Ruko", "Jenis Properti": "Dijual", " Tanggal": "2026-05-17", "Alamat": "4114, Indonesia", "Foto Tampak Depan": "https://mapidstorage.s3.ap-southeast-1.amazonaws.com/general_image/ekabir/1778992251434_stamped_1778992244335.jpg", "Foto Spanduk/Papan Promosi": "https://mapidstorage.s3.ap-southeast-1.amazonaws.com/general_image/ekabir/1778992272170_stamped_1778992265183.jpg", "Kontributor": "ekabir", "Latitude": -6.9332815731684576, "Longitude": 107.59629262618876, "Pengecekan": "Diterima", "Catatan Kesalahan": null, "ID Data": "6a094495f1bb5ec42e27756a" }, "geometry": { "type": "Point", "coordinates": [ 107.596292626188756, -6.933281573168458 ] } },
{ "type": "Feature", "properties": { "Kategori Properti": "Ruko", "Jenis Properti": "Disewa", " Tanggal": "2026-05-17", "Alamat": "4114, Indonesia", "Foto Tampak Depan": "https://mapidstorage.s3.ap-southeast-1.amazonaws.com/general_image/ekabir/1778992177219_stamped_1778992169631.jpg", "Foto Spanduk/Papan Promosi": "https://mapidstorage.s3.ap-southeast-1.amazonaws.com/general_image/ekabir/1778992201164_stamped_1778992187130.jpg", "Kontributor": "ekabir", "Latitude": -6.9332592448126462, "Longitude": 107.59636089998685, "Pengecekan": "Diterima", "Catatan Kesalahan": null, "ID Data": "6a09444c036707d16b30f1af" }, "geometry": { "type": "Point", "coordinates": [ 107.596360899986848, -6.933259244812646 ] } },
{ "type": "Feature", "properties": { "Kategori Properti": "Ruko", "Jenis Properti": "Disewa", " Tanggal": "2026-05-17", "Alamat": "4114, Indonesia", "Foto Tampak Depan": "https://mapidstorage.s3.ap-southeast-1.amazonaws.com/general_image/ekabir/1778991930653_stamped_1778991921582.jpg", "Foto Spanduk/Papan Promosi": "https://mapidstorage.s3.ap-southeast-1.amazonaws.com/general_image/ekabir/1778991953256_stamped_1778991945078.jpg", "Kontributor": "ekabir", "Latitude": -6.9320923448070175, "Longitude": 107.59662630003885, "Pengecekan": "Diterima", "Catatan Kesalahan": null, "ID Data": "6a094356289a5b470a6c032a" }, "geometry": { "type": "Point", "coordinates": [ 107.596626300038849, -6.932092344807018 ] } },
{ "type": "Feature", "properties": { "Kategori Properti": "Ruko", "Jenis Properti": "Disewa", " Tanggal": "2026-05-17", "Alamat": "4114, Indonesia", "Foto Tampak Depan": "https://mapidstorage.s3.ap-southeast-1.amazonaws.com/general_image/ekabir/1778991785265_stamped_1778991776669.jpg", "Foto Spanduk/Papan Promosi": "https://mapidstorage.s3.ap-southeast-1.amazonaws.com/general_image/ekabir/1778991801174_stamped_1778991793350.jpg", "Kontributor": "ekabir", "Latitude": -6.931535540253293, "Longitude": 107.5968117196719, "Pengecekan": "Diterima", "Catatan Kesalahan": null, "ID Data": "6a0942bd036707d16b30f135" }, "geometry": { "type": "Point", "coordinates": [ 107.596811719671905, -6.931535540253293 ] } },
{ "type": "Feature", "properties": { "Kategori Properti": "Ruko", "Jenis Properti": "Dijual", " Tanggal": "2026-05-17", "Alamat": "4114, Indonesia", "Foto Tampak Depan": "https://mapidstorage.s3.ap-southeast-1.amazonaws.com/general_image/ekabir/1778991716772_stamped_1778991709443.jpg", "Foto Spanduk/Papan Promosi": "https://mapidstorage.s3.ap-southeast-1.amazonaws.com/general_image/ekabir/1778991738595_stamped_1778991730574.jpg", "Kontributor": "ekabir", "Latitude": -6.9314217387134534, "Longitude": 107.59682790347659, "Pengecekan": "Diterima", "Catatan Kesalahan": null, "ID Data": "6a09427e036707d16b30f124" }, "geometry": { "type": "Point", "coordinates": [ 107.596827903476594, -6.931421738713453 ] } },
{ "type": "Feature", "properties": { "Kategori Properti": "Ruko", "Jenis Properti": "Dijual", " Tanggal": "2026-05-17", "Alamat": "4114, Indonesia", "Foto Tampak Depan": "https://mapidstorage.s3.ap-southeast-1.amazonaws.com/general_image/ekabir/1778991652545_stamped_1778991644168.jpg", "Foto Spanduk/Papan Promosi": "https://mapidstorage.s3.ap-southeast-1.amazonaws.com/general_image/ekabir/1778991671697_stamped_1778991661857.jpg", "Kontributor": "ekabir", "Latitude": -6.9314150447719953, "Longitude": 107.59693580000919, "Pengecekan": "Diterima", "Catatan Kesalahan": null, "ID Data": "6a09423ef1bb5ec42e27748b" }, "geometry": { "type": "Point", "coordinates": [ 107.596935800009192, -6.931415044771995 ] } },
{ "type": "Feature", "properties": { "Kategori Properti": "Rumah", "Jenis Properti": "Dijual", " Tanggal": "2026-05-17", "Alamat": "Gang Nyengseret, Panjunan, Astanaanyar, Kota Bandung, Indonesia", "Foto Tampak Depan": "https://mapidstorage.s3.ap-southeast-1.amazonaws.com/general_image/ekabir/1778991473638_stamped_1778991462847.jpg", "Foto Spanduk/Papan Promosi": "https://mapidstorage.s3.ap-southeast-1.amazonaws.com/general_image/ekabir/1778991488804_stamped_1778991481085.jpg", "Kontributor": "ekabir", "Latitude": -6.9296517447342296, "Longitude": 107.5969525000051, "Pengecekan": "Diterima", "Catatan Kesalahan": null, "ID Data": "6a094185036707d16b30f109" }, "geometry": { "type": "Point", "coordinates": [ 107.596952500005102, -6.92965174473423 ] } },
{ "type": "Feature", "properties": { "Kategori Properti": "Rumah", "Jenis Properti": "Dijual", " Tanggal": "2026-05-17", "Alamat": "Jalan Haji Toper, Panjunan, Astanaanyar, Kota Bandung, Indonesia", "Foto Tampak Depan": "https://mapidstorage.s3.ap-southeast-1.amazonaws.com/general_image/ekabir/1778991364621_stamped_1778991356922.jpg", "Foto Spanduk/Papan Promosi": "https://mapidstorage.s3.ap-southeast-1.amazonaws.com/general_image/ekabir/1778991385211_stamped_1778991378521.jpg", "Kontributor": "ekabir", "Latitude": -6.9286217447746168, "Longitude": 107.59682960003011, "Pengecekan": "Diterima", "Catatan Kesalahan": null, "ID Data": "6a09411d036707d16b30f0fb" }, "geometry": { "type": "Point", "coordinates": [ 107.596829600030105, -6.928621744774617 ] } },
{ "type": "Feature", "properties": { "Kategori Properti": "Rumah", "Jenis Properti": "Dijual", " Tanggal": "2026-05-17", "Alamat": "Jalan Pabaki, Panjunan, Astanaanyar, Kota Bandung, Indonesia", "Foto Tampak Depan": "https://mapidstorage.s3.ap-southeast-1.amazonaws.com/general_image/ekabir/1778991084194_stamped_1778991075107.jpg", "Foto Spanduk/Papan Promosi": "https://mapidstorage.s3.ap-southeast-1.amazonaws.com/general_image/ekabir/1778991103767_stamped_1778991094361.jpg", "Kontributor": "ekabir", "Latitude": -6.927363144800367, "Longitude": 107.5961555999877, "Pengecekan": "Diterima", "Catatan Kesalahan": null, "ID Data": "6a094005036707d16b30f0de" }, "geometry": { "type": "Point", "coordinates": [ 107.596155599987696, -6.927363144800367 ] } },
{ "type": "Feature", "properties": { "Kategori Properti": "Ruko", "Jenis Properti": "Disewa", " Tanggal": "2026-05-17", "Alamat": "4149, Indonesia", "Foto Tampak Depan": "https://mapidstorage.s3.ap-southeast-1.amazonaws.com/general_image/ekabir/1778990279483_scaled_1000662216.heic", "Foto Spanduk/Papan Promosi": "https://mapidstorage.s3.ap-southeast-1.amazonaws.com/general_image/ekabir/1778990297873_scaled_1000662216.heic", "Kontributor": "ekabir", "Latitude": -6.9259191173890713, "Longitude": 107.59047521180861, "Pengecekan": "Diterima", "Catatan Kesalahan": null, "ID Data": "6a093ce6f1bb5ec42e2773e8" }, "geometry": { "type": "Point", "coordinates": [ 107.590475211808609, -6.925919117389071 ] } },
{ "type": "Feature", "properties": { "Kategori Properti": "Ruko", "Jenis Properti": "Disewa", " Tanggal": "2026-05-17", "Alamat": "4149, Indonesia", "Foto Tampak Depan": "https://mapidstorage.s3.ap-southeast-1.amazonaws.com/general_image/ekabir/1778990183185_stamped_1778990174503.jpg", "Foto Spanduk/Papan Promosi": "https://mapidstorage.s3.ap-southeast-1.amazonaws.com/general_image/ekabir/1778990208104_stamped_1778990200858.jpg", "Kontributor": "ekabir", "Latitude": -6.9258367447665989, "Longitude": 107.5904554000179, "Pengecekan": "Diterima", "Catatan Kesalahan": null, "ID Data": "6a093c85036707d16b30f065" }, "geometry": { "type": "Point", "coordinates": [ 107.590455400017902, -6.925836744766599 ] } },
{ "type": "Feature", "properties": { "Kategori Properti": "Rumah", "Jenis Properti": "Dijual", " Tanggal": "2026-05-17", "Alamat": "Jalan Pagarsih Barat, Sukahaji, Babakan Ciparay, Kota Bandung, Indonesia", "Foto Tampak Depan": "https://mapidstorage.s3.ap-southeast-1.amazonaws.com/general_image/ekabir/1778989785646_stamped_1778989777089.jpg", "Foto Spanduk/Papan Promosi": "https://mapidstorage.s3.ap-southeast-1.amazonaws.com/general_image/ekabir/1778989812089_stamped_1778989804242.jpg", "Kontributor": "ekabir", "Latitude": -6.921910226432658, "Longitude": 107.58390741091347, "Pengecekan": "Diterima", "Catatan Kesalahan": null, "ID Data": "6a093af8f1bb5ec42e2773b3" }, "geometry": { "type": "Point", "coordinates": [ 107.583907410913469, -6.921910226432658 ] } },
{ "type": "Feature", "properties": { "Kategori Properti": "Ruko", "Jenis Properti": "Dijual", " Tanggal": "2026-05-16", "Alamat": "Gang sereh 83/9b, Bandung Jawa Barat, Cibadak, Astanaanyar, Kota Bandung, Indonesia", "Foto Tampak Depan": "https://mapidstorage.s3.ap-southeast-1.amazonaws.com/general_image/undefined/1778904026344_stamped_1778904021815.jpg", "Foto Spanduk/Papan Promosi": "https://mapidstorage.s3.ap-southeast-1.amazonaws.com/general_image/undefined/1778904041172_stamped_1778904034712.jpg", "Kontributor": "sherens3", "Latitude": -6.9227094865698149, "Longitude": 107.59847118270989, "Pengecekan": "Diterima", "Catatan Kesalahan": null, "ID Data": "6a07ebff289a5b470a6bd00e" }, "geometry": { "type": "Point", "coordinates": [ 107.598471182709886, -6.922709486569815 ] } },
{ "type": "Feature", "properties": { "Kategori Properti": "Ruko", "Jenis Properti": "Dijual", " Tanggal": "2026-05-16", "Alamat": "Jalan Pagarsih Barat no 7a, Bandung Jawa Barat, Cibadak, Astanaanyar, Kota Bandung, Indonesia", "Foto Tampak Depan": "https://mapidstorage.s3.ap-southeast-1.amazonaws.com/general_image/undefined/1778903826231_stamped_1778903822094.jpg", "Foto Spanduk/Papan Promosi": "https://mapidstorage.s3.ap-southeast-1.amazonaws.com/general_image/undefined/1778903842687_stamped_1778903837397.jpg", "Kontributor": "sherens3", "Latitude": -6.9231811865530659, "Longitude": 107.59786118272172, "Pengecekan": "Diterima", "Catatan Kesalahan": null, "ID Data": "6a07eb25f1bb5ec42e274269" }, "geometry": { "type": "Point", "coordinates": [ 107.597861182721715, -6.923181186553066 ] } },
{ "type": "Feature", "properties": { "Kategori Properti": "Ruko", "Jenis Properti": "Disewa", " Tanggal": "2026-05-16", "Alamat": "Jalan Pagarsih Barat, Bandung Jawa Barat, Cibadak, Astanaanyar, Kota Bandung, Indonesia", "Foto Tampak Depan": "https://mapidstorage.s3.ap-southeast-1.amazonaws.com/general_image/undefined/1778903746009_stamped_1778903737792.jpg", "Foto Spanduk/Papan Promosi": "https://mapidstorage.s3.ap-southeast-1.amazonaws.com/general_image/undefined/1778903758889_stamped_1778903752866.jpg", "Kontributor": "sherens3", "Latitude": -6.9231014865763285, "Longitude": 107.59743238275331, "Pengecekan": "Diterima", "Catatan Kesalahan": null, "ID Data": "6a07ead3f1bb5ec42e274265" }, "geometry": { "type": "Point", "coordinates": [ 107.597432382753311, -6.923101486576329 ] } },
{ "type": "Feature", "properties": { "Kategori Properti": "Rumah", "Jenis Properti": "Dijual", " Tanggal": "2026-05-16", "Alamat": "Gang Onong, Bandung Jawa Barat, Cibadak, Astanaanyar, Kota Bandung, Indonesia", "Foto Tampak Depan": "https://mapidstorage.s3.ap-southeast-1.amazonaws.com/general_image/undefined/1778903392399_stamped_1778903387977.jpg", "Foto Spanduk/Papan Promosi": "https://mapidstorage.s3.ap-southeast-1.amazonaws.com/general_image/undefined/1778903412962_stamped_1778903406889.jpg", "Kontributor": "sherens3", "Latitude": -6.9241911865563708, "Longitude": 107.59408948264559, "Pengecekan": "Diterima", "Catatan Kesalahan": null, "ID Data": "6a07e977806098e1691953e1" }, "geometry": { "type": "Point", "coordinates": [ 107.594089482645586, -6.924191186556371 ] } },
{ "type": "Feature", "properties": { "Kategori Properti": "Rumah", "Jenis Properti": "Dijual", " Tanggal": "2026-05-16", "Alamat": "Gang Onong, Bandung Jawa Barat, Cibadak, Astanaanyar, Kota Bandung, Indonesia", "Foto Tampak Depan": "https://mapidstorage.s3.ap-southeast-1.amazonaws.com/general_image/undefined/1778903288467_stamped_1778903284224.jpg", "Foto Spanduk/Papan Promosi": "https://mapidstorage.s3.ap-southeast-1.amazonaws.com/general_image/undefined/1778903307674_stamped_1778903302474.jpg", "Kontributor": "sherens3", "Latitude": -6.9234165865953656, "Longitude": 107.59394538276285, "Pengecekan": "Diterima", "Catatan Kesalahan": null, "ID Data": "6a07e90ef1bb5ec42e274235" }, "geometry": { "type": "Point", "coordinates": [ 107.593945382762854, -6.923416586595366 ] } },
{ "type": "Feature", "properties": { "Kategori Properti": "Rumah", "Jenis Properti": "Dijual", " Tanggal": "2026-05-16", "Alamat": "Gang Wireja no 89, Bandung Jawa Barat, Karanganyar, Astanaanyar, Kota Bandung, Indonesia", "Foto Tampak Depan": "https://mapidstorage.s3.ap-southeast-1.amazonaws.com/general_image/undefined/1778903057892_stamped_1778903050529.jpg", "Foto Spanduk/Papan Promosi": "https://mapidstorage.s3.ap-southeast-1.amazonaws.com/general_image/undefined/1778903070058_stamped_1778903064707.jpg", "Kontributor": "sherens3", "Latitude": -6.9233510865744989, "Longitude": 107.5992803827416, "Pengecekan": "Diterima", "Catatan Kesalahan": null, "ID Data": "6a07e81f289a5b470a6bcfb5" }, "geometry": { "type": "Point", "coordinates": [ 107.599280382741597, -6.923351086574499 ] } },
{ "type": "Feature", "properties": { "Kategori Properti": "Ruko", "Jenis Properti": "Disewa", " Tanggal": "2026-05-16", "Alamat": "Jalan Pajagalan, Karanganyar, Astanaanyar, Kota Bandung, Indonesia", "Foto Tampak Depan": "https://mapidstorage.s3.ap-southeast-1.amazonaws.com/general_image/undefined/1778902761197_stamped_1778902756173.jpg", "Foto Spanduk/Papan Promosi": "https://mapidstorage.s3.ap-southeast-1.amazonaws.com/general_image/undefined/1778902779282_stamped_1778902774595.jpg", "Kontributor": "sherens3", "Latitude": -6.9268027865456219, "Longitude": 107.60058948275571, "Pengecekan": "Diterima", "Catatan Kesalahan": null, "ID Data": "6a07e6fdf1bb5ec42e27421f" }, "geometry": { "type": "Point", "coordinates": [ 107.600589482755709, -6.926802786545622 ] } },
{ "type": "Feature", "properties": { "Kategori Properti": "Ruko", "Jenis Properti": "Dijual", " Tanggal": "2026-05-16", "Alamat": "Jl. Pajagalan no 55, 3494, Indonesia", "Foto Tampak Depan": "https://mapidstorage.s3.ap-southeast-1.amazonaws.com/general_image/undefined/1778902694807_stamped_1778902689515.jpg", "Foto Spanduk/Papan Promosi": "https://mapidstorage.s3.ap-southeast-1.amazonaws.com/general_image/undefined/1778902706192_stamped_1778902700946.jpg", "Kontributor": "sherens3", "Latitude": -6.9268811864972974, "Longitude": 107.60038388228162, "Pengecekan": "Diterima", "Catatan Kesalahan": null, "ID Data": "6a07e6b4289a5b470a6bcf9d" }, "geometry": { "type": "Point", "coordinates": [ 107.600383882281619, -6.926881186497297 ] } },
{ "type": "Feature", "properties": { "Kategori Properti": "Ruko", "Jenis Properti": "Dijual", " Tanggal": "2026-05-16", "Alamat": "Jl. Pajagalan no 57, 3494, Indonesia", "Foto Tampak Depan": "https://mapidstorage.s3.ap-southeast-1.amazonaws.com/general_image/undefined/1778902581157_stamped_1778902573228.jpg", "Foto Spanduk/Papan Promosi": "https://mapidstorage.s3.ap-southeast-1.amazonaws.com/general_image/undefined/1778902597332_stamped_1778902590763.jpg", "Kontributor": "sherens3", "Latitude": -6.9268811864972974, "Longitude": 107.60038388228162, "Pengecekan": "Diterima", "Catatan Kesalahan": null, "ID Data": "6a07e65ef1bb5ec42e27420f" }, "geometry": { "type": "Point", "coordinates": [ 107.600383882281619, -6.926881186497297 ] } },
{ "type": "Feature", "properties": { "Kategori Properti": "Ruko", "Jenis Properti": "Disewa", " Tanggal": "2026-05-16", "Alamat": "3494, Indonesia", "Foto Tampak Depan": "https://mapidstorage.s3.ap-southeast-1.amazonaws.com/general_image/undefined/1778902516428_stamped_1778902511373.jpg", "Foto Spanduk/Papan Promosi": "https://mapidstorage.s3.ap-southeast-1.amazonaws.com/general_image/undefined/1778902528219_stamped_1778902522687.jpg", "Kontributor": "sherens3", "Latitude": -6.9268811864972974, "Longitude": 107.60038388228162, "Pengecekan": "Diterima", "Catatan Kesalahan": null, "ID Data": "6a07e601289a5b470a6bcf9b" }, "geometry": { "type": "Point", "coordinates": [ 107.600383882281619, -6.926881186497297 ] } },
{ "type": "Feature", "properties": { "Kategori Properti": "Ruko", "Jenis Properti": "Dijual", " Tanggal": "2026-05-16", "Alamat": "Jl.pajagapan no 61, 3494, Indonesia", "Foto Tampak Depan": "https://mapidstorage.s3.ap-southeast-1.amazonaws.com/general_image/undefined/1778902446521_stamped_1778902442020.jpg", "Foto Spanduk/Papan Promosi": "https://mapidstorage.s3.ap-southeast-1.amazonaws.com/general_image/undefined/1778902461979_stamped_1778902456347.jpg", "Kontributor": "sherens3", "Latitude": -6.9268811865865416, "Longitude": 107.60038388276394, "Pengecekan": "Diterima", "Catatan Kesalahan": null, "ID Data": "6a07e5bef1bb5ec42e27420d" }, "geometry": { "type": "Point", "coordinates": [ 107.600383882763936, -6.926881186586542 ] } },
{ "type": "Feature", "properties": { "Kategori Properti": "Ruko", "Jenis Properti": "Disewa", " Tanggal": "2026-05-16", "Alamat": "Jalan Astana Anyar 29, Bandung Jawa Barat, Cibadak, Astanaanyar, Kota Bandung, Indonesia", "Foto Tampak Depan": "https://mapidstorage.s3.ap-southeast-1.amazonaws.com/general_image/undefined/1778902289302_stamped_1778902285229.jpg", "Foto Spanduk/Papan Promosi": "https://mapidstorage.s3.ap-southeast-1.amazonaws.com/general_image/undefined/1778902301172_stamped_1778902297040.jpg", "Kontributor": "sherens3", "Latitude": -6.9240729569979749, "Longitude": 107.59884106700667, "Pengecekan": "Diterima", "Catatan Kesalahan": null, "ID Data": "6a07e520806098e1691953b6" }, "geometry": { "type": "Point", "coordinates": [ 107.598841067006674, -6.924072956997975 ] } },
{ "type": "Feature", "properties": { "Kategori Properti": "Ruko", "Jenis Properti": "Dijual", " Tanggal": "2026-05-16", "Alamat": "Jalan Kebon Jati 152, Bandung Jawa Barat, Ciroyom, Andir, Kota Bandung, Indonesia", "Foto Tampak Depan": "https://mapidstorage.s3.ap-southeast-1.amazonaws.com/general_image/undefined/1778902184830_stamped_1778902178526.jpg", "Foto Spanduk/Papan Promosi": "https://mapidstorage.s3.ap-southeast-1.amazonaws.com/general_image/undefined/1778902208875_stamped_1778902204210.jpg", "Kontributor": "sherens3", "Latitude": -6.9158686865435186, "Longitude": 107.59599718270954, "Pengecekan": "Diterima", "Catatan Kesalahan": null, "ID Data": "6a07e4c5289a5b470a6bcf8f" }, "geometry": { "type": "Point", "coordinates": [ 107.595997182709539, -6.915868686543519 ] } },
{ "type": "Feature", "properties": { "Kategori Properti": "Ruko", "Jenis Properti": "Disewa", " Tanggal": "2026-05-15", "Alamat": "Jl. Pelajar Pejuang 45 70, Turangga, Lengkong, Kota Bandung, Indonesia", "Foto Tampak Depan": "https://mapidstorage.s3.ap-southeast-1.amazonaws.com/general_image/muhammad.alhadiansyah/1778846549082_stamped_1778846546791.jpg", "Foto Spanduk/Papan Promosi": "https://mapidstorage.s3.ap-southeast-1.amazonaws.com/general_image/muhammad.alhadiansyah/1778846560639_stamped_1778846556547.jpg", "Kontributor": "Muhammad Alhadiansyah", "Latitude": -6.9329576427347916, "Longitude": 107.62532726872502, "Pengecekan": "Diterima", "Catatan Kesalahan": null, "ID Data": "6a070c10f1bb5ec42e2733e9" }, "geometry": { "type": "Point", "coordinates": [ 107.625327268725016, -6.932957642734792 ] } },
{ "type": "Feature", "properties": { "Kategori Properti": "Tanah", "Jenis Properti": "Dijual", " Tanggal": "2026-05-15", "Alamat": "4024, Indonesia", "Foto Tampak Depan": "https://mapidstorage.s3.ap-southeast-1.amazonaws.com/general_image/undefined/1778812052150_stamped_1778812046991.jpg", "Foto Spanduk/Papan Promosi": "https://mapidstorage.s3.ap-southeast-1.amazonaws.com/general_image/undefined/1778812071967_stamped_1778812062619.jpg", "Kontributor": "sherens3", "Latitude": -6.9212867866006604, "Longitude": 107.59831378270405, "Pengecekan": "Diterima", "Catatan Kesalahan": null, "ID Data": "6a0684acf1bb5ec42e27119e" }, "geometry": { "type": "Point", "coordinates": [ 107.598313782704054, -6.92128678660066 ] } },
{ "type": "Feature", "properties": { "Kategori Properti": "Ruko", "Jenis Properti": "Dijual", " Tanggal": "2026-05-15", "Alamat": "Jl. Cibadal no 170, 4024, Indonesia", "Foto Tampak Depan": "https://mapidstorage.s3.ap-southeast-1.amazonaws.com/general_image/undefined/1778811983491_stamped_1778811978262.jpg", "Foto Spanduk/Papan Promosi": "https://mapidstorage.s3.ap-southeast-1.amazonaws.com/general_image/undefined/1778811998003_stamped_1778811991362.jpg", "Kontributor": "sherens3", "Latitude": -6.9212867866006604, "Longitude": 107.59831378270405, "Pengecekan": "Diterima", "Catatan Kesalahan": null, "ID Data": "6a068460289a5b470a6b9fde" }, "geometry": { "type": "Point", "coordinates": [ 107.598313782704054, -6.92128678660066 ] } },
{ "type": "Feature", "properties": { "Kategori Properti": "Ruko", "Jenis Properti": "Dijual", " Tanggal": "2026-05-15", "Alamat": "Jl. Cibadak no 169, 4024, Indonesia", "Foto Tampak Depan": "https://mapidstorage.s3.ap-southeast-1.amazonaws.com/general_image/undefined/1778811925358_stamped_1778811920030.jpg", "Foto Spanduk/Papan Promosi": "https://mapidstorage.s3.ap-southeast-1.amazonaws.com/general_image/undefined/1778811942071_stamped_1778811934437.jpg", "Kontributor": "sherens3", "Latitude": -6.9212867866006604, "Longitude": 107.59831378270405, "Pengecekan": "Diterima", "Catatan Kesalahan": null, "ID Data": "6a068429f1bb5ec42e27119a" }, "geometry": { "type": "Point", "coordinates": [ 107.598313782704054, -6.92128678660066 ] } },
{ "type": "Feature", "properties": { "Kategori Properti": "Ruko", "Jenis Properti": "Dijual", " Tanggal": "2026-05-15", "Alamat": " Jl. Cibadak no 128, 4024, Indonesia", "Foto Tampak Depan": "https://mapidstorage.s3.ap-southeast-1.amazonaws.com/general_image/undefined/1778811616105_stamped_1778811611749.jpg", "Foto Spanduk/Papan Promosi": "https://mapidstorage.s3.ap-southeast-1.amazonaws.com/general_image/undefined/1778811628212_stamped_1778811622676.jpg", "Kontributor": "sherens3", "Latitude": -6.9217118865713161, "Longitude": 107.60030918277482, "Pengecekan": "Diterima", "Catatan Kesalahan": null, "ID Data": "6a0682ef289a5b470a6b9f59" }, "geometry": { "type": "Point", "coordinates": [ 107.600309182774822, -6.921711886571316 ] } },
{ "type": "Feature", "properties": { "Kategori Properti": "Retail (toko baju, peralatan olahraga, toko elektronik, dll)", "Jenis Properti": "Dijual", " Tanggal": "2026-05-15", "Alamat": "Jalan Otto Iskandardinata 132, Bandung Jawa Barat, Braga, Andir, Kota Bandung, Indonesia", "Foto Tampak Depan": "https://mapidstorage.s3.ap-southeast-1.amazonaws.com/general_image/undefined/1778810792082_stamped_1778810786173.jpg", "Foto Spanduk/Papan Promosi": "https://mapidstorage.s3.ap-southeast-1.amazonaws.com/general_image/undefined/1778810811926_stamped_1778810807575.jpg", "Kontributor": "sherens3", "Latitude": -6.9194368865728677, "Longitude": 107.60421518273898, "Pengecekan": "Diterima", "Catatan Kesalahan": null, "ID Data": "6a067fbd289a5b470a6b9f02" }, "geometry": { "type": "Point", "coordinates": [ 107.604215182738983, -6.919436886572868 ] } },
{ "type": "Feature", "properties": { "Kategori Properti": "Retail (toko baju, peralatan olahraga, toko elektronik, dll)", "Jenis Properti": "Disewa", " Tanggal": "2026-05-15", "Alamat": "Jalan Otto Iskandardinata 126, Bandung Jawa Barat, Braga, Sumur Bandung, Kota Bandung, Indonesia", "Foto Tampak Depan": "https://mapidstorage.s3.ap-southeast-1.amazonaws.com/general_image/undefined/1778810675388_stamped_1778810670259.jpg", "Foto Spanduk/Papan Promosi": "https://mapidstorage.s3.ap-southeast-1.amazonaws.com/general_image/undefined/1778810686901_stamped_1778810682463.jpg", "Kontributor": "sherens3", "Latitude": -6.9189880865621944, "Longitude": 107.60430258270213, "Pengecekan": "Diterima", "Catatan Kesalahan": null, "ID Data": "6a067f43289a5b470a6b9e90" }, "geometry": { "type": "Point", "coordinates": [ 107.604302582702132, -6.918988086562194 ] } },
{ "type": "Feature", "properties": { "Kategori Properti": "Ruko", "Jenis Properti": "Disewa", " Tanggal": "2026-05-15", "Alamat": "Jalan Otto Iskandardinata 70, Bandung Jawa Barat, Braga, Sumur Bandung, Kota Bandung, Indonesia", "Foto Tampak Depan": "https://mapidstorage.s3.ap-southeast-1.amazonaws.com/general_image/undefined/1778810312481_stamped_1778810304853.jpg", "Foto Spanduk/Papan Promosi": "https://mapidstorage.s3.ap-southeast-1.amazonaws.com/general_image/undefined/1778810325650_stamped_1778810319920.jpg", "Kontributor": "sherens3", "Latitude": -6.9166853866109079, "Longitude": 107.60441078271424, "Pengecekan": "Diterima", "Catatan Kesalahan": null, "ID Data": "6a067de3289a5b470a6b9cdf" }, "geometry": { "type": "Point", "coordinates": [ 107.60441078271424, -6.916685386610908 ] } },
{ "type": "Feature", "properties": { "Kategori Properti": "Ruko", "Jenis Properti": "Disewa", " Tanggal": "2026-05-15", "Alamat": "Jalan Otto Iskandardinata 81, Bandung Jawa Barat, Braga, Sumur Bandung, Kota Bandung, Indonesia", "Foto Tampak Depan": "https://mapidstorage.s3.ap-southeast-1.amazonaws.com/general_image/undefined/1778810250003_stamped_1778810244287.jpg", "Foto Spanduk/Papan Promosi": "https://mapidstorage.s3.ap-southeast-1.amazonaws.com/general_image/undefined/1778810265175_stamped_1778810260514.jpg", "Kontributor": "sherens3", "Latitude": -6.9166853866109079, "Longitude": 107.60441078271424, "Pengecekan": "Diterima", "Catatan Kesalahan": null, "ID Data": "6a067d9ef1bb5ec42e270ea2" }, "geometry": { "type": "Point", "coordinates": [ 107.60441078271424, -6.916685386610908 ] } },
{ "type": "Feature", "properties": { "Kategori Properti": "Ruko", "Jenis Properti": "Disewa", " Tanggal": "2026-05-15", "Alamat": "Jalan Otto Iskandardinata 81, Bandung Jawa Barat, Braga, Sumur Bandung, Kota Bandung, Indonesia", "Foto Tampak Depan": "https://mapidstorage.s3.ap-southeast-1.amazonaws.com/general_image/undefined/1778810205611_stamped_1778810200974.jpg", "Foto Spanduk/Papan Promosi": "https://mapidstorage.s3.ap-southeast-1.amazonaws.com/general_image/undefined/1778810218068_stamped_1778810213230.jpg", "Kontributor": "sherens3", "Latitude": -6.9166853866109079, "Longitude": 107.60441078271424, "Pengecekan": "Diterima", "Catatan Kesalahan": null, "ID Data": "6a067d6bf1bb5ec42e270e82" }, "geometry": { "type": "Point", "coordinates": [ 107.60441078271424, -6.916685386610908 ] } },
{ "type": "Feature", "properties": { "Kategori Properti": "Ruko", "Jenis Properti": "Disewa", " Tanggal": "2026-05-15", "Alamat": "Jalan Pajagalan, Bandung Jawa Barat, Karanganyar, Astanaanyar, Kota Bandung, Indonesia", "Foto Tampak Depan": "https://mapidstorage.s3.ap-southeast-1.amazonaws.com/general_image/undefined/1778807651276_stamped_1778807646855.jpg", "Foto Spanduk/Papan Promosi": "https://mapidstorage.s3.ap-southeast-1.amazonaws.com/general_image/undefined/1778807661293_stamped_1778807656121.jpg", "Kontributor": "sherens3", "Latitude": -6.9220286865333236, "Longitude": 107.60065358269298, "Pengecekan": "Diterima", "Catatan Kesalahan": null, "ID Data": "6a06736ef1bb5ec42e270d10" }, "geometry": { "type": "Point", "coordinates": [ 107.600653582692985, -6.922028686533324 ] } },
{ "type": "Feature", "properties": { "Kategori Properti": "Tanah", "Jenis Properti": "Dijual", " Tanggal": "2026-05-13", "Alamat": "Jalan Walagri Mulya, Pasanggrahan Indah Blok 27, Pasanggrahan, Ujungberung, Kota Bandung, Indonesia", "Foto Tampak Depan": "https://mapidstorage.s3.ap-southeast-1.amazonaws.com/general_image/undefined/1778637322706_stamped_1778637311624.jpg", "Foto Spanduk/Papan Promosi": "https://mapidstorage.s3.ap-southeast-1.amazonaws.com/general_image/undefined/1778637339808_stamped_1778637329891.jpg", "Kontributor": "sherens3", "Latitude": -6.9058794865454161, "Longitude": 107.72158118278219, "Pengecekan": "Diterima", "Catatan Kesalahan": null, "ID Data": "6a03da1cf1bb5ec42e26c63b" }, "geometry": { "type": "Point", "coordinates": [ 107.721581182782188, -6.905879486545416 ] } },
{ "type": "Feature", "properties": { "Kategori Properti": "Ruko", "Jenis Properti": "Dijual", " Tanggal": "2026-05-12", "Alamat": "Jalan Suryani Dalam, Bandung Jawa Barat, Warungmuncang, Bandung Kulon, Kota Bandung, Indonesia", "Foto Tampak Depan": "https://mapidstorage.s3.ap-southeast-1.amazonaws.com/general_image/ekabir/1778585976724_stamped_1778585971382.jpg", "Foto Spanduk/Papan Promosi": "https://mapidstorage.s3.ap-southeast-1.amazonaws.com/general_image/ekabir/1778585997799_stamped_1778585993237.jpg", "Kontributor": "ekabir", "Latitude": -6.9206044447776662, "Longitude": 107.58017050005196, "Pengecekan": "Diterima", "Catatan Kesalahan": null, "ID Data": "6a031190ac089bee4b6895ed" }, "geometry": { "type": "Point", "coordinates": [ 107.580170500051963, -6.920604444777666 ] } },
{ "type": "Feature", "properties": { "Kategori Properti": "Ruko", "Jenis Properti": "Disewa", " Tanggal": "2026-05-12", "Alamat": "Jalan Suryani Dalam, Bandung Jawa Barat, Warungmuncang, Bandung Kulon, Kota Bandung, Indonesia", "Foto Tampak Depan": "https://mapidstorage.s3.ap-southeast-1.amazonaws.com/general_image/ekabir/1778585888351_stamped_1778585883702.jpg", "Foto Spanduk/Papan Promosi": "https://mapidstorage.s3.ap-southeast-1.amazonaws.com/general_image/ekabir/1778585869570_stamped_1778585864357.jpg", "Kontributor": "ekabir", "Latitude": -6.9205394474813033, "Longitude": 107.57882213359443, "Pengecekan": "Diterima", "Catatan Kesalahan": null, "ID Data": "6a031123289a5b470a6b466c" }, "geometry": { "type": "Point", "coordinates": [ 107.578822133594429, -6.920539447481303 ] } },
{ "type": "Feature", "properties": { "Kategori Properti": "Rumah", "Jenis Properti": "Dijual", " Tanggal": "2026-05-12", "Alamat": "Jalan Holis, Bandung Jawa Barat, Cibuntu, Bandung Kulon, Kota Bandung, Indonesia", "Foto Tampak Depan": "https://mapidstorage.s3.ap-southeast-1.amazonaws.com/general_image/ekabir/1778585542354_stamped_1778585538405.jpg", "Foto Spanduk/Papan Promosi": "https://mapidstorage.s3.ap-southeast-1.amazonaws.com/general_image/ekabir/1778585558662_stamped_1778585553734.jpg", "Kontributor": "ekabir", "Latitude": -6.9186245447665442, "Longitude": 107.57608070001902, "Pengecekan": "Diterima", "Catatan Kesalahan": null, "ID Data": "6a030fdaf1bb5ec42e26b7be" }, "geometry": { "type": "Point", "coordinates": [ 107.57608070001902, -6.918624544766544 ] } },
{ "type": "Feature", "properties": { "Kategori Properti": "Ruko", "Jenis Properti": "Disewa", " Tanggal": "2026-05-12", "Alamat": "Jalan Holis, Bandung Kulon, Kota Bandung, Indonesia", "Foto Tampak Depan": "https://mapidstorage.s3.ap-southeast-1.amazonaws.com/general_image/ekabir/1778584685195_stamped_1778584680635.jpg", "Foto Spanduk/Papan Promosi": "https://mapidstorage.s3.ap-southeast-1.amazonaws.com/general_image/ekabir/1778584707902_stamped_1778584703323.jpg", "Kontributor": "ekabir", "Latitude": -6.9368136072176014, "Longitude": 107.57026507124823, "Pengecekan": "Diterima", "Catatan Kesalahan": null, "ID Data": "6a030c87f1bb5ec42e26b741" }, "geometry": { "type": "Point", "coordinates": [ 107.57026507124823, -6.936813607217601 ] } },
{ "type": "Feature", "properties": { "Kategori Properti": "Rumah", "Jenis Properti": "Dijual", " Tanggal": "2026-05-12", "Alamat": "Jalan Cicukang, Cigondewah Kaler, Bandung Kulon, Kota Bandung, Indonesia", "Foto Tampak Depan": "https://mapidstorage.s3.ap-southeast-1.amazonaws.com/general_image/ekabir/1778584249457_stamped_1778584245737.jpg", "Foto Spanduk/Papan Promosi": "https://mapidstorage.s3.ap-southeast-1.amazonaws.com/general_image/ekabir/1778584264560_stamped_1778584260614.jpg", "Kontributor": "ekabir", "Latitude": -6.9358684283576224, "Longitude": 107.56556437666768, "Pengecekan": "Diterima", "Catatan Kesalahan": null, "ID Data": "6a030acbf1bb5ec42e26b6de" }, "geometry": { "type": "Point", "coordinates": [ 107.56556437666768, -6.935868428357622 ] } },
{ "type": "Feature", "properties": { "Kategori Properti": "Ruko", "Jenis Properti": "Dijual", " Tanggal": "2026-05-12", "Alamat": "Jalan Cigondewah Kaler, Cigondewah Rahayu, Bandung Kulon, Kota Bandung, Indonesia", "Foto Tampak Depan": "https://mapidstorage.s3.ap-southeast-1.amazonaws.com/general_image/ekabir/1778583829181_stamped_1778583824084.jpg", "Foto Spanduk/Papan Promosi": "https://mapidstorage.s3.ap-southeast-1.amazonaws.com/general_image/ekabir/1778583854422_stamped_1778583848548.jpg", "Kontributor": "ekabir", "Latitude": -6.9432003448117854, "Longitude": 107.56589310003602, "Pengecekan": "Diterima", "Catatan Kesalahan": null, "ID Data": "6a030933f1bb5ec42e26b5ec" }, "geometry": { "type": "Point", "coordinates": [ 107.565893100036021, -6.943200344811785 ] } },
{ "type": "Feature", "properties": { "Kategori Properti": "Rumah", "Jenis Properti": "Disewa", " Tanggal": "2026-05-12", "Alamat": "Jalan Dirgantara X, Cigondewah Hilir, Gempolsari, Bandung Kulon, Kota Bandung, Indonesia", "Foto Tampak Depan": "https://mapidstorage.s3.ap-southeast-1.amazonaws.com/general_image/ekabir/1778575376123_stamped_1778575369926.jpg", "Foto Spanduk/Papan Promosi": "https://mapidstorage.s3.ap-southeast-1.amazonaws.com/general_image/ekabir/1778575396241_stamped_1778575389678.jpg", "Kontributor": "ekabir", "Latitude": -6.9276559284103172, "Longitude": 107.54984437790756, "Pengecekan": "Diterima", "Catatan Kesalahan": null, "ID Data": "6a02e825f1bb5ec42e26ad36" }, "geometry": { "type": "Point", "coordinates": [ 107.549844377907561, -6.927655928410317 ] } },
{ "type": "Feature", "properties": { "Kategori Properti": "Ruko", "Jenis Properti": "Dijual", " Tanggal": "2026-05-12", "Alamat": "Jalan Dirgantara X, Cigondewah Hilir, Gempolsari, Bandung Kulon, Kota Bandung, Indonesia", "Foto Tampak Depan": "https://mapidstorage.s3.ap-southeast-1.amazonaws.com/general_image/ekabir/1778575247863_stamped_1778575242142.jpg", "Foto Spanduk/Papan Promosi": "https://mapidstorage.s3.ap-southeast-1.amazonaws.com/general_image/ekabir/1778575261032_stamped_1778575255538.jpg", "Kontributor": "ekabir", "Latitude": -6.9274738447655864, "Longitude": 107.54992530003835, "Pengecekan": "Diterima", "Catatan Kesalahan": null, "ID Data": "6a02e79ef1bb5ec42e26ad25" }, "geometry": { "type": "Point", "coordinates": [ 107.549925300038353, -6.927473844765586 ] } },
{ "type": "Feature", "properties": { "Kategori Properti": "Rumah", "Jenis Properti": "Dijual", " Tanggal": "2026-05-12", "Alamat": "Jalan Kalpataru I d15, Cigondewah Hilir, Gempolsari, Bandung Kulon, Kota Bandung, Indonesia", "Foto Tampak Depan": "https://mapidstorage.s3.ap-southeast-1.amazonaws.com/general_image/ekabir/1778574746591_stamped_1778574740235.jpg", "Foto Spanduk/Papan Promosi": "https://mapidstorage.s3.ap-southeast-1.amazonaws.com/general_image/ekabir/1778574764922_stamped_1778574759938.jpg", "Kontributor": "ekabir", "Latitude": -6.9330800448056635, "Longitude": 107.55250659998239, "Pengecekan": "Diterima", "Catatan Kesalahan": null, "ID Data": "6a02e5af289a5b470a6b3b0b" }, "geometry": { "type": "Point", "coordinates": [ 107.552506599982394, -6.933080044805664 ] } },
{ "type": "Feature", "properties": { "Kategori Properti": "Rumah", "Jenis Properti": "Dijual", " Tanggal": "2026-05-12", "Alamat": "Jalan Dirgantara Raya, Cigondewah Hilir, Gempolsari, Bandung Kulon, Kota Bandung, Indonesia", "Foto Tampak Depan": "https://mapidstorage.s3.ap-southeast-1.amazonaws.com/general_image/ekabir/1778574415809_stamped_1778574409967.jpg", "Foto Spanduk/Papan Promosi": "https://mapidstorage.s3.ap-southeast-1.amazonaws.com/general_image/ekabir/1778574437659_stamped_1778574431047.jpg", "Kontributor": "ekabir", "Latitude": -6.9305641467012435, "Longitude": 107.55124600810115, "Pengecekan": "Diterima", "Catatan Kesalahan": null, "ID Data": "6a02e468ac089bee4b688aab" }, "geometry": { "type": "Point", "coordinates": [ 107.551246008101145, -6.930564146701244 ] } },
{ "type": "Feature", "properties": { "Kategori Properti": "Ruko", "Jenis Properti": "Disewa", " Tanggal": "2026-05-12", "Alamat": "Jalan Raya Cijerah 96, Caringin, Bandung Kulon, Kota Bandung, Indonesia", "Foto Tampak Depan": "https://mapidstorage.s3.ap-southeast-1.amazonaws.com/general_image/ekabir/1778573181220_stamped_1778573172867.jpg", "Foto Spanduk/Papan Promosi": "https://mapidstorage.s3.ap-southeast-1.amazonaws.com/general_image/ekabir/1778573225354_scaled_1000659318.heic", "Kontributor": "ekabir", "Latitude": -6.928969944813673, "Longitude": 107.56549100004202, "Pengecekan": "Diterima", "Catatan Kesalahan": null, "ID Data": "6a02dfb5f1bb5ec42e26ab35" }, "geometry": { "type": "Point", "coordinates": [ 107.565491000042016, -6.928969944813673 ] } },
{ "type": "Feature", "properties": { "Kategori Properti": "Ruko", "Jenis Properti": "Dijual", " Tanggal": "2026-05-10", "Alamat": "Jalan Gardujati 75, Bandung Jawa Barat, Kebon Jeruk, Andir, Kota Bandung, Indonesia", "Foto Tampak Depan": "https://mapidstorage.s3.ap-southeast-1.amazonaws.com/general_image/undefined/1778387287055_stamped_1778387280186.jpg", "Foto Spanduk/Papan Promosi": "https://mapidstorage.s3.ap-southeast-1.amazonaws.com/general_image/undefined/1778387298886_stamped_1778387293356.jpg", "Kontributor": "sherens3", "Latitude": -6.9181527865221142, "Longitude": 107.5982527827174, "Pengecekan": "Diterima", "Catatan Kesalahan": null, "ID Data": "6a000965f1bb5ec42e25621a" }, "geometry": { "type": "Point", "coordinates": [ 107.598252782717395, -6.918152786522114 ] } },
{ "type": "Feature", "properties": { "Kategori Properti": "Rumah", "Jenis Properti": "Dijual", " Tanggal": "2026-05-10", "Alamat": "Jalan Durman 21, Bandung Jawa Barat, Kebon Jeruk, Andir, Kota Bandung, Indonesia", "Foto Tampak Depan": "https://mapidstorage.s3.ap-southeast-1.amazonaws.com/general_image/undefined/1778387171828_stamped_1778387167595.jpg", "Foto Spanduk/Papan Promosi": "https://mapidstorage.s3.ap-southeast-1.amazonaws.com/general_image/undefined/1778387195992_stamped_1778387180554.jpg", "Kontributor": "sherens3", "Latitude": -6.9190288865887908, "Longitude": 107.5998056827242, "Pengecekan": "Diterima", "Catatan Kesalahan": null, "ID Data": "6a000902942f384ddf4c4dcf" }, "geometry": { "type": "Point", "coordinates": [ 107.599805682724195, -6.919028886588791 ] } },
{ "type": "Feature", "properties": { "Kategori Properti": "Retail (toko baju, peralatan olahraga, toko elektronik, dll)", "Jenis Properti": "Dijual", " Tanggal": "2026-05-10", "Alamat": "Jalan Astana Anyar 50, Bandung Jawa Barat, Cibadak, Astanaanyar, Kota Bandung, Indonesia", "Foto Tampak Depan": "https://mapidstorage.s3.ap-southeast-1.amazonaws.com/general_image/undefined/1778385527893_stamped_1778385523500.jpg", "Foto Spanduk/Papan Promosi": "https://mapidstorage.s3.ap-southeast-1.amazonaws.com/general_image/undefined/1778385553539_stamped_1778385549211.jpg", "Kontributor": "sherens3", "Latitude": -6.921951186551965, "Longitude": 107.5984327826871, "Pengecekan": "Diterima", "Catatan Kesalahan": null, "ID Data": "6a000292f1bb5ec42e255f6c" }, "geometry": { "type": "Point", "coordinates": [ 107.598432782687098, -6.921951186551965 ] } },
{ "type": "Feature", "properties": { "Kategori Properti": "Rumah", "Jenis Properti": "Dijual", " Tanggal": "2026-05-10", "Alamat": "Gang Pelita I, Bandung Jawa Barat, Cibadak, Astanaanyar, Kota Bandung, Indonesia", "Foto Tampak Depan": "https://mapidstorage.s3.ap-southeast-1.amazonaws.com/general_image/undefined/1778384601665_stamped_1778384594528.jpg", "Foto Spanduk/Papan Promosi": "https://mapidstorage.s3.ap-southeast-1.amazonaws.com/general_image/undefined/1778384628704_stamped_1778384623963.jpg", "Kontributor": "sherens3", "Latitude": -6.9225711865392725, "Longitude": 107.59619618273604, "Pengecekan": "Diterima", "Catatan Kesalahan": null, "ID Data": "69fffef9942f384ddf4c4b2b" }, "geometry": { "type": "Point", "coordinates": [ 107.596196182736037, -6.922571186539273 ] } },
{ "type": "Feature", "properties": { "Kategori Properti": "Rumah", "Jenis Properti": "Dijual", " Tanggal": "2026-05-10", "Alamat": "Jalan Pahlawan masjid mubarak, Neglasari, Cibeunying Kaler, Kota Bandung, Indonesia", "Foto Tampak Depan": "https://mapidstorage.s3.ap-southeast-1.amazonaws.com/general_image/undefined/1778371944267_stamped_1778371936117.jpg", "Foto Spanduk/Papan Promosi": "https://mapidstorage.s3.ap-southeast-1.amazonaws.com/general_image/undefined/1778371961417_stamped_1778371950482.jpg", "Kontributor": "sherens3", "Latitude": -6.8939279865495706, "Longitude": 107.63528678279386, "Pengecekan": "Diterima", "Catatan Kesalahan": null, "ID Data": "69ffcd80f1bb5ec42e254fb3" }, "geometry": { "type": "Point", "coordinates": [ 107.635286782793855, -6.893927986549571 ] } },
{ "type": "Feature", "properties": { "Kategori Properti": "Rumah", "Jenis Properti": "Dijual", " Tanggal": "2026-05-10", "Alamat": "Jalan Karasak 47-49, Karasak, Astanaanyar, Kota Bandung, Indonesia", "Foto Tampak Depan": "https://mapidstorage.s3.ap-southeast-1.amazonaws.com/general_image/machrus/1778368969642_scaled_1000271343.jpg", "Foto Spanduk/Papan Promosi": "https://mapidstorage.s3.ap-southeast-1.amazonaws.com/general_image/machrus/1778368977562_scaled_1000271345.jpg", "Kontributor": "Muhammad Ali Machrus", "Latitude": -6.9498678375731089, "Longitude": 107.60883742375029, "Pengecekan": "Diterima", "Catatan Kesalahan": null, "ID Data": "69ffc1d8f1bb5ec42e254e42" }, "geometry": { "type": "Point", "coordinates": [ 107.608837423750288, -6.949867837573109 ] } },
{ "type": "Feature", "properties": { "Kategori Properti": "Rumah", "Jenis Properti": "Dijual", " Tanggal": "2026-05-10", "Alamat": "Jalan Karasak 47-49, Karasak, Astanaanyar, Kota Bandung, Indonesia", "Foto Tampak Depan": "https://mapidstorage.s3.ap-southeast-1.amazonaws.com/general_image/machrus/1778368848132_scaled_1000271341.jpg", "Foto Spanduk/Papan Promosi": "https://mapidstorage.s3.ap-southeast-1.amazonaws.com/general_image/machrus/1778368861801_scaled_1000271342.jpg", "Kontributor": "Muhammad Ali Machrus", "Latitude": -6.9498620746827555, "Longitude": 107.60874973513324, "Pengecekan": "Diterima", "Catatan Kesalahan": null, "ID Data": "69ffc1610d9dec734e2840ef" }, "geometry": { "type": "Point", "coordinates": [ 107.608749735133244, -6.949862074682756 ] } },
{ "type": "Feature", "properties": { "Kategori Properti": "Rumah", "Jenis Properti": "Dijual", " Tanggal": "2026-05-10", "Alamat": "Jalan Karasak 47-49, Karasak, Astanaanyar, Kota Bandung, Indonesia", "Foto Tampak Depan": "https://mapidstorage.s3.ap-southeast-1.amazonaws.com/general_image/machrus/1778368750717_scaled_1000271339.jpg", "Foto Spanduk/Papan Promosi": "https://mapidstorage.s3.ap-southeast-1.amazonaws.com/general_image/machrus/1778368765362_scaled_1000271340.jpg", "Kontributor": "Muhammad Ali Machrus", "Latitude": -6.9497649552093321, "Longitude": 107.60862421619635, "Pengecekan": "Diterima", "Catatan Kesalahan": null, "ID Data": "69ffc0ff942f384ddf4c3900" }, "geometry": { "type": "Point", "coordinates": [ 107.608624216196347, -6.949764955209332 ] } },
{ "type": "Feature", "properties": { "Kategori Properti": "Ruko", "Jenis Properti": "Dijual", " Tanggal": "2026-05-09", "Alamat": "Jl.Cibadak no92,bandung", "Foto Tampak Depan": "https://mapidstorage.s3.ap-southeast-1.amazonaws.com/general_image/undefined/1778298127694_stamped_1778298118715.jpg", "Foto Spanduk/Papan Promosi": "https://mapidstorage.s3.ap-southeast-1.amazonaws.com/general_image/undefined/1778298141523_stamped_1778298136313.jpg", "Kontributor": "sherens3", "Latitude": -6.9217901038889522, "Longitude": 107.60104430897525, "Pengecekan": "Diterima", "Catatan Kesalahan": null, "ID Data": "69fead23f2b0995f7cff6d6a" }, "geometry": { "type": "Point", "coordinates": [ 107.601044308975247, -6.921790103888952 ] } },
{ "type": "Feature", "properties": { "Kategori Properti": "Ruko", "Jenis Properti": "Dijual", " Tanggal": "2026-05-09", "Alamat": "Jl.cibadak no 87 ,bandung", "Foto Tampak Depan": "https://mapidstorage.s3.ap-southeast-1.amazonaws.com/general_image/undefined/1778298016648_stamped_1778298010759.jpg", "Foto Spanduk/Papan Promosi": "https://mapidstorage.s3.ap-southeast-1.amazonaws.com/general_image/undefined/1778298034867_stamped_1778298021553.jpg", "Kontributor": "sherens3", "Latitude": -6.9217790865868949, "Longitude": 107.60116588276685, "Pengecekan": "Diterima", "Catatan Kesalahan": null, "ID Data": "69feacc6f1bb5ec42e2505af" }, "geometry": { "type": "Point", "coordinates": [ 107.60116588276685, -6.921779086586895 ] } },
{ "type": "Feature", "properties": { "Kategori Properti": "Ruko", "Jenis Properti": "Dijual", " Tanggal": "2026-05-09", "Alamat": "Jl.Cibadak no 73, bandung", "Foto Tampak Depan": "https://mapidstorage.s3.ap-southeast-1.amazonaws.com/general_image/undefined/1778297916276_stamped_1778297911543.jpg", "Foto Spanduk/Papan Promosi": "https://mapidstorage.s3.ap-southeast-1.amazonaws.com/general_image/undefined/1778297927898_stamped_1778297923033.jpg", "Kontributor": "sherens3", "Latitude": -6.9217892865521691, "Longitude": 107.60149428270216, "Pengecekan": "Diterima", "Catatan Kesalahan": null, "ID Data": "69feac50f1bb5ec42e2505ad" }, "geometry": { "type": "Point", "coordinates": [ 107.601494282702163, -6.921789286552169 ] } },
{ "type": "Feature", "properties": { "Kategori Properti": "Ruko", "Jenis Properti": "Dijual", " Tanggal": "2026-05-09", "Alamat": "Jl.cibadak no 41a,Kota Bandung", "Foto Tampak Depan": "https://mapidstorage.s3.ap-southeast-1.amazonaws.com/general_image/undefined/1778297699856_stamped_1778297695880.jpg", "Foto Spanduk/Papan Promosi": "https://mapidstorage.s3.ap-southeast-1.amazonaws.com/general_image/undefined/1778297709491_stamped_1778297705978.jpg", "Kontributor": "sherens3", "Latitude": -6.9218895865419938, "Longitude": 107.60260178270198, "Pengecekan": "Diterima", "Catatan Kesalahan": null, "ID Data": "69feab8df1bb5ec42e25059f" }, "geometry": { "type": "Point", "coordinates": [ 107.602601782701981, -6.921889586541994 ] } },
{ "type": "Feature", "properties": { "Kategori Properti": "Retail (toko baju, peralatan olahraga, toko elektronik, dll)", "Jenis Properti": "Dijual", " Tanggal": "2026-05-09", "Alamat": "Jl.Cibadak no 52, bandung", "Foto Tampak Depan": "https://mapidstorage.s3.ap-southeast-1.amazonaws.com/general_image/undefined/1778296842643_stamped_1778296838517.jpg", "Foto Spanduk/Papan Promosi": "https://mapidstorage.s3.ap-southeast-1.amazonaws.com/general_image/undefined/1778296854187_stamped_1778296849986.jpg", "Kontributor": "sherens3", "Latitude": -6.9218897865582392, "Longitude": 107.60230408274856, "Pengecekan": "Diterima", "Catatan Kesalahan": null, "ID Data": "69fea817f2b0995f7cff6d34" }, "geometry": { "type": "Point", "coordinates": [ 107.60230408274856, -6.921889786558239 ] } },
{ "type": "Feature", "properties": { "Kategori Properti": "Ruko", "Jenis Properti": "Disewa", " Tanggal": "2026-05-09", "Alamat": "Jalan Kebon Jati 228, Bandung Jawa Barat, Kebon Jeruk, Andir, Kota Bandung, Indonesia", "Foto Tampak Depan": "https://mapidstorage.s3.ap-southeast-1.amazonaws.com/general_image/undefined/1778295812508_stamped_1778295807629.jpg", "Foto Spanduk/Papan Promosi": "https://mapidstorage.s3.ap-southeast-1.amazonaws.com/general_image/undefined/1778295827017_stamped_1778295820328.jpg", "Kontributor": "sherens3", "Latitude": -6.9165064865602233, "Longitude": 107.5934412827653, "Pengecekan": "Diterima", "Catatan Kesalahan": null, "ID Data": "69fea418f1bb5ec42e2504df" }, "geometry": { "type": "Point", "coordinates": [ 107.593441282765298, -6.916506486560223 ] } },
{ "type": "Feature", "properties": { "Kategori Properti": "Ruko", "Jenis Properti": "Dijual", " Tanggal": "2026-05-09", "Alamat": "Jalan Kebon Jati 226, Bandung Jawa Barat, Kebon Jeruk, Andir, Kota Bandung, Indonesia", "Foto Tampak Depan": "https://mapidstorage.s3.ap-southeast-1.amazonaws.com/general_image/undefined/1778295763651_stamped_1778295756242.jpg", "Foto Spanduk/Papan Promosi": "https://mapidstorage.s3.ap-southeast-1.amazonaws.com/general_image/undefined/1778295779373_stamped_1778295771625.jpg", "Kontributor": "sherens3", "Latitude": -6.9165064865602233, "Longitude": 107.5934412827653, "Pengecekan": "Diterima", "Catatan Kesalahan": null, "ID Data": "69fea3e6f1bb5ec42e2504dd" }, "geometry": { "type": "Point", "coordinates": [ 107.593441282765298, -6.916506486560223 ] } },
{ "type": "Feature", "properties": { "Kategori Properti": "Ruko", "Jenis Properti": "Dijual", " Tanggal": "2026-05-09", "Alamat": "Jalan Kebon Jati 205, Bandung Jawa Barat, Ciroyom, Andir, Kota Bandung, Indonesia", "Foto Tampak Depan": "https://mapidstorage.s3.ap-southeast-1.amazonaws.com/general_image/undefined/1778295611045_stamped_1778295606242.jpg", "Foto Spanduk/Papan Promosi": "https://mapidstorage.s3.ap-southeast-1.amazonaws.com/general_image/undefined/1778295623875_stamped_1778295617699.jpg", "Kontributor": "sherens3", "Latitude": -6.9164473865341733, "Longitude": 107.5942596827453, "Pengecekan": "Diterima", "Catatan Kesalahan": null, "ID Data": "69fea355f1bb5ec42e2504c5" }, "geometry": { "type": "Point", "coordinates": [ 107.594259682745303, -6.916447386534173 ] } },
{ "type": "Feature", "properties": { "Kategori Properti": "Ruko", "Jenis Properti": "Dijual", " Tanggal": "2026-05-09", "Alamat": "Jalan Kebon Jati 186, Bandung Jawa Barat, Ciroyom, Andir, Kota Bandung, Indonesia", "Foto Tampak Depan": "https://mapidstorage.s3.ap-southeast-1.amazonaws.com/general_image/undefined/1778295462411_stamped_1778295457154.jpg", "Foto Spanduk/Papan Promosi": "https://mapidstorage.s3.ap-southeast-1.amazonaws.com/general_image/undefined/1778295475565_stamped_1778295469341.jpg", "Kontributor": "sherens3", "Latitude": -6.9164313865662308, "Longitude": 107.59513618278959, "Pengecekan": "Diterima", "Catatan Kesalahan": null, "ID Data": "69fea2b9f1bb5ec42e250399" }, "geometry": { "type": "Point", "coordinates": [ 107.595136182789588, -6.916431386566231 ] } },
{ "type": "Feature", "properties": { "Kategori Properti": "Ruko", "Jenis Properti": "Dijual", " Tanggal": "2026-05-09", "Alamat": "Jalan Kebon Jati 184, Bandung Jawa Barat, Ciroyom, Andir, Kota Bandung, Indonesia", "Foto Tampak Depan": "https://mapidstorage.s3.ap-southeast-1.amazonaws.com/general_image/undefined/1778295407398_stamped_1778295401886.jpg", "Foto Spanduk/Papan Promosi": "https://mapidstorage.s3.ap-southeast-1.amazonaws.com/general_image/undefined/1778295422663_stamped_1778295414798.jpg", "Kontributor": "sherens3", "Latitude": -6.9164313865662308, "Longitude": 107.59513618278959, "Pengecekan": "Diterima", "Catatan Kesalahan": null, "ID Data": "69fea27ff1bb5ec42e25037f" }, "geometry": { "type": "Point", "coordinates": [ 107.595136182789588, -6.916431386566231 ] } },
{ "type": "Feature", "properties": { "Kategori Properti": "Ruko", "Jenis Properti": "Disewa", " Tanggal": "2026-05-09", "Alamat": "Jalan Kebon Jati 157, Bandung Jawa Barat, Ciroyom, Andir, Kota Bandung, Indonesia", "Foto Tampak Depan": "https://mapidstorage.s3.ap-southeast-1.amazonaws.com/general_image/undefined/1778295323336_stamped_1778295318561.jpg", "Foto Spanduk/Papan Promosi": "https://mapidstorage.s3.ap-southeast-1.amazonaws.com/general_image/undefined/1778295337579_stamped_1778295332193.jpg", "Kontributor": "sherens3", "Latitude": -6.9164313865662308, "Longitude": 107.59513618278959, "Pengecekan": "Diterima", "Catatan Kesalahan": null, "ID Data": "69fea22df1bb5ec42e250377" }, "geometry": { "type": "Point", "coordinates": [ 107.595136182789588, -6.916431386566231 ] } },
{ "type": "Feature", "properties": { "Kategori Properti": "Ruko", "Jenis Properti": "Disewa", " Tanggal": "2026-05-09", "Alamat": "Jalan Kebon Jati 155, Bandung Jawa Barat, Ciroyom, Andir, Kota Bandung, Indonesia", "Foto Tampak Depan": "https://mapidstorage.s3.ap-southeast-1.amazonaws.com/general_image/undefined/1778295276405_stamped_1778295271685.jpg", "Foto Spanduk/Papan Promosi": "https://mapidstorage.s3.ap-southeast-1.amazonaws.com/general_image/undefined/1778295294039_stamped_1778295288554.jpg", "Kontributor": "sherens3", "Latitude": -6.9164313865662308, "Longitude": 107.59513618278959, "Pengecekan": "Diterima", "Catatan Kesalahan": null, "ID Data": "69fea201f2b0995f7cff6b13" }, "geometry": { "type": "Point", "coordinates": [ 107.595136182789588, -6.916431386566231 ] } },
{ "type": "Feature", "properties": { "Kategori Properti": "Ruko", "Jenis Properti": "Dijual", " Tanggal": "2026-05-09", "Alamat": "Jalan Kebon Jati 152, Bandung Jawa Barat, Ciroyom, Andir, Kota Bandung, Indonesia", "Foto Tampak Depan": "https://mapidstorage.s3.ap-southeast-1.amazonaws.com/general_image/undefined/1778295197708_stamped_1778295189868.jpg", "Foto Spanduk/Papan Promosi": "https://mapidstorage.s3.ap-southeast-1.amazonaws.com/general_image/undefined/1778295216702_stamped_1778295208169.jpg", "Kontributor": "sherens3", "Latitude": -6.9163982865761255, "Longitude": 107.59541128276322, "Pengecekan": "Diterima", "Catatan Kesalahan": null, "ID Data": "69fea1b8f2b0995f7cff6b11" }, "geometry": { "type": "Point", "coordinates": [ 107.595411282763223, -6.916398286576126 ] } },
{ "type": "Feature", "properties": { "Kategori Properti": "Ruko", "Jenis Properti": "Dijual", " Tanggal": "2026-05-09", "Alamat": "Jalan Kebon Jati 155, Bandung Jawa Barat, Ciroyom, Andir, Kota Bandung, Indonesia", "Foto Tampak Depan": "https://mapidstorage.s3.ap-southeast-1.amazonaws.com/general_image/undefined/1778294991430_stamped_1778294983553.jpg", "Foto Spanduk/Papan Promosi": "https://mapidstorage.s3.ap-southeast-1.amazonaws.com/general_image/undefined/1778295019763_stamped_1778294999484.jpg", "Kontributor": "sherens3", "Latitude": -6.9162488865854641, "Longitude": 107.59636078275827, "Pengecekan": "Diterima", "Catatan Kesalahan": null, "ID Data": "69fea0f5f2b0995f7cff6a92" }, "geometry": { "type": "Point", "coordinates": [ 107.596360782758268, -6.916248886585464 ] } },
{ "type": "Feature", "properties": { "Kategori Properti": "Ruko", "Jenis Properti": "Disewa", " Tanggal": "2026-05-09", "Alamat": "Jalan Kebon Jati 152, Bandung Jawa Barat, Ciroyom, Andir, Kota Bandung, Indonesia", "Foto Tampak Depan": "https://mapidstorage.s3.ap-southeast-1.amazonaws.com/general_image/undefined/1778294916944_stamped_1778294910387.jpg", "Foto Spanduk/Papan Promosi": "https://mapidstorage.s3.ap-southeast-1.amazonaws.com/general_image/undefined/1778294935480_stamped_1778294927744.jpg", "Kontributor": "sherens3", "Latitude": -6.9162488865854641, "Longitude": 107.59636078275827, "Pengecekan": "Diterima", "Catatan Kesalahan": null, "ID Data": "69fea099942f384ddf4beeaf" }, "geometry": { "type": "Point", "coordinates": [ 107.596360782758268, -6.916248886585464 ] } },
{ "type": "Feature", "properties": { "Kategori Properti": "Rumah", "Jenis Properti": "Dijual", " Tanggal": "2026-05-07", "Alamat": "Green Hills Residence Jalan Jatihandap, Kel. Jatihandap, Jatihandap, Mandalajati, Kota Bandung, Indonesia", "Foto Tampak Depan": "https://mapidstorage.s3.ap-southeast-1.amazonaws.com/general_image/undefined/1778124451939_stamped_1778124447676.jpg", "Foto Spanduk/Papan Promosi": "https://mapidstorage.s3.ap-southeast-1.amazonaws.com/general_image/undefined/1778124467033_stamped_1778124458094.jpg", "Kontributor": "sherens3", "Latitude": -6.8910898372315899, "Longitude": 107.66383363764038, "Pengecekan": "Diterima", "Catatan Kesalahan": null, "ID Data": "69fc06c31e49d759d1e80d60" }, "geometry": { "type": "Point", "coordinates": [ 107.66383363764038, -6.89108983723159 ] } },
{ "type": "Feature", "properties": { "Kategori Properti": "Rumah", "Jenis Properti": "Dijual", " Tanggal": "2026-05-07", "Alamat": "Jalan Mandala Raya No. B1 Lucky Estate, Kel. Jatihandap, Jatihandap, Mandalajati, Kota Bandung, Indonesia", "Foto Tampak Depan": "https://mapidstorage.s3.ap-southeast-1.amazonaws.com/general_image/undefined/1778123859386_stamped_1778123850070.jpg", "Foto Spanduk/Papan Promosi": "https://mapidstorage.s3.ap-southeast-1.amazonaws.com/general_image/undefined/1778123879266_stamped_1778123874196.jpg", "Kontributor": "sherens3", "Latitude": -6.8867011372580009, "Longitude": 107.66786993771723, "Pengecekan": "Diterima", "Catatan Kesalahan": null, "ID Data": "69fc047bd9e58935cbb13235" }, "geometry": { "type": "Point", "coordinates": [ 107.667869937717228, -6.886701137258001 ] } },
{ "type": "Feature", "properties": { "Kategori Properti": "Tanah", "Jenis Properti": "Dijual", " Tanggal": "2026-05-07", "Alamat": "Jalan Mandala Raya, Kel. Jatihandap, Jatihandap, Mandalajati, Kota Bandung, Indonesia", "Foto Tampak Depan": "https://mapidstorage.s3.ap-southeast-1.amazonaws.com/general_image/undefined/1778123767194_stamped_1778123763414.jpg", "Foto Spanduk/Papan Promosi": "https://mapidstorage.s3.ap-southeast-1.amazonaws.com/general_image/undefined/1778123777647_stamped_1778123773841.jpg", "Kontributor": "sherens3", "Latitude": -6.8860020768354815, "Longitude": 107.66840448692761, "Pengecekan": "Diterima", "Catatan Kesalahan": null, "ID Data": "69fc040924a8aa2ac93efe75" }, "geometry": { "type": "Point", "coordinates": [ 107.668404486927614, -6.886002076835481 ] } },
{ "type": "Feature", "properties": { "Kategori Properti": "Rumah", "Jenis Properti": "Dijual", " Tanggal": "2026-05-07", "Alamat": "Jalan Jatihandap. IND Komplek Tropicana,, Kel. Jatihandap, Jatihandap, Mandalajati, Kota Bandung, Indonesia", "Foto Tampak Depan": "https://mapidstorage.s3.ap-southeast-1.amazonaws.com/general_image/undefined/1778123652249_stamped_1778123645537.jpg", "Foto Spanduk/Papan Promosi": "https://mapidstorage.s3.ap-southeast-1.amazonaws.com/general_image/undefined/1778123687822_stamped_1778123683515.jpg", "Kontributor": "sherens3", "Latitude": -6.8860020768354815, "Longitude": 107.66840448692761, "Pengecekan": "Diterima", "Catatan Kesalahan": null, "ID Data": "69fc03bc1e49d759d1e80b48" }, "geometry": { "type": "Point", "coordinates": [ 107.668404486927614, -6.886002076835481 ] } },
{ "type": "Feature", "properties": { "Kategori Properti": "Tanah", "Jenis Properti": "Dijual", " Tanggal": "2026-05-07", "Alamat": "Jalan Mandala Raya, Kel. Jatihandap, Jatihandap, Mandalajati, Kota Bandung, Indonesia", "Foto Tampak Depan": "https://mapidstorage.s3.ap-southeast-1.amazonaws.com/general_image/undefined/1778123592220_stamped_1778123585451.jpg", "Foto Spanduk/Papan Promosi": "https://mapidstorage.s3.ap-southeast-1.amazonaws.com/general_image/undefined/1778123602561_stamped_1778123599207.jpg", "Kontributor": "sherens3", "Latitude": -6.8860020768354815, "Longitude": 107.66840448692761, "Pengecekan": "Diterima", "Catatan Kesalahan": null, "ID Data": "69fc03591e49d759d1e80b1c" }, "geometry": { "type": "Point", "coordinates": [ 107.668404486927614, -6.886002076835481 ] } },
{ "type": "Feature", "properties": { "Kategori Properti": "Tanah", "Jenis Properti": "Dijual", " Tanggal": "2026-05-07", "Alamat": "Jalan Cikadut, Kel. Karang Pamulang, Karangpamulang, Kota Bandung, Indonesia", "Foto Tampak Depan": "https://mapidstorage.s3.ap-southeast-1.amazonaws.com/general_image/undefined/1778121723028_stamped_1778121715697.jpg", "Foto Spanduk/Papan Promosi": "https://mapidstorage.s3.ap-southeast-1.amazonaws.com/general_image/undefined/1778121739425_stamped_1778121729292.jpg", "Kontributor": "sherens3", "Latitude": -6.8919094372395051, "Longitude": 107.67235623762753, "Pengecekan": "Diterima", "Catatan Kesalahan": null, "ID Data": "69fbfc191e49d759d1e80432" }, "geometry": { "type": "Point", "coordinates": [ 107.672356237627525, -6.891909437239505 ] } },
{ "type": "Feature", "properties": { "Kategori Properti": "Rumah", "Jenis Properti": "Dijual", " Tanggal": "2026-05-07", "Alamat": "No. 28 RT 2 RW 05 Jalan Cikadut, Kel. Karang Pamulang, Karangpamulang, Mandalajati, Kota Bandung, Indonesia", "Foto Tampak Depan": "https://mapidstorage.s3.ap-southeast-1.amazonaws.com/general_image/undefined/1778121551463_stamped_1778121545143.jpg", "Foto Spanduk/Papan Promosi": "https://mapidstorage.s3.ap-southeast-1.amazonaws.com/general_image/undefined/1778121565659_stamped_1778121558877.jpg", "Kontributor": "sherens3", "Latitude": -6.8932722805710114, "Longitude": 107.67165609573726, "Pengecekan": "Diterima", "Catatan Kesalahan": null, "ID Data": "69fbfb7b24a8aa2ac93ef750" }, "geometry": { "type": "Point", "coordinates": [ 107.671656095737262, -6.893272280571011 ] } },
{ "type": "Feature", "properties": { "Kategori Properti": "Tanah", "Jenis Properti": "Dijual", " Tanggal": "2026-05-07", "Alamat": "Jalan Cikadut, Kel. Karang Pamulang, Karangpamulang, Mandalajati, Kota Bandung, Indonesia", "Foto Tampak Depan": "https://mapidstorage.s3.ap-southeast-1.amazonaws.com/general_image/undefined/1778121265256_stamped_1778121257830.jpg", "Foto Spanduk/Papan Promosi": "https://mapidstorage.s3.ap-southeast-1.amazonaws.com/general_image/undefined/1778121280385_stamped_1778121273430.jpg", "Kontributor": "sherens3", "Latitude": -6.8983830773435528, "Longitude": 107.66885004035674, "Pengecekan": "Diterima", "Catatan Kesalahan": null, "ID Data": "69fbfa4824a8aa2ac93ef65a" }, "geometry": { "type": "Point", "coordinates": [ 107.668850040356745, -6.898383077343553 ] } },
{ "type": "Feature", "properties": { "Kategori Properti": "Rumah", "Jenis Properti": "Dijual", " Tanggal": "2026-05-07", "Alamat": "Jalan Cikadut, Kel. Karang Pamulang, Karangpamulang, Mandalajati, Kota Bandung, Indonesia", "Foto Tampak Depan": "https://mapidstorage.s3.ap-southeast-1.amazonaws.com/general_image/undefined/1778121212438_stamped_1778121208141.jpg", "Foto Spanduk/Papan Promosi": "https://mapidstorage.s3.ap-southeast-1.amazonaws.com/general_image/undefined/1778121223043_stamped_1778121218228.jpg", "Kontributor": "sherens3", "Latitude": -6.8984175811277311, "Longitude": 107.66883610333872, "Pengecekan": "Diterima", "Catatan Kesalahan": null, "ID Data": "69fbfa151e49d759d1e802c6" }, "geometry": { "type": "Point", "coordinates": [ 107.66883610333872, -6.898417581127731 ] } },
{ "type": "Feature", "properties": { "Kategori Properti": "Rumah", "Jenis Properti": "Dijual", " Tanggal": "2026-05-07", "Alamat": "Jalan Cikadut, Kel. Karang Pamulang, Karangpamulang, Mandalajati, Kota Bandung, Indonesia", "Foto Tampak Depan": "https://mapidstorage.s3.ap-southeast-1.amazonaws.com/general_image/undefined/1778121157260_stamped_1778121145916.jpg", "Foto Spanduk/Papan Promosi": "https://mapidstorage.s3.ap-southeast-1.amazonaws.com/general_image/undefined/1778121174346_stamped_1778121166114.jpg", "Kontributor": "sherens3", "Latitude": -6.8984461865365034, "Longitude": 107.66884448274197, "Pengecekan": "Diterima", "Catatan Kesalahan": null, "ID Data": "69fbf9e224a8aa2ac93ef602" }, "geometry": { "type": "Point", "coordinates": [ 107.668844482741974, -6.898446186536503 ] } },
{ "type": "Feature", "properties": { "Kategori Properti": "Rumah", "Jenis Properti": "Dijual", " Tanggal": "2026-05-07", "Alamat": "Jalan Cikadut No.7 rt 1 rw 3, Kel. Karang Pamulang, Karangpamulang, Mandalajati, Kota Bandung, Indonesia", "Foto Tampak Depan": "https://mapidstorage.s3.ap-southeast-1.amazonaws.com/general_image/undefined/1778121049029_stamped_1778121040362.jpg", "Foto Spanduk/Papan Promosi": "https://mapidstorage.s3.ap-southeast-1.amazonaws.com/general_image/undefined/1778121063966_stamped_1778121056655.jpg", "Kontributor": "sherens3", "Latitude": -6.8991461865300039, "Longitude": 107.66865778271239, "Pengecekan": "Diterima", "Catatan Kesalahan": null, "ID Data": "69fbf98924a8aa2ac93ef5ec" }, "geometry": { "type": "Point", "coordinates": [ 107.668657782712387, -6.899146186530004 ] } },
{ "type": "Feature", "properties": { "Kategori Properti": "Rumah", "Jenis Properti": "Disewa", " Tanggal": "2026-05-07", "Alamat": "Jalan Surapati 61, Cihapit Bandung Wetan Bandung Jawa Barat, Cihaurgeulis, Coblong, Kota Bandung, Indonesia", "Foto Tampak Depan": "https://mapidstorage.s3.ap-southeast-1.amazonaws.com/general_image/undefined/1778119931442_stamped_1778119926113.jpg", "Foto Spanduk/Papan Promosi": "https://mapidstorage.s3.ap-southeast-1.amazonaws.com/general_image/undefined/1778119961816_stamped_1778119942046.jpg", "Kontributor": "sherens3", "Latitude": -6.8993307414781384, "Longitude": 107.62341123244425, "Pengecekan": "Diterima", "Catatan Kesalahan": null, "ID Data": "69fbf5317f628c656d9a2512" }, "geometry": { "type": "Point", "coordinates": [ 107.623411232444255, -6.899330741478138 ] } },
{ "type": "Feature", "properties": { "Kategori Properti": "Rumah", "Jenis Properti": "Disewa", " Tanggal": "2026-05-07", "Alamat": "Jl. Surya sumantri 1367, Indonesia", "Foto Tampak Depan": "https://mapidstorage.s3.ap-southeast-1.amazonaws.com/general_image/undefined/1778119337383_stamped_1778119328817.jpg", "Foto Spanduk/Papan Promosi": "https://mapidstorage.s3.ap-southeast-1.amazonaws.com/general_image/undefined/1778119353872_stamped_1778119345926.jpg", "Kontributor": "sherens3", "Latitude": -6.8899065414499461, "Longitude": 107.58157533253245, "Pengecekan": "Diterima", "Catatan Kesalahan": null, "ID Data": "69fbf2da7f628c656d9a2265" }, "geometry": { "type": "Point", "coordinates": [ 107.581575332532452, -6.889906541449946 ] } },
{ "type": "Feature", "properties": { "Kategori Properti": "Rumah", "Jenis Properti": "Dijual", " Tanggal": "2026-05-07", "Alamat": "Jl.surya sumantri nomor 26", "Foto Tampak Depan": "https://mapidstorage.s3.ap-southeast-1.amazonaws.com/general_image/undefined/1778119222113_stamped_1778119214215.jpg", "Foto Spanduk/Papan Promosi": "https://mapidstorage.s3.ap-southeast-1.amazonaws.com/general_image/undefined/1778119254994_stamped_1778119239276.jpg", "Kontributor": "sherens3", "Latitude": -6.8896274414342855, "Longitude": 107.58147803243412, "Pengecekan": "Diterima", "Catatan Kesalahan": null, "ID Data": "69fbf27a7f628c656d9a2239" }, "geometry": { "type": "Point", "coordinates": [ 107.58147803243412, -6.889627441434286 ] } },
{ "type": "Feature", "properties": { "Kategori Properti": "Ruko", "Jenis Properti": "Disewa", " Tanggal": "2026-05-07", "Alamat": "Jl. Surya Sumantri No.4B", "Foto Tampak Depan": "https://mapidstorage.s3.ap-southeast-1.amazonaws.com/general_image/undefined/1778118879232_stamped_1778118871769.jpg", "Foto Spanduk/Papan Promosi": "https://mapidstorage.s3.ap-southeast-1.amazonaws.com/general_image/undefined/1778118895472_stamped_1778118887169.jpg", "Kontributor": "sherens3", "Latitude": -6.8882455574580774, "Longitude": 107.58137682490286, "Pengecekan": "Diterima", "Catatan Kesalahan": null, "ID Data": "69fbf1057f628c656d9a21f5" }, "geometry": { "type": "Point", "coordinates": [ 107.581376824902861, -6.888245557458077 ] } },
{ "type": "Feature", "properties": { "Kategori Properti": "Tanah", "Jenis Properti": "Dijual", " Tanggal": "2026-05-07", "Alamat": "Jl. Raya Surya Sumantri No. 50 A 1367, Indonesia", "Foto Tampak Depan": "https://mapidstorage.s3.ap-southeast-1.amazonaws.com/general_image/undefined/1778118775637_stamped_1778118767104.jpg", "Foto Spanduk/Papan Promosi": "https://mapidstorage.s3.ap-southeast-1.amazonaws.com/general_image/undefined/1778118801356_stamped_1778118785490.jpg", "Kontributor": "sherens3", "Latitude": -6.8880144865112385, "Longitude": 107.58135118269939, "Pengecekan": "Diterima", "Catatan Kesalahan": null, "ID Data": "69fbf0be1e49d759d1e7f9a3" }, "geometry": { "type": "Point", "coordinates": [ 107.581351182699393, -6.888014486511238 ] } },
{ "type": "Feature", "properties": { "Kategori Properti": "Rumah", "Jenis Properti": "Dijual", " Tanggal": "2026-05-07", "Alamat": "Jl. Surya Sumantri 1367, Indonesia", "Foto Tampak Depan": "https://mapidstorage.s3.ap-southeast-1.amazonaws.com/general_image/undefined/1778118614981_stamped_1778118609958.jpg", "Foto Spanduk/Papan Promosi": "https://mapidstorage.s3.ap-southeast-1.amazonaws.com/general_image/undefined/1778118631046_stamped_1778118624368.jpg", "Kontributor": "sherens3", "Latitude": -6.882350600478091, "Longitude": 107.58150194994101, "Pengecekan": "Diterima", "Catatan Kesalahan": null, "ID Data": "69fbefea7f628c656d9a20c5" }, "geometry": { "type": "Point", "coordinates": [ 107.581501949941014, -6.882350600478091 ] } },
{ "type": "Feature", "properties": { "Kategori Properti": "Tanah", "Jenis Properti": "Disewa", " Tanggal": "2026-05-07", "Alamat": "Jl. Surya Sumantri, 1367, Indonesia", "Foto Tampak Depan": "https://mapidstorage.s3.ap-southeast-1.amazonaws.com/general_image/undefined/1778118462898_stamped_1778118449556.jpg", "Foto Spanduk/Papan Promosi": "https://mapidstorage.s3.ap-southeast-1.amazonaws.com/general_image/undefined/1778118524227_stamped_1778118515961.jpg", "Kontributor": "sherens3", "Latitude": -6.88209448648783, "Longitude": 107.58151948272808, "Pengecekan": "Diterima", "Catatan Kesalahan": null, "ID Data": "69fbef801e49d759d1e7f84a" }, "geometry": { "type": "Point", "coordinates": [ 107.581519482728083, -6.88209448648783 ] } },
{ "type": "Feature", "properties": { "Kategori Properti": "Kos", "Jenis Properti": "Disewa", " Tanggal": "2026-05-03", "Alamat": "Jalan Karasak Tengah I, Karasak, Astanaanyar, Kota Bandung, Indonesia", "Foto Tampak Depan": "https://mapidstorage.s3.ap-southeast-1.amazonaws.com/general_image/machrus/1777764876496_scaled_1000269337.jpg", "Foto Spanduk/Papan Promosi": "https://mapidstorage.s3.ap-southeast-1.amazonaws.com/general_image/machrus/1777764887884_scaled_1000269336.jpg", "Kontributor": "Muhammad Ali Machrus", "Latitude": -6.9494739552429223, "Longitude": 107.60815271618873, "Pengecekan": "Diterima", "Catatan Kesalahan": null, "ID Data": "69f68a1c7f628c656d97f3be" }, "geometry": { "type": "Point", "coordinates": [ 107.608152716188727, -6.949473955242922 ] } },
{ "type": "Feature", "properties": { "Kategori Properti": "Rumah", "Jenis Properti": "Dijual", " Tanggal": "2026-04-25", "Alamat": "Jalan Bengawan 29, Cihapit Bandung Wetan Bandung Jawa Barat, Cihapit, Bandung Wetan, Kota Bandung, Indonesia", "Foto Tampak Depan": "https://mapidstorage.s3.ap-southeast-1.amazonaws.com/general_image/egipratama/1777109828172_stamped_1777109825754.jpg", "Foto Spanduk/Papan Promosi": "https://mapidstorage.s3.ap-southeast-1.amazonaws.com/general_image/egipratama/1777109836896_stamped_1777109834495.jpg", "Kontributor": "Egi Pratama", "Latitude": -6.9067787961025005, "Longitude": 107.62669594542348, "Pengecekan": "Diterima", "Catatan Kesalahan": null, "ID Data": "69ec8b573f9db5a84a459ad9" }, "geometry": { "type": "Point", "coordinates": [ 107.626695945423478, -6.9067787961025 ] } },
{ "type": "Feature", "properties": { "Kategori Properti": "Rumah", "Jenis Properti": "Dijual", " Tanggal": "2026-04-25", "Alamat": " Taman Holis Indah I, Cigondewah Rahayu, Bandung Kulon, Kota Bandung, Indonesia", "Foto Tampak Depan": "https://mapidstorage.s3.ap-southeast-1.amazonaws.com/general_image/ananda_diva/1777079518234_stamped_1777079514261.jpg", "Foto Spanduk/Papan Promosi": "https://mapidstorage.s3.ap-southeast-1.amazonaws.com/general_image/ananda_diva/1777079539387_image_picker_45B32925-327A-4401-A083-6E10210FFDF0-65380-00000CAD380D44DA.jpg", "Kontributor": "Ananda Diva Victorya", "Latitude": -6.9427579125685668, "Longitude": 107.56440936891568, "Pengecekan": "Diterima", "Catatan Kesalahan": null, "ID Data": "69ec14fcf11df1e5a920024c" }, "geometry": { "type": "Point", "coordinates": [ 107.564409368915676, -6.942757912568567 ] } },
{ "type": "Feature", "properties": { "Kategori Properti": "Rumah", "Jenis Properti": "Dijual", " Tanggal": "2026-04-25", "Alamat": "Taman Holis Indah I B3/8, Cigondewah Rahayu, Bandung Kulon, Kota Bandung, Indonesia", "Foto Tampak Depan": "https://mapidstorage.s3.ap-southeast-1.amazonaws.com/general_image/ananda_diva/1777079384719_image_picker_E60C10AA-F1BA-4A60-BF79-81CEB0B5D3D2-65330-00000CAC5C585F8C.jpg", "Foto Spanduk/Papan Promosi": "https://mapidstorage.s3.ap-southeast-1.amazonaws.com/general_image/ananda_diva/1777079389946_image_picker_AC1E6505-FB82-477D-B2E0-B6805F3C7AF5-65330-00000CAC63EAB875.jpg", "Kontributor": "Ananda Diva Victorya", "Latitude": -6.9421112337639101, "Longitude": 107.56470066110131, "Pengecekan": "Diterima", "Catatan Kesalahan": null, "ID Data": "69ec14653f9db5a84a453a63" }, "geometry": { "type": "Point", "coordinates": [ 107.564700661101313, -6.94211123376391 ] } },
{ "type": "Feature", "properties": { "Kategori Properti": "Ruko", "Jenis Properti": "Disewa", " Tanggal": "2026-04-20", "Alamat": "Jalan Astana Anyar 29, Bandung Jawa Barat, Karanganyar, Astanaanyar, Kota Bandung, Indonesia", "Foto Tampak Depan": "https://mapidstorage.s3.ap-southeast-1.amazonaws.com/general_image/egipratama/1776668148932_stamped_1776668145968.jpg", "Foto Spanduk/Papan Promosi": "https://mapidstorage.s3.ap-southeast-1.amazonaws.com/general_image/egipratama/1776668160410_stamped_1776668157991.jpg", "Kontributor": "Egi Pratama", "Latitude": -6.9243534966005029, "Longitude": 107.5990201771761, "Pengecekan": "Diterima", "Catatan Kesalahan": null, "ID Data": "69e5ce02d8a2889ea2ef1031" }, "geometry": { "type": "Point", "coordinates": [ 107.599020177176101, -6.924353496600503 ] } },
{ "type": "Feature", "properties": { "Kategori Properti": "Kantor", "Jenis Properti": "Disewa", " Tanggal": "2026-04-19", "Alamat": "Jalan Merdeka 28, Babakan Ciamis Sumur Bandung Kota Bandung Jawa Barat, Babakan Ciamis, Sumur Bandung, Kota Bandung, Indonesia", "Foto Tampak Depan": "https://mapidstorage.s3.ap-southeast-1.amazonaws.com/general_image/bagusid/1776571908098_stamped_1776571898475.jpg", "Foto Spanduk/Papan Promosi": "https://mapidstorage.s3.ap-southeast-1.amazonaws.com/general_image/bagusid/1776571923643_stamped_1776571911828.jpg", "Kontributor": "Bagus Imam Darmawan ", "Latitude": -6.912045328366645, "Longitude": 107.610581518495, "Pengecekan": "Diterima", "Catatan Kesalahan": null, "ID Data": "69e45615492d90fe21a15020" }, "geometry": { "type": "Point", "coordinates": [ 107.610581518494996, -6.912045328366645 ] } },
{ "type": "Feature", "properties": { "Kategori Properti": "Ruko", "Jenis Properti": "Dijual", " Tanggal": "2026-04-19", "Alamat": "Jalan Merdeka 48, Dago Tamansari Bandung Kota Bandung Jawa Barat, Babakan Ciamis, Sumur Bandung, Kota Bandung, Indonesia", "Foto Tampak Depan": "https://mapidstorage.s3.ap-southeast-1.amazonaws.com/general_image/bagusid/1776571359655_stamped_1776571355332.jpg", "Foto Spanduk/Papan Promosi": "https://mapidstorage.s3.ap-southeast-1.amazonaws.com/general_image/bagusid/1776571367387_stamped_1776571365100.jpg", "Kontributor": "Bagus Imam Darmawan ", "Latitude": -6.9100431373935294, "Longitude": 107.6108224984967, "Pengecekan": "Diterima", "Catatan Kesalahan": null, "ID Data": "69e453e9d8a2889ea2ee5d32" }, "geometry": { "type": "Point", "coordinates": [ 107.610822498496702, -6.910043137393529 ] } },
{ "type": "Feature", "properties": { "Kategori Properti": "Ruko", "Jenis Properti": "Dijual", " Tanggal": "2026-04-19", "Alamat": "Jalan Merdeka 33, Dago Tamansari Bandung Kota Bandung Jawa Barat, Babakan Ciamis, Sumur Bandung, Kota Bandung, Indonesia", "Foto Tampak Depan": "https://mapidstorage.s3.ap-southeast-1.amazonaws.com/general_image/mapid.database/1777949592177_img_%251776571229017_stamped_1776571225510.jpg_%259beedbaf-565a-4e8c-820e-e50222f57099.jpeg", "Foto Spanduk/Papan Promosi": "https://mapidstorage.s3.ap-southeast-1.amazonaws.com/general_image/bagusid/1776571229017_stamped_1776571225510.jpg", "Kontributor": "Bagus Imam Darmawan ", "Latitude": -6.9074379920256206, "Longitude": 107.61046556222908, "Pengecekan": "Diterima", "Catatan Kesalahan": null, "ID Data": "69e4535f6d2bac15f947fa0e" }, "geometry": { "type": "Point", "coordinates": [ 107.610465562229081, -6.907437992025621 ] } },
{ "type": "Feature", "properties": { "Kategori Properti": "Kantor", "Jenis Properti": "Disewa", " Tanggal": "2026-04-19", "Alamat": "2182, Indonesia", "Foto Tampak Depan": "https://mapidstorage.s3.ap-southeast-1.amazonaws.com/general_image/bagusid/1776571000583_stamped_1776570997338.jpg", "Foto Spanduk/Papan Promosi": "https://mapidstorage.s3.ap-southeast-1.amazonaws.com/general_image/bagusid/1776571024223_stamped_1776571021976.jpg", "Kontributor": "Bagus Imam Darmawan ", "Latitude": -6.9048381441324693, "Longitude": 107.61076673843309, "Pengecekan": "Diterima", "Catatan Kesalahan": null, "ID Data": "69e452916d2bac15f947f833" }, "geometry": { "type": "Point", "coordinates": [ 107.610766738433085, -6.904838144132469 ] } },
{ "type": "Feature", "properties": { "Kategori Properti": "Kantor", "Jenis Properti": "Disewa", " Tanggal": "2026-04-19", "Alamat": "2182, Indonesia", "Foto Tampak Depan": "https://mapidstorage.s3.ap-southeast-1.amazonaws.com/general_image/bagusid/1776570938864_stamped_1776570936125.jpg", "Foto Spanduk/Papan Promosi": "https://mapidstorage.s3.ap-southeast-1.amazonaws.com/general_image/bagusid/1776570949996_stamped_1776570947911.jpg", "Kontributor": "Bagus Imam Darmawan ", "Latitude": -6.9048092735363724, "Longitude": 107.61056190579598, "Pengecekan": "Diterima", "Catatan Kesalahan": null, "ID Data": "69e45247d8a2889ea2ee5a36" }, "geometry": { "type": "Point", "coordinates": [ 107.610561905795976, -6.904809273536372 ] } },
{ "type": "Feature", "properties": { "Kategori Properti": "Rumah", "Jenis Properti": "Disewa", " Tanggal": "2026-04-19", "Alamat": "Jalan Raden Patah 19, Bandung Jawa Barat, Lebak Gede, Coblong, Kota Bandung, Indonesia", "Foto Tampak Depan": "https://mapidstorage.s3.ap-southeast-1.amazonaws.com/general_image/bagusid/1776570435689_stamped_1776570430762.jpg", "Foto Spanduk/Papan Promosi": "https://mapidstorage.s3.ap-southeast-1.amazonaws.com/general_image/bagusid/1776570448245_stamped_1776570440130.jpg", "Kontributor": "Bagus Imam Darmawan ", "Latitude": -6.8912248473331914, "Longitude": 107.61442384851182, "Pengecekan": "Diterima", "Catatan Kesalahan": null, "ID Data": "69e45051492d90fe21a14716" }, "geometry": { "type": "Point", "coordinates": [ 107.614423848511819, -6.891224847333191 ] } },
{ "type": "Feature", "properties": { "Kategori Properti": "Rumah", "Jenis Properti": "Disewa", " Tanggal": "2026-04-19", "Alamat": "Jalan Raden Patah 19, Bandung Jawa Barat, Lebak Gede, Coblong, Kota Bandung, Indonesia", "Foto Tampak Depan": "https://mapidstorage.s3.ap-southeast-1.amazonaws.com/general_image/bagusid/1776570409679_stamped_1776570393205.jpg", "Foto Spanduk/Papan Promosi": "https://mapidstorage.s3.ap-southeast-1.amazonaws.com/general_image/bagusid/1776570412347_stamped_1776570403807.jpg", "Kontributor": "Bagus Imam Darmawan ", "Latitude": -6.8910767248686824, "Longitude": 107.61440614695567, "Pengecekan": "Diterima", "Catatan Kesalahan": null, "ID Data": "69e4502d492d90fe21a14714" }, "geometry": { "type": "Point", "coordinates": [ 107.614406146955673, -6.891076724868682 ] } },
{ "type": "Feature", "properties": { "Kategori Properti": "Rumah", "Jenis Properti": "Disewa", " Tanggal": "2026-04-19", "Alamat": "Jalan Raden Patah 22, Bandung Jawa Barat, Lebak Gede, Coblong, Kota Bandung, Indonesia", "Foto Tampak Depan": "https://mapidstorage.s3.ap-southeast-1.amazonaws.com/general_image/bagusid/1776570279961_stamped_1776570265705.jpg", "Foto Spanduk/Papan Promosi": "https://mapidstorage.s3.ap-southeast-1.amazonaws.com/general_image/bagusid/1776570279954_stamped_1776570273872.jpg", "Kontributor": "Bagus Imam Darmawan ", "Latitude": -6.8890875576943529, "Longitude": 107.61489998805098, "Pengecekan": "Diterima", "Catatan Kesalahan": null, "ID Data": "69e44fa9d8a2889ea2ee5746" }, "geometry": { "type": "Point", "coordinates": [ 107.614899988050979, -6.889087557694353 ] } },
{ "type": "Feature", "properties": { "Kategori Properti": "Ruko", "Jenis Properti": "Disewa", " Tanggal": "2026-04-19", "Alamat": "Jalan Ir. H. Djuanda 98a, Bandung Jawa Barat, Lebak Gede, Coblong, Kota Bandung, Indonesia", "Foto Tampak Depan": "https://mapidstorage.s3.ap-southeast-1.amazonaws.com/general_image/bagusid/1776569651359_stamped_1776569647833.jpg", "Foto Spanduk/Papan Promosi": "https://mapidstorage.s3.ap-southeast-1.amazonaws.com/general_image/bagusid/1776569668853_stamped_1776569660036.jpg", "Kontributor": "Bagus Imam Darmawan ", "Latitude": -6.8949437089504784, "Longitude": 107.61316459095599, "Pengecekan": "Diterima", "Catatan Kesalahan": null, "ID Data": "69e44d4ad8a2889ea2ee5593" }, "geometry": { "type": "Point", "coordinates": [ 107.613164590955989, -6.894943708950478 ] } },
{ "type": "Feature", "properties": { "Kategori Properti": "Kantor", "Jenis Properti": "Disewa", " Tanggal": "2026-04-19", "Alamat": "2182, Indonesia", "Foto Tampak Depan": "https://mapidstorage.s3.ap-southeast-1.amazonaws.com/general_image/bagusid/1776569425256_stamped_1776569422752.jpg", "Foto Spanduk/Papan Promosi": "https://mapidstorage.s3.ap-southeast-1.amazonaws.com/general_image/bagusid/1776569433979_stamped_1776569431137.jpg", "Kontributor": "Bagus Imam Darmawan ", "Latitude": -6.8871240033979575, "Longitude": 107.61378855768322, "Pengecekan": "Diterima", "Catatan Kesalahan": null, "ID Data": "69e44c5ad8a2889ea2ee5472" }, "geometry": { "type": "Point", "coordinates": [ 107.613788557683222, -6.887124003397957 ] } },
{ "type": "Feature", "properties": { "Kategori Properti": "Rumah", "Jenis Properti": "Dijual", " Tanggal": "2026-04-19", "Alamat": "Jalan Ir. H. Djuanda 216b, Cisitu Baru, Dago, Coblong, Kota Bandung, Indonesia", "Foto Tampak Depan": "https://mapidstorage.s3.ap-southeast-1.amazonaws.com/general_image/bagusid/1776569258627_stamped_1776569255681.jpg", "Foto Spanduk/Papan Promosi": "https://mapidstorage.s3.ap-southeast-1.amazonaws.com/general_image/bagusid/1776569281007_stamped_1776569277736.jpg", "Kontributor": "Bagus Imam Darmawan ", "Latitude": -6.8829803972766115, "Longitude": 107.61469323516758, "Pengecekan": "Diterima", "Catatan Kesalahan": null, "ID Data": "69e44bc1d8a2889ea2ee5381" }, "geometry": { "type": "Point", "coordinates": [ 107.614693235167579, -6.882980397276611 ] } },
{ "type": "Feature", "properties": { "Kategori Properti": "Ruko", "Jenis Properti": "Dijual", " Tanggal": "2026-04-19", "Alamat": "Jalan Ir. H. Djuanda 216b, Cisitu Lama, Dago, Coblong, Kota Bandung, Indonesia", "Foto Tampak Depan": "https://mapidstorage.s3.ap-southeast-1.amazonaws.com/general_image/bagusid/1776569160860_stamped_1776569158590.jpg", "Foto Spanduk/Papan Promosi": "https://mapidstorage.s3.ap-southeast-1.amazonaws.com/general_image/bagusid/1776569169867_stamped_1776569168026.jpg", "Kontributor": "Bagus Imam Darmawan ", "Latitude": -6.8824941040928138, "Longitude": 107.61511000900026, "Pengecekan": "Diterima", "Catatan Kesalahan": null, "ID Data": "69e44b53492d90fe21a141cb" }, "geometry": { "type": "Point", "coordinates": [ 107.615110009000261, -6.882494104092814 ] } },
{ "type": "Feature", "properties": { "Kategori Properti": "Kos", "Jenis Properti": "Disewa", " Tanggal": "2026-04-19", "Alamat": "Jalan Ir. H. Djuanda 216b, Cisitu Lama, Dago, Coblong, Kota Bandung, Indonesia", "Foto Tampak Depan": "https://mapidstorage.s3.ap-southeast-1.amazonaws.com/general_image/bagusid/1776569103952_stamped_1776569102089.jpg", "Foto Spanduk/Papan Promosi": "https://mapidstorage.s3.ap-southeast-1.amazonaws.com/general_image/bagusid/1776569111269_stamped_1776569109590.jpg", "Kontributor": "Bagus Imam Darmawan ", "Latitude": -6.8821412280884431, "Longitude": 107.61536238989561, "Pengecekan": "Diterima", "Catatan Kesalahan": null, "ID Data": "69e44b18492d90fe21a140e0" }, "geometry": { "type": "Point", "coordinates": [ 107.615362389895608, -6.882141228088443 ] } },
{ "type": "Feature", "properties": { "Kategori Properti": "Rumah", "Jenis Properti": "Disewa", " Tanggal": "2026-04-19", "Alamat": "Jalan Ir. H. Djuanda 216b, Cisitu Lama, Dago, Coblong, Kota Bandung, Indonesia", "Foto Tampak Depan": "https://mapidstorage.s3.ap-southeast-1.amazonaws.com/general_image/bagusid/1776569024494_stamped_1776569022299.jpg", "Foto Spanduk/Papan Promosi": "https://mapidstorage.s3.ap-southeast-1.amazonaws.com/general_image/bagusid/1776569041315_stamped_1776569038752.jpg", "Kontributor": "Bagus Imam Darmawan ", "Latitude": -6.881638329845174, "Longitude": 107.61572488203609, "Pengecekan": "Diterima", "Catatan Kesalahan": null, "ID Data": "69e44ad2492d90fe21a1401d" }, "geometry": { "type": "Point", "coordinates": [ 107.615724882036091, -6.881638329845174 ] } },
{ "type": "Feature", "properties": { "Kategori Properti": "Ruko", "Jenis Properti": "Disewa", " Tanggal": "2026-04-19", "Alamat": "Jalan Ir. H. Djuanda 287, Cisitu Lama, Sekeloa, Coblong, Kota Bandung, Indonesia", "Foto Tampak Depan": "https://mapidstorage.s3.ap-southeast-1.amazonaws.com/general_image/bagusid/1776568975769_stamped_1776568973397.jpg", "Foto Spanduk/Papan Promosi": "https://mapidstorage.s3.ap-southeast-1.amazonaws.com/general_image/bagusid/1776568986672_stamped_1776568983282.jpg", "Kontributor": "Bagus Imam Darmawan ", "Latitude": -6.8812664414366509, "Longitude": 107.61610469109081, "Pengecekan": "Diterima", "Catatan Kesalahan": null, "ID Data": "69e44a9b492d90fe21a13f28" }, "geometry": { "type": "Point", "coordinates": [ 107.616104691090811, -6.881266441436651 ] } },
{ "type": "Feature", "properties": { "Kategori Properti": "Rumah", "Jenis Properti": "Dijual", " Tanggal": "2026-04-19", "Alamat": "Jalan Ir. H. Djuanda 287, Cisitu Lama, Dago, Coblong, Kota Bandung, Indonesia", "Foto Tampak Depan": "https://mapidstorage.s3.ap-southeast-1.amazonaws.com/general_image/mapid.database/1776652649593_img_%25rumah%2014_%25f723489f-658f-4567-b577-654f0da74a3b.png", "Foto Spanduk/Papan Promosi": "https://mapidstorage.s3.ap-southeast-1.amazonaws.com/general_image/bagusid/1776568920460_stamped_1776568918220.jpg", "Kontributor": "Bagus Imam Darmawan ", "Latitude": -6.880720675287435, "Longitude": 107.61625329868309, "Pengecekan": "Diterima", "Catatan Kesalahan": null, "ID Data": "69e44a5d492d90fe21a13e06" }, "geometry": { "type": "Point", "coordinates": [ 107.616253298683091, -6.880720675287435 ] } },
{ "type": "Feature", "properties": { "Kategori Properti": "Ruko", "Jenis Properti": "Disewa", " Tanggal": "2026-04-19", "Alamat": "Jalan Ir. H. Djuanda 287, Badung, Dago, Coblong, Kota Bandung, Indonesia", "Foto Tampak Depan": "https://mapidstorage.s3.ap-southeast-1.amazonaws.com/general_image/bagusid/1776568711351_stamped_1776568709026.jpg", "Foto Spanduk/Papan Promosi": "https://mapidstorage.s3.ap-southeast-1.amazonaws.com/general_image/bagusid/1776568726062_stamped_1776568723979.jpg", "Kontributor": "Bagus Imam Darmawan ", "Latitude": -6.8804780328854918, "Longitude": 107.61609277259464, "Pengecekan": "Diterima", "Catatan Kesalahan": null, "ID Data": "69e44998492d90fe21a13b16" }, "geometry": { "type": "Point", "coordinates": [ 107.616092772594641, -6.880478032885492 ] } },
{ "type": "Feature", "properties": { "Kategori Properti": "Rumah", "Jenis Properti": "Dijual", " Tanggal": "2026-04-19", "Alamat": "Jalan Ir. H. Djuanda 287, Badung, Dago, Coblong, Kota Bandung, Indonesia", "Foto Tampak Depan": "https://mapidstorage.s3.ap-southeast-1.amazonaws.com/general_image/bagusid/1776568638378_stamped_1776568636428.jpg", "Foto Spanduk/Papan Promosi": "https://mapidstorage.s3.ap-southeast-1.amazonaws.com/general_image/bagusid/1776568648499_stamped_1776568646013.jpg", "Kontributor": "Bagus Imam Darmawan ", "Latitude": -6.8797443087278367, "Longitude": 107.61621294406478, "Pengecekan": "Diterima", "Catatan Kesalahan": null, "ID Data": "69e449496d2bac15f947e8b9" }, "geometry": { "type": "Point", "coordinates": [ 107.616212944064785, -6.879744308727837 ] } },
{ "type": "Feature", "properties": { "Kategori Properti": "Ruko", "Jenis Properti": "Disewa", " Tanggal": "2026-04-19", "Alamat": "Jalan Ir. H. Djuanda 332, Badung, Dago, Coblong, Kota Bandung, Indonesia", "Foto Tampak Depan": "https://mapidstorage.s3.ap-southeast-1.amazonaws.com/general_image/bagusid/1776568558928_stamped_1776568556840.jpg", "Foto Spanduk/Papan Promosi": "https://mapidstorage.s3.ap-southeast-1.amazonaws.com/general_image/bagusid/1776568569786_stamped_1776568567342.jpg", "Kontributor": "Bagus Imam Darmawan ", "Latitude": -6.8787485564939033, "Longitude": 107.61678743343077, "Pengecekan": "Diterima", "Catatan Kesalahan": null, "ID Data": "69e448fa492d90fe21a13982" }, "geometry": { "type": "Point", "coordinates": [ 107.616787433430773, -6.878748556493903 ] } },
{ "type": "Feature", "properties": { "Kategori Properti": "Ruko", "Jenis Properti": "Dijual", " Tanggal": "2026-04-19", "Alamat": "Jalan Ir. H. Djuanda 332, Badung, Dago, Coblong, Kota Bandung, Indonesia", "Foto Tampak Depan": "https://mapidstorage.s3.ap-southeast-1.amazonaws.com/general_image/bagusid/1776568506676_stamped_1776568504594.jpg", "Foto Spanduk/Papan Promosi": "https://mapidstorage.s3.ap-southeast-1.amazonaws.com/general_image/bagusid/1776568516643_stamped_1776568514363.jpg", "Kontributor": "Bagus Imam Darmawan ", "Latitude": -6.8784909583226863, "Longitude": 107.61683663966409, "Pengecekan": "Diterima", "Catatan Kesalahan": null, "ID Data": "69e448c6d8a2889ea2ee49b7" }, "geometry": { "type": "Point", "coordinates": [ 107.616836639664086, -6.878490958322686 ] } },
{ "type": "Feature", "properties": { "Kategori Properti": "Ruko", "Jenis Properti": "Dijual", " Tanggal": "2026-04-19", "Alamat": "Gang Wardia, Badung, Dago, Coblong, Kota Bandung, Indonesia", "Foto Tampak Depan": "https://mapidstorage.s3.ap-southeast-1.amazonaws.com/general_image/mapid.database/1776652103532_img_%25rumah1_%25b253db31-1266-4257-bf3c-1486013343ff.png", "Foto Spanduk/Papan Promosi": "https://mapidstorage.s3.ap-southeast-1.amazonaws.com/general_image/bagusid/1776568449842_stamped_1776568447527.jpg", "Kontributor": "Bagus Imam Darmawan ", "Latitude": -6.8779748153010729, "Longitude": 107.61679887922293, "Pengecekan": "Diterima", "Catatan Kesalahan": null, "ID Data": "69e44883d8a2889ea2ee490c" }, "geometry": { "type": "Point", "coordinates": [ 107.616798879222927, -6.877974815301073 ] } },
{ "type": "Feature", "properties": { "Kategori Properti": "Kos", "Jenis Properti": "Disewa", " Tanggal": "2026-04-19", "Alamat": "Jalan Ir. H. Djuanda 289, Badung, Dago, Coblong, Kota Bandung, Indonesia", "Foto Tampak Depan": "https://mapidstorage.s3.ap-southeast-1.amazonaws.com/general_image/bagusid/1776568395485_stamped_1776568393451.jpg", "Foto Spanduk/Papan Promosi": "https://mapidstorage.s3.ap-southeast-1.amazonaws.com/general_image/bagusid/1776568407601_stamped_1776568405485.jpg", "Kontributor": "Bagus Imam Darmawan ", "Latitude": -6.8778794120932645, "Longitude": 107.61684819079755, "Pengecekan": "Diterima", "Catatan Kesalahan": null, "ID Data": "69e44858d8a2889ea2ee48f8" }, "geometry": { "type": "Point", "coordinates": [ 107.616848190797555, -6.877879412093264 ] } },
{ "type": "Feature", "properties": { "Kategori Properti": "Retail FnB", "Jenis Properti": "Disewa", " Tanggal": "2026-04-19", "Alamat": "Jalan Ir. H. Djuanda 340, Badung, Dago, Coblong, Kota Bandung, Indonesia", "Foto Tampak Depan": "https://mapidstorage.s3.ap-southeast-1.amazonaws.com/general_image/bagusid/1776568323832_stamped_1776568321418.jpg", "Foto Spanduk/Papan Promosi": "https://mapidstorage.s3.ap-southeast-1.amazonaws.com/general_image/bagusid/1776568332084_stamped_1776568330053.jpg", "Kontributor": "Bagus Imam Darmawan ", "Latitude": -6.8777363071182833, "Longitude": 107.61725027179267, "Pengecekan": "Diterima", "Catatan Kesalahan": null, "ID Data": "69e44814d8a2889ea2ee4827" }, "geometry": { "type": "Point", "coordinates": [ 107.61725027179267, -6.877736307118283 ] } },
{ "type": "Feature", "properties": { "Kategori Properti": "Ruko", "Jenis Properti": "Disewa", " Tanggal": "2026-04-19", "Alamat": "Jalan Ir. H. Djuanda 340, Dago Coblong Kota Bandung Jawa Barat, Dago, Coblong, Kota Bandung, Indonesia", "Foto Tampak Depan": "https://mapidstorage.s3.ap-southeast-1.amazonaws.com/general_image/bagusid/1776566306492_stamped_1776566304105.jpg", "Foto Spanduk/Papan Promosi": "https://mapidstorage.s3.ap-southeast-1.amazonaws.com/general_image/bagusid/1776566316424_stamped_1776566313124.jpg", "Kontributor": "Bagus Imam Darmawan ", "Latitude": -6.8751324084039851, "Longitude": 107.61895410362445, "Pengecekan": "Diterima", "Catatan Kesalahan": null, "ID Data": "69e4402d492d90fe21a12e9c" }, "geometry": { "type": "Point", "coordinates": [ 107.618954103624446, -6.875132408403985 ] } },
{ "type": "Feature", "properties": { "Kategori Properti": "Rumah", "Jenis Properti": "Dijual", " Tanggal": "2026-04-19", "Alamat": "Jalan Ir. H. Djuanda 340, Bandung Jawa Barat, Dago, Coblong, Kota Bandung, Indonesia", "Foto Tampak Depan": "https://mapidstorage.s3.ap-southeast-1.amazonaws.com/general_image/bagusid/1776566196937_stamped_1776566194624.jpg", "Foto Spanduk/Papan Promosi": "https://mapidstorage.s3.ap-southeast-1.amazonaws.com/general_image/bagusid/1776566212272_stamped_1776566209561.jpg", "Kontributor": "Bagus Imam Darmawan ", "Latitude": -6.873000062021319, "Longitude": 107.61986786195172, "Pengecekan": "Diterima", "Catatan Kesalahan": null, "ID Data": "69e43fc5d8a2889ea2ee3e91" }, "geometry": { "type": "Point", "coordinates": [ 107.619867861951718, -6.873000062021319 ] } },
{ "type": "Feature", "properties": { "Kategori Properti": "Ruko", "Jenis Properti": "Dijual", " Tanggal": "2026-04-19", "Alamat": "Gang Dago Jati III, Bandung Jawa Barat, Dago, Coblong, Kota Bandung, Indonesia", "Foto Tampak Depan": "https://mapidstorage.s3.ap-southeast-1.amazonaws.com/general_image/mapid.database/1776651981712_img_%25rumah_%25ef9e21ee-6c6c-4522-a6a8-6529157fd65b.png", "Foto Spanduk/Papan Promosi": "https://mapidstorage.s3.ap-southeast-1.amazonaws.com/general_image/bagusid/1776566142577_stamped_1776566140251.jpg", "Kontributor": "Bagus Imam Darmawan ", "Latitude": -6.8726081748373957, "Longitude": 107.61996939827702, "Pengecekan": "Diterima", "Catatan Kesalahan": null, "ID Data": "69e43f7f492d90fe21a12d1a" }, "geometry": { "type": "Point", "coordinates": [ 107.619969398277021, -6.872608174837396 ] } },
{ "type": "Feature", "properties": { "Kategori Properti": "Rumah", "Jenis Properti": "Disewa", " Tanggal": "2026-04-19", "Alamat": "Jalan Ir. H. Djuanda 340, Bandung Jawa Barat, Dago, Coblong, Kota Bandung, Indonesia", "Foto Tampak Depan": "https://mapidstorage.s3.ap-southeast-1.amazonaws.com/general_image/bagusid/1776565993808_stamped_1776565991841.jpg", "Foto Spanduk/Papan Promosi": "https://mapidstorage.s3.ap-southeast-1.amazonaws.com/general_image/bagusid/1776566004071_stamped_1776566001860.jpg", "Kontributor": "Bagus Imam Darmawan ", "Latitude": -6.8687162168385214, "Longitude": 107.62039225868398, "Pengecekan": "Diterima", "Catatan Kesalahan": null, "ID Data": "69e43ef5492d90fe21a12b91" }, "geometry": { "type": "Point", "coordinates": [ 107.620392258683978, -6.868716216838521 ] } },
{ "type": "Feature", "properties": { "Kategori Properti": "Rumah", "Jenis Properti": "Dijual", " Tanggal": "2026-04-19", "Alamat": "Jalan Ir. H. Djuanda 340, Capitol Dago Valley, Dago, Coblong, Kota Bandung, Indonesia", "Foto Tampak Depan": "https://mapidstorage.s3.ap-southeast-1.amazonaws.com/general_image/bagusid/1776565916515_stamped_1776565912891.jpg", "Foto Spanduk/Papan Promosi": "https://mapidstorage.s3.ap-southeast-1.amazonaws.com/general_image/bagusid/1776565922874_stamped_1776565920709.jpg", "Kontributor": "Bagus Imam Darmawan ", "Latitude": -6.8675755740137561, "Longitude": 107.62062047656059, "Pengecekan": "Diterima", "Catatan Kesalahan": null, "ID Data": "69e43ea3492d90fe21a12a92" }, "geometry": { "type": "Point", "coordinates": [ 107.620620476560589, -6.867575574013756 ] } },
{ "type": "Feature", "properties": { "Kategori Properti": "Tanah", "Jenis Properti": "Dijual", " Tanggal": "2026-04-19", "Alamat": "Jalan Ir. H. Djuanda 340, Bandung Jawa Barat, Dago, Coblong, Kota Bandung, Indonesia", "Foto Tampak Depan": "https://mapidstorage.s3.ap-southeast-1.amazonaws.com/general_image/bagusid/1776565687263_stamped_1776565684407.jpg", "Foto Spanduk/Papan Promosi": "https://mapidstorage.s3.ap-southeast-1.amazonaws.com/general_image/bagusid/1776565694363_stamped_1776565691859.jpg", "Kontributor": "Bagus Imam Darmawan ", "Latitude": -6.864178648229327, "Longitude": 107.62410388017196, "Pengecekan": "Diterima", "Catatan Kesalahan": null, "ID Data": "69e43dbfd8a2889ea2ee3a1e" }, "geometry": { "type": "Point", "coordinates": [ 107.624103880171958, -6.864178648229327 ] } },
{ "type": "Feature", "properties": { "Kategori Properti": "Ruko", "Jenis Properti": "Disewa", " Tanggal": "2026-04-19", "Alamat": "Jalan Ir. H. Djuanda 340, Bandung Jawa Barat, Dago, Coblong, Kota Bandung, Indonesia", "Foto Tampak Depan": "https://mapidstorage.s3.ap-southeast-1.amazonaws.com/general_image/bagusid/1776565632036_stamped_1776565629513.jpg", "Foto Spanduk/Papan Promosi": "https://mapidstorage.s3.ap-southeast-1.amazonaws.com/general_image/bagusid/1776565648101_stamped_1776565645683.jpg", "Kontributor": "Bagus Imam Darmawan ", "Latitude": -6.8640870084572612, "Longitude": 107.62382191778875, "Pengecekan": "Diterima", "Catatan Kesalahan": null, "ID Data": "69e43d936d2bac15f947d78f" }, "geometry": { "type": "Point", "coordinates": [ 107.623821917788746, -6.864087008457261 ] } },
{ "type": "Feature", "properties": { "Kategori Properti": "Rumah", "Jenis Properti": "Disewa", " Tanggal": "2026-04-19", "Alamat": "Jalan Ir. H. Djuanda 340, Bandung Jawa Barat, Dago, Coblong, Kota Bandung, Indonesia", "Foto Tampak Depan": "https://mapidstorage.s3.ap-southeast-1.amazonaws.com/general_image/bagusid/1776565569022_stamped_1776565566087.jpg", "Foto Spanduk/Papan Promosi": "https://mapidstorage.s3.ap-southeast-1.amazonaws.com/general_image/bagusid/1776565584489_stamped_1776565581803.jpg", "Kontributor": "Bagus Imam Darmawan ", "Latitude": -6.8639903476708355, "Longitude": 107.62400146426739, "Pengecekan": "Diterima", "Catatan Kesalahan": null, "ID Data": "69e43d51492d90fe21a12853" }, "geometry": { "type": "Point", "coordinates": [ 107.624001464267394, -6.863990347670835 ] } },
{ "type": "Feature", "properties": { "Kategori Properti": "Rumah", "Jenis Properti": "Dijual", " Tanggal": "2026-04-19", "Alamat": "Jalan Ir. H. Djuanda 340, Bandung Jawa Barat, Dago, Coblong, Kota Bandung, Indonesia", "Foto Tampak Depan": "https://mapidstorage.s3.ap-southeast-1.amazonaws.com/general_image/bagusid/1776565499775_stamped_1776565496987.jpg", "Foto Spanduk/Papan Promosi": "https://mapidstorage.s3.ap-southeast-1.amazonaws.com/general_image/bagusid/1776565510679_stamped_1776565507355.jpg", "Kontributor": "Bagus Imam Darmawan ", "Latitude": -6.8635818846347405, "Longitude": 107.62466258914037, "Pengecekan": "Diterima", "Catatan Kesalahan": null, "ID Data": "69e43d08d8a2889ea2ee38ce" }, "geometry": { "type": "Point", "coordinates": [ 107.624662589140371, -6.863581884634741 ] } },
{ "type": "Feature", "properties": { "Kategori Properti": "Ruko", "Jenis Properti": "Dijual", " Tanggal": "2026-04-19", "Alamat": "Jalan Jenderal Ahmad Yani 425, Cihapit Bandung Wetan Bandung Jawa Barat, Sukamaju, Kota Bandung, 402821, Indonesia", "Foto Tampak Depan": "https://mapidstorage.s3.ap-southeast-1.amazonaws.com/general_image/muhammad.alhadiansyah/1776559251352_stamped_1776559249231.jpg", "Foto Spanduk/Papan Promosi": "https://mapidstorage.s3.ap-southeast-1.amazonaws.com/general_image/muhammad.alhadiansyah/1776559258224_stamped_1776559256014.jpg", "Kontributor": "Muhammad Alhadiansyah", "Latitude": -6.9115160418977979, "Longitude": 107.63792603837072, "Pengecekan": "Diterima", "Catatan Kesalahan": null, "ID Data": "69e4249b492d90fe21a10a10" }, "geometry": { "type": "Point", "coordinates": [ 107.637926038370722, -6.911516041897798 ] } },
{ "type": "Feature", "properties": { "Kategori Properti": "Ruko", "Jenis Properti": "Dijual", " Tanggal": "2026-04-19", "Alamat": "Jalan Jenderal Ahmad Yani 425, Cihapit Bandung Wetan Bandung Jawa Barat, Sukamaju, Kota Bandung, 402821, Indonesia", "Foto Tampak Depan": "https://mapidstorage.s3.ap-southeast-1.amazonaws.com/general_image/muhammad.alhadiansyah/1776559220427_stamped_1776559203088.jpg", "Foto Spanduk/Papan Promosi": "https://mapidstorage.s3.ap-southeast-1.amazonaws.com/general_image/muhammad.alhadiansyah/1776559218632_stamped_1776559216518.jpg", "Kontributor": "Muhammad Alhadiansyah", "Latitude": -6.9116252457595948, "Longitude": 107.63771867564054, "Pengecekan": "Diterima", "Catatan Kesalahan": null, "ID Data": "69e42477d8a2889ea2ee1ace" }, "geometry": { "type": "Point", "coordinates": [ 107.637718675640542, -6.911625245759595 ] } },
{ "type": "Feature", "properties": { "Kategori Properti": "Ruko", "Jenis Properti": "Disewa", " Tanggal": "2026-04-19", "Alamat": "Gang Kalsih, Cihapit Bandung Wetan Bandung Jawa Barat, Sukamaju, Cibeunying Kidul, Kota Bandung, 402821, Indonesia", "Foto Tampak Depan": "https://mapidstorage.s3.ap-southeast-1.amazonaws.com/general_image/muhammad.alhadiansyah/1776559099489_stamped_1776559095724.jpg", "Foto Spanduk/Papan Promosi": "https://mapidstorage.s3.ap-southeast-1.amazonaws.com/general_image/muhammad.alhadiansyah/1776559111023_stamped_1776559108658.jpg", "Kontributor": "Muhammad Alhadiansyah", "Latitude": -6.9122127070649384, "Longitude": 107.63649623688804, "Pengecekan": "Diterima", "Catatan Kesalahan": null, "ID Data": "69e4240ed8a2889ea2ee1a72" }, "geometry": { "type": "Point", "coordinates": [ 107.636496236888036, -6.912212707064938 ] } },
{ "type": "Feature", "properties": { "Kategori Properti": "Ruko", "Jenis Properti": "Disewa", " Tanggal": "2026-04-19", "Alamat": "Jalan Jenderal Ahmad Yani 336-338, Kel. Kacapiring, Kacapiring, Batununggal, Kota Bandung, 402821, Indonesia", "Foto Tampak Depan": "https://mapidstorage.s3.ap-southeast-1.amazonaws.com/general_image/muhammad.alhadiansyah/1776559035233_stamped_1776559014183.jpg", "Foto Spanduk/Papan Promosi": "https://mapidstorage.s3.ap-southeast-1.amazonaws.com/general_image/muhammad.alhadiansyah/1776559028921_stamped_1776559026547.jpg", "Kontributor": "Muhammad Alhadiansyah", "Latitude": -6.912636602520692, "Longitude": 107.6361441741816, "Pengecekan": "Diterima", "Catatan Kesalahan": null, "ID Data": "69e423c0492d90fe21a10900" }, "geometry": { "type": "Point", "coordinates": [ 107.636144174181595, -6.912636602520692 ] } },
{ "type": "Feature", "properties": { "Kategori Properti": "Kos", "Jenis Properti": "Disewa", " Tanggal": "2026-04-19", "Alamat": "Jalan Terusan Brigjend Katamso, Kel. Cikutra, Cikutra, Cibeunying Kidul, Kota Bandung, Indonesia", "Foto Tampak Depan": "https://mapidstorage.s3.ap-southeast-1.amazonaws.com/general_image/muhammad.alhadiansyah/1776557126349_stamped_1776557124557.jpg", "Foto Spanduk/Papan Promosi": "https://mapidstorage.s3.ap-southeast-1.amazonaws.com/general_image/muhammad.alhadiansyah/1776557134997_stamped_1776557132394.jpg", "Kontributor": "Muhammad Alhadiansyah", "Latitude": -6.9009791268754839, "Longitude": 107.63788700225723, "Pengecekan": "Diterima", "Catatan Kesalahan": null, "ID Data": "69e41c516d2bac15f947b0b2" }, "geometry": { "type": "Point", "coordinates": [ 107.63788700225723, -6.900979126875484 ] } },
{ "type": "Feature", "properties": { "Kategori Properti": "Kos", "Jenis Properti": "Disewa", " Tanggal": "2026-04-19", "Alamat": "Jalan Sekepanjangan III, Kel. Cikutra, Cikutra, Cibeunying Kidul, Kota Bandung, Indonesia", "Foto Tampak Depan": "https://mapidstorage.s3.ap-southeast-1.amazonaws.com/general_image/muhammad.alhadiansyah/1776556879412_stamped_1776556877002.jpg", "Foto Spanduk/Papan Promosi": "https://mapidstorage.s3.ap-southeast-1.amazonaws.com/general_image/muhammad.alhadiansyah/1776556887482_stamped_1776556885242.jpg", "Kontributor": "Muhammad Alhadiansyah", "Latitude": -6.9020233415338907, "Longitude": 107.64137836833646, "Pengecekan": "Diterima", "Catatan Kesalahan": null, "ID Data": "69e41b586d2bac15f947aed0" }, "geometry": { "type": "Point", "coordinates": [ 107.641378368336461, -6.902023341533891 ] } },
{ "type": "Feature", "properties": { "Kategori Properti": "Rumah", "Jenis Properti": "Dijual", " Tanggal": "2026-04-18", "Alamat": "Bulevar Taman Holis Indah, Cigondewah Kidul, Bandung Kulon, Kota Bandung, Indonesia", "Foto Tampak Depan": "https://mapidstorage.s3.ap-southeast-1.amazonaws.com/general_image/undefined/1776500601668_stamped_1776500586848.jpg", "Foto Spanduk/Papan Promosi": "https://mapidstorage.s3.ap-southeast-1.amazonaws.com/general_image/undefined/1776500577368_stamped_1776500562720.jpg", "Kontributor": "casinx87", "Latitude": -6.9438767079616923, "Longitude": 107.562980113881, "Pengecekan": "Diterima", "Catatan Kesalahan": "Rumah", "ID Data": "69e33f82492d90fe21a0ba4d" }, "geometry": { "type": "Point", "coordinates": [ 107.562980113880997, -6.943876707961692 ] } },
{ "type": "Feature", "properties": { "Kategori Properti": "Rumah", "Jenis Properti": "Dijual", " Tanggal": "2026-04-18", "Alamat": "Bulevar Taman Holis Indah, Cigondewah Kidul, Bandung Kulon, Kota Bandung, Indonesia", "Foto Tampak Depan": "https://mapidstorage.s3.ap-southeast-1.amazonaws.com/general_image/undefined/1776500481853_stamped_1776500470658.jpg", "Foto Spanduk/Papan Promosi": "https://mapidstorage.s3.ap-southeast-1.amazonaws.com/general_image/undefined/1776500503013_stamped_1776500492005.jpg", "Kontributor": "casinx87", "Latitude": -6.9437512023217494, "Longitude": 107.56302901640964, "Pengecekan": "Diterima", "Catatan Kesalahan": "Rumah", "ID Data": "69e33f1fd8a2889ea2edca7a" }, "geometry": { "type": "Point", "coordinates": [ 107.563029016409644, -6.943751202321749 ] } },
{ "type": "Feature", "properties": { "Kategori Properti": "Rumah", "Jenis Properti": "Dijual", " Tanggal": "2026-04-18", "Alamat": "Jalan Holis, Caringin, Bandung Kulon, Kota Bandung, Indonesia", "Foto Tampak Depan": "https://mapidstorage.s3.ap-southeast-1.amazonaws.com/general_image/undefined/1776499906390_stamped_1776499892523.jpg", "Foto Spanduk/Papan Promosi": "https://mapidstorage.s3.ap-southeast-1.amazonaws.com/general_image/undefined/1776499928830_stamped_1776499915623.jpg", "Kontributor": "casinx87", "Latitude": -6.927815198356015, "Longitude": 107.57399677201988, "Pengecekan": "Diterima", "Catatan Kesalahan": "Jl holis", "ID Data": "69e33ce5492d90fe21a0b8c5" }, "geometry": { "type": "Point", "coordinates": [ 107.573996772019882, -6.927815198356015 ] } },
{ "type": "Feature", "properties": { "Kategori Properti": "Ruko", "Jenis Properti": "Dijual", " Tanggal": "2026-04-18", "Alamat": "Jalan Belakang Factory, Balong Gede, Braga, Sumur Bandung, Kota Bandung, Indonesia", "Foto Tampak Depan": "https://mapidstorage.s3.ap-southeast-1.amazonaws.com/general_image/dwidwi/1776479905920_scaled_1000100930.jpg", "Foto Spanduk/Papan Promosi": "https://mapidstorage.s3.ap-southeast-1.amazonaws.com/general_image/dwidwi/1776479911987_scaled_1000100930.jpg", "Kontributor": "Dwi Dwi", "Latitude": -6.9200174447733929, "Longitude": 107.60696830000188, "Pengecekan": "Diterima", "Catatan Kesalahan": null, "ID Data": "69e2eeaa6d2bac15f9471a20" }, "geometry": { "type": "Point", "coordinates": [ 107.606968300001881, -6.920017444773393 ] } },
{ "type": "Feature", "properties": { "Kategori Properti": "Ruko", "Jenis Properti": "Dijual", " Tanggal": "2026-04-18", "Alamat": "Jalan Belakang Factory, Balong Gede, Braga, Sumur Bandung, Kota Bandung, Indonesia", "Foto Tampak Depan": "https://mapidstorage.s3.ap-southeast-1.amazonaws.com/general_image/dwidwi/1776479864781_scaled_1000100929.jpg", "Foto Spanduk/Papan Promosi": "https://mapidstorage.s3.ap-southeast-1.amazonaws.com/general_image/dwidwi/1776479868405_scaled_1000100928.jpg", "Kontributor": "Dwi Dwi", "Latitude": -6.9200174447733929, "Longitude": 107.60696830000188, "Pengecekan": "Diterima", "Catatan Kesalahan": null, "ID Data": "69e2ee7d492d90fe21a06b53" }, "geometry": { "type": "Point", "coordinates": [ 107.606968300001881, -6.920017444773393 ] } },
{ "type": "Feature", "properties": { "Kategori Properti": "Kantor", "Jenis Properti": "Disewa", " Tanggal": "2026-04-17", "Alamat": "Jalan Sunda, Kota Bandung", "Foto Tampak Depan": "https://mapidstorage.s3.ap-southeast-1.amazonaws.com/general_image/bagusid/1776391885253_stamped_1776391882502.jpg", "Foto Spanduk/Papan Promosi": "https://mapidstorage.s3.ap-southeast-1.amazonaws.com/general_image/bagusid/1776391892193_stamped_1776391890770.jpg", "Kontributor": "Bagus Imam Darmawan ", "Latitude": -6.9213872934051182, "Longitude": 107.61761560515373, "Pengecekan": "Diterima", "Catatan Kesalahan": null, "ID Data": "69e196d6d8a2889ea2ecd37f" }, "geometry": { "type": "Point", "coordinates": [ 107.61761560515373, -6.921387293405118 ] } },
{ "type": "Feature", "properties": { "Kategori Properti": "Rumah", "Jenis Properti": "Dijual", " Tanggal": "2026-04-17", "Alamat": "Jalan Sunda, Kota Bandung", "Foto Tampak Depan": "https://mapidstorage.s3.ap-southeast-1.amazonaws.com/general_image/bagusid/1776391816233_stamped_1776391814043.jpg", "Foto Spanduk/Papan Promosi": "https://mapidstorage.s3.ap-southeast-1.amazonaws.com/general_image/bagusid/1776391824756_stamped_1776391822763.jpg", "Kontributor": "Bagus Imam Darmawan ", "Latitude": -6.921618248721856, "Longitude": 107.6175928467589, "Pengecekan": "Diterima", "Catatan Kesalahan": null, "ID Data": "69e19692492d90fe219fc185" }, "geometry": { "type": "Point", "coordinates": [ 107.617592846758896, -6.921618248721856 ] } },
{ "type": "Feature", "properties": { "Kategori Properti": "Tanah", "Jenis Properti": "Dijual", " Tanggal": "2026-04-17", "Alamat": "Jalan Embong 18, Sumur Bandung Kota Bandung Jawa Barat, Kebon Pisang, Sumur Bandung, Kota Bandung, Indonesia", "Foto Tampak Depan": "https://mapidstorage.s3.ap-southeast-1.amazonaws.com/general_image/bagusid/1776391345687_stamped_1776391340423.jpg", "Foto Spanduk/Papan Promosi": "https://mapidstorage.s3.ap-southeast-1.amazonaws.com/general_image/bagusid/1776391356146_stamped_1776391348475.jpg", "Kontributor": "Bagus Imam Darmawan ", "Latitude": -6.9212493458658315, "Longitude": 107.61525293028262, "Pengecekan": "Diterima", "Catatan Kesalahan": null, "ID Data": "69e194bdd8a2889ea2ecd146" }, "geometry": { "type": "Point", "coordinates": [ 107.615252930282622, -6.921249345865832 ] } },
{ "type": "Feature", "properties": { "Kategori Properti": "Kantor", "Jenis Properti": "Disewa", " Tanggal": "2026-04-17", "Alamat": "Jalan Sunda, Kota Bandung", "Foto Tampak Depan": "https://mapidstorage.s3.ap-southeast-1.amazonaws.com/general_image/bagusid/1776390817356_stamped_1776390815353.jpg", "Foto Spanduk/Papan Promosi": "https://mapidstorage.s3.ap-southeast-1.amazonaws.com/general_image/bagusid/1776390826456_stamped_1776390823889.jpg", "Kontributor": "Bagus Imam Darmawan ", "Latitude": -6.9194750236473084, "Longitude": 107.61815494036085, "Pengecekan": "Diterima", "Catatan Kesalahan": null, "ID Data": "69e192ac492d90fe219fbd3d" }, "geometry": { "type": "Point", "coordinates": [ 107.618154940360853, -6.919475023647308 ] } },
{ "type": "Feature", "properties": { "Kategori Properti": "Kantor", "Jenis Properti": "Disewa", " Tanggal": "2026-04-17", "Alamat": "Jalan Veteran 85, Bandung Jawa Barat, Kebon Pisang, Sumur Bandung, Kota Bandung, Indonesia", "Foto Tampak Depan": "https://mapidstorage.s3.ap-southeast-1.amazonaws.com/general_image/bagusid/1776390720299_stamped_1776390717491.jpg", "Foto Spanduk/Papan Promosi": "https://mapidstorage.s3.ap-southeast-1.amazonaws.com/general_image/bagusid/1776390729649_stamped_1776390727347.jpg", "Kontributor": "Bagus Imam Darmawan ", "Latitude": -6.9201879768708352, "Longitude": 107.6176776338018, "Pengecekan": "Diterima", "Catatan Kesalahan": null, "ID Data": "69e1924c492d90fe219fbd3b" }, "geometry": { "type": "Point", "coordinates": [ 107.617677633801804, -6.920187976870835 ] } },
{ "type": "Feature", "properties": { "Kategori Properti": "Ruko", "Jenis Properti": "Disewa", " Tanggal": "2026-04-17", "Alamat": "Jalan Veteran no. 7, Kebon Pisang Bandung Jawa Barat, Kebon Pisang, Sumur Bandung, Kota Bandung, Indonesia", "Foto Tampak Depan": "https://mapidstorage.s3.ap-southeast-1.amazonaws.com/general_image/bagusid/1776390216025_stamped_1776390212459.jpg", "Foto Spanduk/Papan Promosi": "https://mapidstorage.s3.ap-southeast-1.amazonaws.com/general_image/bagusid/1776390223560_stamped_1776390221644.jpg", "Kontributor": "Bagus Imam Darmawan ", "Latitude": -6.9187297925098079, "Longitude": 107.6138128090688, "Pengecekan": "Diterima", "Catatan Kesalahan": null, "ID Data": "69e190516d2bac15f9466b66" }, "geometry": { "type": "Point", "coordinates": [ 107.613812809068804, -6.918729792509808 ] } },
{ "type": "Feature", "properties": { "Kategori Properti": "Rumah", "Jenis Properti": "Dijual", " Tanggal": "2026-04-17", "Alamat": "Jalan Veteran 3, Kebon Pisang Bandung Jawa Barat, Kebon Pisang, Sumur Bandung, Kota Bandung, Indonesia", "Foto Tampak Depan": "https://mapidstorage.s3.ap-southeast-1.amazonaws.com/general_image/bagusid/1776390178122_stamped_1776390173075.jpg", "Foto Spanduk/Papan Promosi": "https://mapidstorage.s3.ap-southeast-1.amazonaws.com/general_image/bagusid/1776390184985_stamped_1776390182561.jpg", "Kontributor": "Bagus Imam Darmawan ", "Latitude": -6.9186595014374461, "Longitude": 107.61369901309547, "Pengecekan": "Diterima", "Catatan Kesalahan": null, "ID Data": "69e1902ad8a2889ea2eccda6" }, "geometry": { "type": "Point", "coordinates": [ 107.61369901309547, -6.918659501437446 ] } },
{ "type": "Feature", "properties": { "Kategori Properti": "Kantor", "Jenis Properti": "Disewa", " Tanggal": "2026-04-17", "Alamat": "Jalan Veteran 3, Bandung Jawa Barat, Kebon Pisang, Sumur Bandung, Kota Bandung, Indonesia", "Foto Tampak Depan": "https://mapidstorage.s3.ap-southeast-1.amazonaws.com/general_image/bagusid/1776390053649_stamped_1776390050791.jpg", "Foto Spanduk/Papan Promosi": "https://mapidstorage.s3.ap-southeast-1.amazonaws.com/general_image/bagusid/1776390062624_stamped_1776390060397.jpg", "Kontributor": "Bagus Imam Darmawan ", "Latitude": -6.918280668085913, "Longitude": 107.61300940162153, "Pengecekan": "Diterima", "Catatan Kesalahan": null, "ID Data": "69e18fb1492d90fe219fbb82" }, "geometry": { "type": "Point", "coordinates": [ 107.613009401621525, -6.918280668085913 ] } },
{ "type": "Feature", "properties": { "Kategori Properti": "Kantor", "Jenis Properti": "Dijual", " Tanggal": "2026-04-17", "Alamat": "Jalan Tamblong 48-50, Kebon Pisang Bandung Jawa Barat, Kebon Pisang, Sumur Bandung, Kota Bandung, Indonesia", "Foto Tampak Depan": "https://mapidstorage.s3.ap-southeast-1.amazonaws.com/general_image/bagusid/1776389749257_stamped_1776389746855.jpg", "Foto Spanduk/Papan Promosi": "https://mapidstorage.s3.ap-southeast-1.amazonaws.com/general_image/bagusid/1776389756737_stamped_1776389754937.jpg", "Kontributor": "Bagus Imam Darmawan ", "Latitude": -6.9203431900936323, "Longitude": 107.61232393131263, "Pengecekan": "Diterima", "Catatan Kesalahan": null, "ID Data": "69e18e7ed8a2889ea2eccc3a" }, "geometry": { "type": "Point", "coordinates": [ 107.612323931312631, -6.920343190093632 ] } },
{ "type": "Feature", "properties": { "Kategori Properti": "Rumah", "Jenis Properti": "Dijual", " Tanggal": "2026-04-17", "Alamat": "Jalan Saad, Sumur Bandung Kota Bandung Jawa Barat, Kebon Pisang, Sumur Bandung, Kota Bandung, Indonesia", "Foto Tampak Depan": "https://mapidstorage.s3.ap-southeast-1.amazonaws.com/general_image/bagusid/1776389577011_stamped_1776389574538.jpg", "Foto Spanduk/Papan Promosi": "https://mapidstorage.s3.ap-southeast-1.amazonaws.com/general_image/bagusid/1776389588960_stamped_1776389587049.jpg", "Kontributor": "Bagus Imam Darmawan ", "Latitude": -6.9203134928061729, "Longitude": 107.61403068584883, "Pengecekan": "Diterima", "Catatan Kesalahan": null, "ID Data": "69e18dd8d8a2889ea2eccb06" }, "geometry": { "type": "Point", "coordinates": [ 107.614030685848832, -6.920313492806173 ] } },
{ "type": "Feature", "properties": { "Kategori Properti": "Kantor", "Jenis Properti": "Disewa", " Tanggal": "2026-04-17", "Alamat": "Jalan Saad, Sumur Bandung Kota Bandung Jawa Barat, Kebon Pisang, Sumur Bandung, Kota Bandung, Indonesia", "Foto Tampak Depan": "https://mapidstorage.s3.ap-southeast-1.amazonaws.com/general_image/bagusid/1776389534433_stamped_1776389531270.jpg", "Foto Spanduk/Papan Promosi": "https://mapidstorage.s3.ap-southeast-1.amazonaws.com/general_image/bagusid/1776389541486_stamped_1776389539089.jpg", "Kontributor": "Bagus Imam Darmawan ", "Latitude": -6.9205846143609477, "Longitude": 107.61393079868907, "Pengecekan": "Diterima", "Catatan Kesalahan": null, "ID Data": "69e18da7492d90fe219fb97a" }, "geometry": { "type": "Point", "coordinates": [ 107.613930798689069, -6.920584614360948 ] } },
{ "type": "Feature", "properties": { "Kategori Properti": "Retail FnB", "Jenis Properti": "Disewa", " Tanggal": "2026-04-17", "Alamat": "Jalan Naripan 79, Sumur Bandung Kota Bandung Jawa Barat, Kebon Pisang, Sumur Bandung, Kota Bandung, Indonesia", "Foto Tampak Depan": "https://mapidstorage.s3.ap-southeast-1.amazonaws.com/general_image/mapid.database/1776652249490_img_%25rumah2_%25f2fe261e-704f-42c8-b3b7-f1e118fff11f.png", "Foto Spanduk/Papan Promosi": "https://mapidstorage.s3.ap-southeast-1.amazonaws.com/general_image/bagusid/1776389479765_stamped_1776389476848.jpg", "Kontributor": "Bagus Imam Darmawan ", "Latitude": -6.9206424814147454, "Longitude": 107.61430537913077, "Pengecekan": "Diterima", "Catatan Kesalahan": "", "ID Data": "69e18d69492d90fe219fb88a" }, "geometry": { "type": "Point", "coordinates": [ 107.614305379130769, -6.920642481414745 ] } },
{ "type": "Feature", "properties": { "Kategori Properti": "Ruko", "Jenis Properti": "Disewa", " Tanggal": "2026-04-17", "Alamat": "Jalan Naripan 79, Sumur Bandung Kota Bandung Jawa Barat, Kebon Pisang, Sumur Bandung, Kota Bandung, Indonesia", "Foto Tampak Depan": "https://mapidstorage.s3.ap-southeast-1.amazonaws.com/general_image/bagusid/1776389375325_stamped_1776389373585.jpg", "Foto Spanduk/Papan Promosi": "https://mapidstorage.s3.ap-southeast-1.amazonaws.com/general_image/bagusid/1776389383961_stamped_1776389382112.jpg", "Kontributor": "Bagus Imam Darmawan ", "Latitude": -6.9204897515638066, "Longitude": 107.61487010666286, "Pengecekan": "Diterima", "Catatan Kesalahan": null, "ID Data": "69e18d0a492d90fe219fb809" }, "geometry": { "type": "Point", "coordinates": [ 107.614870106662863, -6.920489751563807 ] } },
{ "type": "Feature", "properties": { "Kategori Properti": "Kantor", "Jenis Properti": "Dijual", " Tanggal": "2026-04-08", "Alamat": "Jalan Batununggal Indah Raya, Batununggal Rahayu, Batununggal, Bandung Kidul, Kota Bandung, Indonesiai", "Foto Tampak Depan": "https://mapidstorage.s3.ap-southeast-1.amazonaws.com/general_image/ekabir/1775622411369_stamped_1775622402784.jpg", "Foto Spanduk/Papan Promosi": "https://mapidstorage.s3.ap-southeast-1.amazonaws.com/general_image/ekabir/1775622427097_stamped_1775622420781.jpg", "Kontributor": "ekabir", "Latitude": -6.9551105098473442, "Longitude": 107.63242898385954, "Pengecekan": "Diterima", "Catatan Kesalahan": null, "ID Data": "69d5d91dea9fa1419f0bc081" }, "geometry": { "type": "Point", "coordinates": [ 107.63242898385954, -6.955110509847344 ] } },
{ "type": "Feature", "properties": { "Kategori Properti": "Retail (toko baju, peralatan olahraga, toko elektronik, dll)", "Jenis Properti": "Dijual", " Tanggal": "2026-03-12", "Alamat": "Perempatan Lima 188, Bandung Jawa Barat, Paledang, Lengkong, Kota Bandung, Indonesia", "Foto Tampak Depan": "https://mapidstorage.s3.ap-southeast-1.amazonaws.com/general_image/bagusid/1773319768916_stamped_1773319766581.jpg", "Foto Spanduk/Papan Promosi": "https://mapidstorage.s3.ap-southeast-1.amazonaws.com/general_image/bagusid/1773319778300_stamped_1773319775732.jpg", "Kontributor": "Bagus Imam Darmawan ", "Latitude": -6.9226139524553929, "Longitude": 107.61739147742861, "Pengecekan": "Diterima", "Catatan Kesalahan": null, "ID Data": "69b2b664af8ebda1376fc60e" }, "geometry": { "type": "Point", "coordinates": [ 107.617391477428612, -6.922613952455393 ] } },
{ "type": "Feature", "properties": { "Kategori Properti": "Kos", "Jenis Properti": "Disewa", " Tanggal": "2026-03-07", "Alamat": "Gang Bio Permai, Pasirbiru, Cibiru, Kota Bandung, Indonesia", "Foto Tampak Depan": "https://mapidstorage.s3.ap-southeast-1.amazonaws.com/general_image/jhon_doe/1772859581487_stamped_1772859563687.jpg", "Foto Spanduk/Papan Promosi": "https://mapidstorage.s3.ap-southeast-1.amazonaws.com/general_image/jhon_doe/1772859607610_stamped_1772859586224.jpg", "Kontributor": "Yusuf", "Latitude": -6.9164087753174925, "Longitude": 107.72705663488352, "Pengecekan": "Diterima", "Catatan Kesalahan": null, "ID Data": "69abb0dca9a527c2c059c5f8" }, "geometry": { "type": "Point", "coordinates": [ 107.727056634883525, -6.916408775317493 ] } },
{ "type": "Feature", "properties": { "Kategori Properti": "Kos", "Jenis Properti": "Disewa", " Tanggal": "2026-03-02", "Alamat": "Jalan Rahayu Utara, Pasteur Sukajadi Kota Bandung Jawa Barat, Pasteur, Sukasari, Kota Bandung, Indonesia", "Foto Tampak Depan": "https://mapidstorage.s3.ap-southeast-1.amazonaws.com/general_image/bagusid/1772417572663_stamped_1772417570943.jpg", "Foto Spanduk/Papan Promosi": "https://mapidstorage.s3.ap-southeast-1.amazonaws.com/general_image/bagusid/1772417598002_stamped_1772417595915.jpg", "Kontributor": "Bagus Imam Darmawan ", "Latitude": -6.8953343583859521, "Longitude": 107.6000332666552, "Pengecekan": "Diterima", "Catatan Kesalahan": null, "ID Data": "69a4f23f0856c060d1746bae" }, "geometry": { "type": "Point", "coordinates": [ 107.600033266655203, -6.895334358385952 ] } },
{ "type": "Feature", "properties": { "Kategori Properti": "Kos", "Jenis Properti": "Disewa", " Tanggal": "2026-03-02", "Alamat": "Jalan Sederhana 8-10, Pasteur Sukajadi Kota Bandung Jawa Barat, Pasteur, Sukasari, Kota Bandung, Indonesia", "Foto Tampak Depan": "https://mapidstorage.s3.ap-southeast-1.amazonaws.com/general_image/mapid.database/1772505582764_img_%25rename_%256c36089a-2547-48e2-85d3-4cc8db329ebd.png", "Foto Spanduk/Papan Promosi": "https://mapidstorage.s3.ap-southeast-1.amazonaws.com/general_image/bagusid/1772417283226_stamped_1772417281345.jpg", "Kontributor": "Bagus Imam Darmawan ", "Latitude": -6.8944157283736018, "Longitude": 107.59840982569858, "Pengecekan": "Diterima", "Catatan Kesalahan": null, "ID Data": "69a4f104adc6ac141e8a986b" }, "geometry": { "type": "Point", "coordinates": [ 107.598409825698582, -6.894415728373602 ] } },
{ "type": "Feature", "properties": { "Kategori Properti": "Gudang", "Jenis Properti": "Disewa", " Tanggal": "2026-03-02", "Alamat": "Jalan Sederhana 8-10, Pasteur Sukajadi Kota Bandung Jawa Barat, Pasteur, Sukasari, Kota Bandung, Indonesia", "Foto Tampak Depan": "https://mapidstorage.s3.ap-southeast-1.amazonaws.com/general_image/bagusid/1772417185278_stamped_1772417182445.jpg", "Foto Spanduk/Papan Promosi": "https://mapidstorage.s3.ap-southeast-1.amazonaws.com/general_image/bagusid/1772417198337_stamped_1772417196239.jpg", "Kontributor": "Bagus Imam Darmawan ", "Latitude": -6.8947458604572489, "Longitude": 107.59820625795328, "Pengecekan": "Diterima", "Catatan Kesalahan": null, "ID Data": "69a4f0af94228d2273d68be6" }, "geometry": { "type": "Point", "coordinates": [ 107.598206257953279, -6.894745860457249 ] } },
{ "type": "Feature", "properties": { "Kategori Properti": "Ruko", "Jenis Properti": "Dijual", " Tanggal": "2026-03-01", "Alamat": "Jalan Gempol, Gempolsari, Bandung Kulon, Kota Bandung, Indonesia", "Foto Tampak Depan": "https://mapidstorage.s3.ap-southeast-1.amazonaws.com/general_image/indahliskaf/1772340123388_stamped_1772340117020.jpg", "Foto Spanduk/Papan Promosi": "https://mapidstorage.s3.ap-southeast-1.amazonaws.com/general_image/indahliskaf/1772340109784_stamped_1772340106288.jpg", "Kontributor": "Indah Liska", "Latitude": -6.9295199771589466, "Longitude": 107.55724013252234, "Pengecekan": "Diterima", "Catatan Kesalahan": null, "ID Data": "69a3c39c0856c060d1744b59" }, "geometry": { "type": "Point", "coordinates": [ 107.557240132522338, -6.929519977158947 ] } },
{ "type": "Feature", "properties": { "Kategori Properti": "Ruko", "Jenis Properti": "Dijual", " Tanggal": "2026-03-01", "Alamat": "Jalan Gempol, Gempolsari, Bandung Kulon, Kota Bandung, Indonesia", "Foto Tampak Depan": "https://mapidstorage.s3.ap-southeast-1.amazonaws.com/general_image/indahliskaf/1772340046028_stamped_1772340042208.jpg", "Foto Spanduk/Papan Promosi": "https://mapidstorage.s3.ap-southeast-1.amazonaws.com/general_image/indahliskaf/1772340059115_stamped_1772340055342.jpg", "Kontributor": "Indah Liska", "Latitude": -6.9294359257064286, "Longitude": 107.55715978957136, "Pengecekan": "Diterima", "Catatan Kesalahan": null, "ID Data": "69a3c35c0856c060d1744b57" }, "geometry": { "type": "Point", "coordinates": [ 107.557159789571358, -6.929435925706429 ] } },
{ "type": "Feature", "properties": { "Kategori Properti": "Tanah", "Jenis Properti": "Dijual", " Tanggal": "2026-03-01", "Alamat": "Jalan Dirgantara, Cigondewah Hilir, Gempolsari, Bandung Kulon, Kota Bandung, Indonesia", "Foto Tampak Depan": "https://mapidstorage.s3.ap-southeast-1.amazonaws.com/general_image/indahliskaf/1772338825891_stamped_1772338820016.jpg", "Foto Spanduk/Papan Promosi": "https://mapidstorage.s3.ap-southeast-1.amazonaws.com/general_image/indahliskaf/1772338843936_stamped_1772338837647.jpg", "Kontributor": "Indah Liska", "Latitude": -6.9310754241909081, "Longitude": 107.55114871620037, "Pengecekan": "Diterima", "Catatan Kesalahan": null, "ID Data": "69a3be9d0856c060d174495b" }, "geometry": { "type": "Point", "coordinates": [ 107.551148716200373, -6.931075424190908 ] } },
{ "type": "Feature", "properties": { "Kategori Properti": "Rumah", "Jenis Properti": "Dijual", " Tanggal": "2026-03-01", "Alamat": "Jalan Dirgantara, Cigondewah Hilir, Gempolsari, Bandung Kulon, Kota Bandung, Indonesia", "Foto Tampak Depan": "https://mapidstorage.s3.ap-southeast-1.amazonaws.com/general_image/indahliskaf/1772338675803_stamped_1772338672053.jpg", "Foto Spanduk/Papan Promosi": "https://mapidstorage.s3.ap-southeast-1.amazonaws.com/general_image/indahliskaf/1772338689333_stamped_1772338682005.jpg", "Kontributor": "Indah Liska", "Latitude": -6.9330915241664997, "Longitude": 107.55047611617613, "Pengecekan": "Diterima", "Catatan Kesalahan": null, "ID Data": "69a3be030856c060d1744925" }, "geometry": { "type": "Point", "coordinates": [ 107.550476116176128, -6.9330915241665 ] } },
{ "type": "Feature", "properties": { "Kategori Properti": "Rumah", "Jenis Properti": "Dijual", " Tanggal": "2026-03-01", "Alamat": "Jl renggas", "Foto Tampak Depan": "https://mapidstorage.s3.ap-southeast-1.amazonaws.com/general_image/indahliskaf/1772338508682_stamped_1772338505203.jpg", "Foto Spanduk/Papan Promosi": "https://mapidstorage.s3.ap-southeast-1.amazonaws.com/general_image/indahliskaf/1772338522614_stamped_1772338518950.jpg", "Kontributor": "Indah Liska", "Latitude": -6.9323394241385756, "Longitude": 107.54924321619598, "Pengecekan": "Diterima", "Catatan Kesalahan": null, "ID Data": "69a3bd5badc6ac141e8a75a6" }, "geometry": { "type": "Point", "coordinates": [ 107.549243216195975, -6.932339424138576 ] } },
{ "type": "Feature", "properties": { "Kategori Properti": "Rumah", "Jenis Properti": "Dijual", " Tanggal": "2026-03-01", "Alamat": "Pasir Koja, Cigondewah Hilir, Gempolsari, Bandung Kulon, Kota Bandung, Indonesia", "Foto Tampak Depan": "https://mapidstorage.s3.ap-southeast-1.amazonaws.com/general_image/indahliskaf/1772338181715_stamped_1772338175523.jpg", "Foto Spanduk/Papan Promosi": "https://mapidstorage.s3.ap-southeast-1.amazonaws.com/general_image/indahliskaf/1772338197734_stamped_1772338192291.jpg", "Kontributor": "Indah Liska", "Latitude": -6.9351132362152725, "Longitude": 107.55206613141507, "Pengecekan": "Diterima", "Catatan Kesalahan": null, "ID Data": "69a3bc1694228d2273d66949" }, "geometry": { "type": "Point", "coordinates": [ 107.552066131415074, -6.935113236215273 ] } },
{ "type": "Feature", "properties": { "Kategori Properti": "Rumah", "Jenis Properti": "Dijual", " Tanggal": "2026-03-01", "Alamat": "Jalan Mirabilis VI, Cigondewah Hilir, Gempolsari, Bandung Kulon, Kota Bandung, Indonesia", "Foto Tampak Depan": "https://mapidstorage.s3.ap-southeast-1.amazonaws.com/general_image/indahliskaf/1772337880731_stamped_1772337874556.jpg", "Foto Spanduk/Papan Promosi": "https://mapidstorage.s3.ap-southeast-1.amazonaws.com/general_image/indahliskaf/1772337889185_stamped_1772337885588.jpg", "Kontributor": "Indah Liska", "Latitude": -6.9318152241999229, "Longitude": 107.55349851626909, "Pengecekan": "Diterima", "Catatan Kesalahan": null, "ID Data": "69a3bae40856c060d174475a" }, "geometry": { "type": "Point", "coordinates": [ 107.553498516269087, -6.931815224199923 ] } },
{ "type": "Feature", "properties": { "Kategori Properti": "Rumah", "Jenis Properti": "Dijual", " Tanggal": "2026-03-01", "Alamat": "Jalan Mirabilis I, Cigondewah Hilir, Gempolsari, Bandung Kulon, Kota Bandung, Indonesia", "Foto Tampak Depan": "https://mapidstorage.s3.ap-southeast-1.amazonaws.com/general_image/indahliskaf/1772337777820_stamped_1772337772257.jpg", "Foto Spanduk/Papan Promosi": "https://mapidstorage.s3.ap-southeast-1.amazonaws.com/general_image/indahliskaf/1772337795155_stamped_1772337788046.jpg", "Kontributor": "Indah Liska", "Latitude": -6.9325790241917389, "Longitude": 107.55348001617983, "Pengecekan": "Diterima", "Catatan Kesalahan": null, "ID Data": "69a3ba8494228d2273d668bb" }, "geometry": { "type": "Point", "coordinates": [ 107.553480016179833, -6.932579024191739 ] } },
{ "type": "Feature", "properties": { "Kategori Properti": "Rumah", "Jenis Properti": "Dijual", " Tanggal": "2026-03-01", "Alamat": "Jalan Kalpataru I d15, Cigondewah Hilir, Gempolsari, Bandung Kulon, Kota Bandung, Indonesia", "Foto Tampak Depan": "https://mapidstorage.s3.ap-southeast-1.amazonaws.com/general_image/indahliskaf/1772337683529_stamped_1772337676929.jpg", "Foto Spanduk/Papan Promosi": "https://mapidstorage.s3.ap-southeast-1.amazonaws.com/general_image/indahliskaf/1772337696173_stamped_1772337692228.jpg", "Kontributor": "Indah Liska", "Latitude": -6.9328275241786912, "Longitude": 107.55339921622317, "Pengecekan": "Diterima", "Catatan Kesalahan": null, "ID Data": "69a3ba2194228d2273d66885" }, "geometry": { "type": "Point", "coordinates": [ 107.55339921622317, -6.932827524178691 ] } },
{ "type": "Feature", "properties": { "Kategori Properti": "Rumah", "Jenis Properti": "Dijual", " Tanggal": "2026-03-01", "Alamat": "Jalan Mirabilis I, Cigondewah Hilir, Gempolsari, Bandung Kulon, Kota Bandung, Indonesia", "Foto Tampak Depan": "https://mapidstorage.s3.ap-southeast-1.amazonaws.com/general_image/indahliskaf/1772337531980_stamped_1772337507622.jpg", "Foto Spanduk/Papan Promosi": "https://mapidstorage.s3.ap-southeast-1.amazonaws.com/general_image/indahliskaf/1772337557826_stamped_1772337552361.jpg", "Kontributor": "Indah Liska", "Latitude": -6.9320844876921655, "Longitude": 107.55371455662771, "Pengecekan": "Diterima", "Catatan Kesalahan": null, "ID Data": "69a3b9970856c060d17446ee" }, "geometry": { "type": "Point", "coordinates": [ 107.55371455662771, -6.932084487692165 ] } },
{ "type": "Feature", "properties": { "Kategori Properti": "Kos", "Jenis Properti": "Disewa", " Tanggal": "2026-03-01", "Alamat": "Jalan Mirabilis I, Cigondewah Hilir, Gempolsari, Bandung Kulon, Kota Bandung, Indonesia", "Foto Tampak Depan": "https://mapidstorage.s3.ap-southeast-1.amazonaws.com/general_image/indahliskaf/1772337357017_stamped_1772337353231.jpg", "Foto Spanduk/Papan Promosi": "https://mapidstorage.s3.ap-southeast-1.amazonaws.com/general_image/indahliskaf/1772337375874_stamped_1772337364678.jpg", "Kontributor": "Indah Liska", "Latitude": -6.9305890302692319, "Longitude": 107.55411854078994, "Pengecekan": "Diterima", "Catatan Kesalahan": null, "ID Data": "69a3b8e194228d2273d6683c" }, "geometry": { "type": "Point", "coordinates": [ 107.554118540789943, -6.930589030269232 ] } },
{ "type": "Feature", "properties": { "Kategori Properti": "Rumah", "Jenis Properti": "Dijual", " Tanggal": "2026-03-01", "Alamat": "Jalan Mirabilis I, Cigondewah Hilir, Gempolsari, Bandung Kulon, Kota Bandung, Indonesia", "Foto Tampak Depan": "https://mapidstorage.s3.ap-southeast-1.amazonaws.com/general_image/indahliskaf/1772337261267_stamped_1772337257240.jpg", "Foto Spanduk/Papan Promosi": "https://mapidstorage.s3.ap-southeast-1.amazonaws.com/general_image/indahliskaf/1772337274185_stamped_1772337270038.jpg", "Kontributor": "Indah Liska", "Latitude": -6.9303515603381243, "Longitude": 107.55428763440671, "Pengecekan": "Diterima", "Catatan Kesalahan": null, "ID Data": "69a3b87cadc6ac141e8a73c3" }, "geometry": { "type": "Point", "coordinates": [ 107.554287634406705, -6.930351560338124 ] } },
{ "type": "Feature", "properties": { "Kategori Properti": "Rumah", "Jenis Properti": "Dijual", " Tanggal": "2026-03-01", "Alamat": "Jalan Mirabilis I, Cigondewah Hilir, Gempolsari, Bandung Kulon, Kota Bandung, Indonesia", "Foto Tampak Depan": "https://mapidstorage.s3.ap-southeast-1.amazonaws.com/general_image/indahliskaf/1772337171144_stamped_1772337166736.jpg", "Foto Spanduk/Papan Promosi": "https://mapidstorage.s3.ap-southeast-1.amazonaws.com/general_image/indahliskaf/1772337184209_stamped_1772337178667.jpg", "Kontributor": "Indah Liska", "Latitude": -6.9297541250694508, "Longitude": 107.55450167272954, "Pengecekan": "Diterima", "Catatan Kesalahan": null, "ID Data": "69a3b8210856c060d1744674" }, "geometry": { "type": "Point", "coordinates": [ 107.554501672729543, -6.929754125069451 ] } },
{ "type": "Feature", "properties": { "Kategori Properti": "Ruko", "Jenis Properti": "Disewa", " Tanggal": "2026-03-01", "Alamat": "Jalan Gempol, Cigondewah Kaler, Bandung Kulon, Kota Bandung, Indonesia", "Foto Tampak Depan": "https://mapidstorage.s3.ap-southeast-1.amazonaws.com/general_image/indahliskaf/1772336742525_stamped_1772336739044.jpg", "Foto Spanduk/Papan Promosi": "https://mapidstorage.s3.ap-southeast-1.amazonaws.com/general_image/indahliskaf/1772336754112_stamped_1772336750626.jpg", "Kontributor": "Indah Liska", "Latitude": -6.9320404002049543, "Longitude": 107.56174780132028, "Pengecekan": "Diterima", "Catatan Kesalahan": null, "ID Data": "69a3b67394228d2273d6679e" }, "geometry": { "type": "Point", "coordinates": [ 107.56174780132028, -6.932040400204954 ] } },
{ "type": "Feature", "properties": { "Kategori Properti": "Rumah", "Jenis Properti": "Dijual", " Tanggal": "2026-03-01", "Alamat": "Jalan Cigondewah Kaler, Cigondewah Kaler, Bandung Kulon, Kota Bandung, Indonesia", "Foto Tampak Depan": "https://mapidstorage.s3.ap-southeast-1.amazonaws.com/general_image/indahliskaf/1772336468151_stamped_1772336464317.jpg", "Foto Spanduk/Papan Promosi": "https://mapidstorage.s3.ap-southeast-1.amazonaws.com/general_image/indahliskaf/1772336482790_stamped_1772336479163.jpg", "Kontributor": "Indah Liska", "Latitude": -6.9378300465000535, "Longitude": 107.56631643559507, "Pengecekan": "Diterima", "Catatan Kesalahan": null, "ID Data": "69a3b5640856c060d174460c" }, "geometry": { "type": "Point", "coordinates": [ 107.56631643559507, -6.937830046500054 ] } },
{ "type": "Feature", "properties": { "Kategori Properti": "Rumah", "Jenis Properti": "Dijual", " Tanggal": "2026-03-01", "Alamat": "Bulevar Taman Holis Indah, Cigondewah Kidul, Bandung Kulon, Kota Bandung, Indonesia", "Foto Tampak Depan": "https://mapidstorage.s3.ap-southeast-1.amazonaws.com/general_image/indahliskaf/1772336242397_stamped_1772336238988.jpg", "Foto Spanduk/Papan Promosi": "https://mapidstorage.s3.ap-southeast-1.amazonaws.com/general_image/indahliskaf/1772336253219_stamped_1772336249810.jpg", "Kontributor": "Indah Liska", "Latitude": -6.9410601827379566, "Longitude": 107.56431961195011, "Pengecekan": "Diterima", "Catatan Kesalahan": null, "ID Data": "69a3b47eadc6ac141e8a72cc" }, "geometry": { "type": "Point", "coordinates": [ 107.564319611950111, -6.941060182737957 ] } },
{ "type": "Feature", "properties": { "Kategori Properti": "Ruko", "Jenis Properti": "Disewa", " Tanggal": "2026-03-01", "Alamat": "Bulevar Taman Holis Indah, Cigondewah Kidul, Bandung Kulon, Kota Bandung, Indonesia", "Foto Tampak Depan": "https://mapidstorage.s3.ap-southeast-1.amazonaws.com/general_image/indahliskaf/1772336049354_stamped_1772336045491.jpg", "Foto Spanduk/Papan Promosi": "https://mapidstorage.s3.ap-southeast-1.amazonaws.com/general_image/indahliskaf/1772336061447_stamped_1772336057509.jpg", "Kontributor": "Indah Liska", "Latitude": -6.9406971242129316, "Longitude": 107.56497491617881, "Pengecekan": "Diterima", "Catatan Kesalahan": null, "ID Data": "69a3b3beadc6ac141e8a7267" }, "geometry": { "type": "Point", "coordinates": [ 107.564974916178812, -6.940697124212932 ] } },
{ "type": "Feature", "properties": { "Kategori Properti": "Tanah", "Jenis Properti": "Dijual", " Tanggal": "2026-02-28", "Alamat": "Jalan Terusan Kiara Condong 13, Kel. Margasari, Cijaura, Buahbatu, Kota Bandung, Indonesia", "Foto Tampak Depan": "https://mapidstorage.s3.ap-southeast-1.amazonaws.com/general_image/indahliskaf/1772272850050_stamped_1772272847660.jpg", "Foto Spanduk/Papan Promosi": "https://mapidstorage.s3.ap-southeast-1.amazonaws.com/general_image/indahliskaf/1772272860467_stamped_1772272857373.jpg", "Kontributor": "Indah Liska", "Latitude": -6.9490131691593859, "Longitude": 107.64137215578779, "Pengecekan": "Diterima", "Catatan Kesalahan": null, "ID Data": "69a2bceeadc6ac141e8a5ffb" }, "geometry": { "type": "Point", "coordinates": [ 107.641372155787792, -6.949013169159386 ] } },
{ "type": "Feature", "properties": { "Kategori Properti": "Kos", "Jenis Properti": "Disewa", " Tanggal": "2026-02-28", "Alamat": "Jalan Terusan Kiara Condong 13, Kel. Margasari, Cijaura, Buahbatu, Kota Bandung, Indonesia", "Foto Tampak Depan": "https://mapidstorage.s3.ap-southeast-1.amazonaws.com/general_image/indahliskaf/1772272732535_stamped_1772272724081.jpg", "Foto Spanduk/Papan Promosi": "https://mapidstorage.s3.ap-southeast-1.amazonaws.com/general_image/indahliskaf/1772272738508_stamped_1772272734237.jpg", "Kontributor": "Indah Liska", "Latitude": -6.9525374615783875, "Longitude": 107.6406048485689, "Pengecekan": "Diterima", "Catatan Kesalahan": null, "ID Data": "69a2bc6794228d2273d65440" }, "geometry": { "type": "Point", "coordinates": [ 107.640604848568898, -6.952537461578387 ] } },
{ "type": "Feature", "properties": { "Kategori Properti": "Kos", "Jenis Properti": "Disewa", " Tanggal": "2026-02-28", "Alamat": "Jalan Sekelimus Utara 2-4, Kel. Margasari, Batununggal, Bandung Kidul, Kota Bandung, Indonesia", "Foto Tampak Depan": "https://mapidstorage.s3.ap-southeast-1.amazonaws.com/general_image/indahliskaf/1772272508971_stamped_1772272505083.jpg", "Foto Spanduk/Papan Promosi": "https://mapidstorage.s3.ap-southeast-1.amazonaws.com/general_image/indahliskaf/1772272517223_stamped_1772272514357.jpg", "Kontributor": "Indah Liska", "Latitude": -6.950453636921111, "Longitude": 107.63875201316807, "Pengecekan": "Diterima", "Catatan Kesalahan": null, "ID Data": "69a2bb9badc6ac141e8a5fe7" }, "geometry": { "type": "Point", "coordinates": [ 107.638752013168073, -6.950453636921111 ] } },
{ "type": "Feature", "properties": { "Kategori Properti": "Rumah", "Jenis Properti": "Dijual", " Tanggal": "2026-02-28", "Alamat": "Jalan Sekelimus Utara 2-4, Kel. Margasari, Batununggal, Bandung Kidul, Kota Bandung, Indonesia", "Foto Tampak Depan": "https://mapidstorage.s3.ap-southeast-1.amazonaws.com/general_image/indahliskaf/1772272460275_stamped_1772272456848.jpg", "Foto Spanduk/Papan Promosi": "https://mapidstorage.s3.ap-southeast-1.amazonaws.com/general_image/indahliskaf/1772272474903_stamped_1772272466888.jpg", "Kontributor": "Indah Liska", "Latitude": -6.9504824519804487, "Longitude": 107.63875903076553, "Pengecekan": "Diterima", "Catatan Kesalahan": null, "ID Data": "69a2bb5c94228d2273d6543e" }, "geometry": { "type": "Point", "coordinates": [ 107.638759030765527, -6.950482451980449 ] } },
{ "type": "Feature", "properties": { "Kategori Properti": "Rumah", "Jenis Properti": "Dijual", " Tanggal": "2026-02-28", "Alamat": "Jalan Sekelimus Utara 2-4, Kel. Margasari, Batununggal, Bandung Kidul, Kota Bandung, Indonesia", "Foto Tampak Depan": "https://mapidstorage.s3.ap-southeast-1.amazonaws.com/general_image/indahliskaf/1772272385482_stamped_1772272373865.jpg", "Foto Spanduk/Papan Promosi": "https://mapidstorage.s3.ap-southeast-1.amazonaws.com/general_image/indahliskaf/1772272407749_stamped_1772272405142.jpg", "Kontributor": "Indah Liska", "Latitude": -6.9511140120585253, "Longitude": 107.63872445257869, "Pengecekan": "Diterima", "Catatan Kesalahan": null, "ID Data": "69a2bb3794228d2273d6543c" }, "geometry": { "type": "Point", "coordinates": [ 107.638724452578685, -6.951114012058525 ] } },
{ "type": "Feature", "properties": { "Kategori Properti": "Rumah", "Jenis Properti": "Dijual", " Tanggal": "2026-02-28", "Alamat": "Jalan Gedong, Kel. Margasari, Batununggal, Bandung Kidul, Kota Bandung, Indonesia", "Foto Tampak Depan": "https://mapidstorage.s3.ap-southeast-1.amazonaws.com/general_image/indahliskaf/1772272312305_stamped_1772272308274.jpg", "Foto Spanduk/Papan Promosi": "https://mapidstorage.s3.ap-southeast-1.amazonaws.com/general_image/indahliskaf/1772272323204_stamped_1772272320902.jpg", "Kontributor": "Indah Liska", "Latitude": -6.9514828909566262, "Longitude": 107.63862007131286, "Pengecekan": "Diterima", "Catatan Kesalahan": null, "ID Data": "69a2baccadc6ac141e8a5fde" }, "geometry": { "type": "Point", "coordinates": [ 107.638620071312857, -6.951482890956626 ] } },
{ "type": "Feature", "properties": { "Kategori Properti": "Rumah", "Jenis Properti": "Dijual", " Tanggal": "2026-02-28", "Alamat": "Jalan Batununggal 3, Batununggal Jelita, Batununggal, Bandung Kidul, Kota Bandung, Indonesia", "Foto Tampak Depan": "https://mapidstorage.s3.ap-southeast-1.amazonaws.com/general_image/indahliskaf/1772272139297_stamped_1772272136637.jpg", "Foto Spanduk/Papan Promosi": "https://mapidstorage.s3.ap-southeast-1.amazonaws.com/general_image/indahliskaf/1772272147078_stamped_1772272144557.jpg", "Kontributor": "Indah Liska", "Latitude": -6.9547895994154914, "Longitude": 107.63833027831407, "Pengecekan": "Diterima", "Catatan Kesalahan": null, "ID Data": "69a2ba1d0856c060d17432d6" }, "geometry": { "type": "Point", "coordinates": [ 107.638330278314072, -6.954789599415491 ] } },
{ "type": "Feature", "properties": { "Kategori Properti": "Ruko", "Jenis Properti": "Dijual", " Tanggal": "2026-02-28", "Alamat": "Jalan Batununggal Indah Raya, Batununggal Jelita, Batununggal, Bandung Kidul, Kota Bandung, Indonesia", "Foto Tampak Depan": "https://mapidstorage.s3.ap-southeast-1.amazonaws.com/general_image/indahliskaf/1772272034126_stamped_1772272032517.jpg", "Foto Spanduk/Papan Promosi": "https://mapidstorage.s3.ap-southeast-1.amazonaws.com/general_image/indahliskaf/1772272042177_stamped_1772272040607.jpg", "Kontributor": "Indah Liska", "Latitude": -6.95571481545106, "Longitude": 107.63650844007043, "Pengecekan": "Diterima", "Catatan Kesalahan": null, "ID Data": "69a2b9b1adc6ac141e8a5fce" }, "geometry": { "type": "Point", "coordinates": [ 107.636508440070429, -6.95571481545106 ] } },
{ "type": "Feature", "properties": { "Kategori Properti": "Ruko", "Jenis Properti": "Dijual", " Tanggal": "2026-02-28", "Alamat": "Jalan Batununggal Indah Raya, Batununggal Jelita, Batununggal, Bandung Kidul, Kota Bandung, Indonesia", "Foto Tampak Depan": "https://mapidstorage.s3.ap-southeast-1.amazonaws.com/general_image/indahliskaf/1772271991720_stamped_1772271990080.jpg", "Foto Spanduk/Papan Promosi": "https://mapidstorage.s3.ap-southeast-1.amazonaws.com/general_image/indahliskaf/1772272000673_stamped_1772271999139.jpg", "Kontributor": "Indah Liska", "Latitude": -6.955616970145698, "Longitude": 107.63589295473565, "Pengecekan": "Diterima", "Catatan Kesalahan": null, "ID Data": "69a2b98a0856c060d17432d4" }, "geometry": { "type": "Point", "coordinates": [ 107.635892954735652, -6.955616970145698 ] } },
{ "type": "Feature", "properties": { "Kategori Properti": "Ruko", "Jenis Properti": "Disewa", " Tanggal": "2026-02-28", "Alamat": "Jalan Batununggal Indah Raya, Batununggal Jelita, Batununggal, Bandung Kidul, Kota Bandung, Indonesia", "Foto Tampak Depan": "https://mapidstorage.s3.ap-southeast-1.amazonaws.com/general_image/indahliskaf/1772271958336_stamped_1772271955599.jpg", "Foto Spanduk/Papan Promosi": "https://mapidstorage.s3.ap-southeast-1.amazonaws.com/general_image/indahliskaf/1772271940957_stamped_1772271939201.jpg", "Kontributor": "Indah Liska", "Latitude": -6.9555482929574737, "Longitude": 107.63535591565915, "Pengecekan": "Diterima", "Catatan Kesalahan": null, "ID Data": "69a2b96094228d2273d6542a" }, "geometry": { "type": "Point", "coordinates": [ 107.635355915659147, -6.955548292957474 ] } },
{ "type": "Feature", "properties": { "Kategori Properti": "Rumah", "Jenis Properti": "Dijual", " Tanggal": "2026-02-28", "Alamat": "Jalan Batununggal Indah VI, Batununggal Molek, Mengger, Bandung Kidul, Kota Bandung, Indonesia", "Foto Tampak Depan": "https://mapidstorage.s3.ap-southeast-1.amazonaws.com/general_image/indahliskaf/1772271785870_stamped_1772271783103.jpg", "Foto Spanduk/Papan Promosi": "https://mapidstorage.s3.ap-southeast-1.amazonaws.com/general_image/indahliskaf/1772271796112_stamped_1772271793345.jpg", "Kontributor": "Indah Liska", "Latitude": -6.9588069651140216, "Longitude": 107.63353181686909, "Pengecekan": "Diterima", "Catatan Kesalahan": null, "ID Data": "69a2b8c494228d2273d65428" }, "geometry": { "type": "Point", "coordinates": [ 107.633531816869095, -6.958806965114022 ] } },
{ "type": "Feature", "properties": { "Kategori Properti": "Rumah", "Jenis Properti": "Dijual", " Tanggal": "2026-02-28", "Alamat": "Jalan Batununggal Indah VIII, Batununggal Mulia, Mengger, Bandung Kidul, Kota Bandung, Indonesia", "Foto Tampak Depan": "https://mapidstorage.s3.ap-southeast-1.amazonaws.com/general_image/indahliskaf/1772271680952_stamped_1772271672185.jpg", "Foto Spanduk/Papan Promosi": "https://mapidstorage.s3.ap-southeast-1.amazonaws.com/general_image/indahliskaf/1772271684563_stamped_1772271679943.jpg", "Kontributor": "Indah Liska", "Latitude": -6.9598136274720162, "Longitude": 107.63152762733671, "Pengecekan": "Diterima", "Catatan Kesalahan": null, "ID Data": "69a2b84aadc6ac141e8a5fb3" }, "geometry": { "type": "Point", "coordinates": [ 107.631527627336709, -6.959813627472016 ] } },
{ "type": "Feature", "properties": { "Kategori Properti": "Rumah", "Jenis Properti": "Dijual", " Tanggal": "2026-02-28", "Alamat": "Jalan Batununggal Indah VIII, Batununggal Permai, Mengger, Bandung Kidul, Kota Bandung, Indonesia", "Foto Tampak Depan": "https://mapidstorage.s3.ap-southeast-1.amazonaws.com/general_image/indahliskaf/1772271584678_stamped_1772271582302.jpg", "Foto Spanduk/Papan Promosi": "https://mapidstorage.s3.ap-southeast-1.amazonaws.com/general_image/indahliskaf/1772271594134_stamped_1772271591327.jpg", "Kontributor": "Indah Liska", "Latitude": -6.9592842287228933, "Longitude": 107.62889663531001, "Pengecekan": "Diterima", "Catatan Kesalahan": null, "ID Data": "69a2b7f0adc6ac141e8a5faf" }, "geometry": { "type": "Point", "coordinates": [ 107.628896635310014, -6.959284228722893 ] } },
{ "type": "Feature", "properties": { "Kategori Properti": "Rumah", "Jenis Properti": "Disewa", " Tanggal": "2026-02-28", "Alamat": "Jalan Sutera Alam, Batununggal Asih, Mengger, Bandung Kidul, Kota Bandung, Indonesia", "Foto Tampak Depan": "https://mapidstorage.s3.ap-southeast-1.amazonaws.com/general_image/indahliskaf/1772271290273_stamped_1772271288091.jpg", "Foto Spanduk/Papan Promosi": "https://mapidstorage.s3.ap-southeast-1.amazonaws.com/general_image/indahliskaf/1772271300525_stamped_1772271298584.jpg", "Kontributor": "Indah Liska", "Latitude": -6.956071788422534, "Longitude": 107.62228874498084, "Pengecekan": "Diterima", "Catatan Kesalahan": null, "ID Data": "69a2b6d1adc6ac141e8a5f47" }, "geometry": { "type": "Point", "coordinates": [ 107.622288744980835, -6.956071788422534 ] } },
{ "type": "Feature", "properties": { "Kategori Properti": "Kos", "Jenis Properti": "Disewa", " Tanggal": "2026-02-28", "Alamat": "Jalan Sukaati V, Pasirluyu, Regol, Kota Bandung, Indonesia", "Foto Tampak Depan": "https://mapidstorage.s3.ap-southeast-1.amazonaws.com/general_image/indahliskaf/1772271107516_stamped_1772271105956.jpg", "Foto Spanduk/Papan Promosi": "https://mapidstorage.s3.ap-southeast-1.amazonaws.com/general_image/indahliskaf/1772271114433_stamped_1772271112827.jpg", "Kontributor": "Indah Liska", "Latitude": -6.9519616140485425, "Longitude": 107.62063728278292, "Pengecekan": "Diterima", "Catatan Kesalahan": null, "ID Data": "69a2b61194228d2273d6536c" }, "geometry": { "type": "Point", "coordinates": [ 107.620637282782923, -6.951961614048543 ] } },
{ "type": "Feature", "properties": { "Kategori Properti": "Rumah", "Jenis Properti": "Dijual", " Tanggal": "2026-02-28", "Alamat": "Jalan Sukaati V, Pasirluyu, Regol, Kota Bandung, Indonesia", "Foto Tampak Depan": "https://mapidstorage.s3.ap-southeast-1.amazonaws.com/general_image/indahliskaf/1772271075698_stamped_1772271073340.jpg", "Foto Spanduk/Papan Promosi": "https://mapidstorage.s3.ap-southeast-1.amazonaws.com/general_image/indahliskaf/1772271083744_stamped_1772271081697.jpg", "Kontributor": "Indah Liska", "Latitude": -6.951903495416687, "Longitude": 107.62060515953124, "Pengecekan": "Diterima", "Catatan Kesalahan": null, "ID Data": "69a2b5f00856c060d1743215" }, "geometry": { "type": "Point", "coordinates": [ 107.620605159531237, -6.951903495416687 ] } },
{ "type": "Feature", "properties": { "Kategori Properti": "Rumah", "Jenis Properti": "Dijual", " Tanggal": "2026-02-28", "Alamat": "Jalan Sukaati I, Pasirluyu, Regol, Kota Bandung, Indonesia", "Foto Tampak Depan": "https://mapidstorage.s3.ap-southeast-1.amazonaws.com/general_image/indahliskaf/1772271029285_stamped_1772271027186.jpg", "Foto Spanduk/Papan Promosi": "https://mapidstorage.s3.ap-southeast-1.amazonaws.com/general_image/indahliskaf/1772271045298_stamped_1772271043396.jpg", "Kontributor": "Indah Liska", "Latitude": -6.9515801736650786, "Longitude": 107.6204963528005, "Pengecekan": "Diterima", "Catatan Kesalahan": null, "ID Data": "69a2b5ce94228d2273d65363" }, "geometry": { "type": "Point", "coordinates": [ 107.620496352800501, -6.951580173665079 ] } },
{ "type": "Feature", "properties": { "Kategori Properti": "Rumah", "Jenis Properti": "Dijual", " Tanggal": "2026-02-28", "Alamat": "Jalan Sukaati Permai IV, Pasirluyu, Regol, Kota Bandung, Indonesia", "Foto Tampak Depan": "https://mapidstorage.s3.ap-southeast-1.amazonaws.com/general_image/indahliskaf/1772269935678_stamped_1772269897898.jpg", "Foto Spanduk/Papan Promosi": "https://mapidstorage.s3.ap-southeast-1.amazonaws.com/general_image/indahliskaf/1772269944805_stamped_1772269940498.jpg", "Kontributor": "Indah Liska", "Latitude": -6.9530180515336042, "Longitude": 107.62019519702142, "Pengecekan": "Diterima", "Catatan Kesalahan": null, "ID Data": "69a2b17eadc6ac141e8a5cb2" }, "geometry": { "type": "Point", "coordinates": [ 107.620195197021417, -6.953018051533604 ] } },
{ "type": "Feature", "properties": { "Kategori Properti": "Rumah", "Jenis Properti": "Dijual", " Tanggal": "2026-02-28", "Alamat": "Jalan Sukaati Permai I, Mengger, Bandung Kidul, Kota Bandung, Indonesia", "Foto Tampak Depan": "https://mapidstorage.s3.ap-southeast-1.amazonaws.com/general_image/indahliskaf/1772269816690_stamped_1772269813042.jpg", "Foto Spanduk/Papan Promosi": "https://mapidstorage.s3.ap-southeast-1.amazonaws.com/general_image/indahliskaf/1772269830764_stamped_1772269823076.jpg", "Kontributor": "Indah Liska", "Latitude": -6.9529701910640256, "Longitude": 107.62078242438491, "Pengecekan": "Diterima", "Catatan Kesalahan": null, "ID Data": "69a2b10a94228d2273d65061" }, "geometry": { "type": "Point", "coordinates": [ 107.620782424384913, -6.952970191064026 ] } },
{ "type": "Feature", "properties": { "Kategori Properti": "Rumah", "Jenis Properti": "Dijual", " Tanggal": "2026-02-28", "Alamat": "Jalan Sukaati Permai III, Pasirluyu, Regol, Kota Bandung, Indonesia", "Foto Tampak Depan": "https://mapidstorage.s3.ap-southeast-1.amazonaws.com/general_image/indahliskaf/1772269700779_stamped_1772269697613.jpg", "Foto Spanduk/Papan Promosi": "https://mapidstorage.s3.ap-southeast-1.amazonaws.com/general_image/indahliskaf/1772269713184_stamped_1772269709241.jpg", "Kontributor": "Indah Liska", "Latitude": -6.9538204134458681, "Longitude": 107.61922917616783, "Pengecekan": "Diterima", "Catatan Kesalahan": null, "ID Data": "69a2b098adc6ac141e8a5b51" }, "geometry": { "type": "Point", "coordinates": [ 107.619229176167835, -6.953820413445868 ] } },
{ "type": "Feature", "properties": { "Kategori Properti": "Rumah", "Jenis Properti": "Dijual", " Tanggal": "2026-02-28", "Alamat": "Jalan Sukaati Permai III, Pasirluyu, Regol, Kota Bandung, Indonesia", "Foto Tampak Depan": "https://mapidstorage.s3.ap-southeast-1.amazonaws.com/general_image/indahliskaf/1772269653842_stamped_1772269651157.jpg", "Foto Spanduk/Papan Promosi": "https://mapidstorage.s3.ap-southeast-1.amazonaws.com/general_image/indahliskaf/1772269663998_stamped_1772269660267.jpg", "Kontributor": "Indah Liska", "Latitude": -6.9538442474910624, "Longitude": 107.61909159206243, "Pengecekan": "Diterima", "Catatan Kesalahan": null, "ID Data": "69a2b06694228d2273d64fb2" }, "geometry": { "type": "Point", "coordinates": [ 107.619091592062432, -6.953844247491062 ] } },
{ "type": "Feature", "properties": { "Kategori Properti": "Rumah", "Jenis Properti": "Dijual", " Tanggal": "2026-02-28", "Alamat": "Jalan Sukaati Permai III, Pasirluyu, Regol, Kota Bandung, Indonesia", "Foto Tampak Depan": "https://mapidstorage.s3.ap-southeast-1.amazonaws.com/general_image/indahliskaf/1772269572160_stamped_1772269567571.jpg", "Foto Spanduk/Papan Promosi": "https://mapidstorage.s3.ap-southeast-1.amazonaws.com/general_image/indahliskaf/1772269587962_stamped_1772269579401.jpg", "Kontributor": "Indah Liska", "Latitude": -6.9538649904266663, "Longitude": 107.61944994458457, "Pengecekan": "Diterima", "Catatan Kesalahan": null, "ID Data": "69a2b019adc6ac141e8a5b38" }, "geometry": { "type": "Point", "coordinates": [ 107.619449944584574, -6.953864990426666 ] } },
{ "type": "Feature", "properties": { "Kategori Properti": "Rumah", "Jenis Properti": "Dijual", " Tanggal": "2026-02-28", "Alamat": "Jalan Sukaati Permai II, Mengger, Bandung Kidul, Kota Bandung, Indonesia", "Foto Tampak Depan": "https://mapidstorage.s3.ap-southeast-1.amazonaws.com/general_image/indahliskaf/1772269464002_stamped_1772269461124.jpg", "Foto Spanduk/Papan Promosi": "https://mapidstorage.s3.ap-southeast-1.amazonaws.com/general_image/indahliskaf/1772269473159_stamped_1772269470564.jpg", "Kontributor": "Indah Liska", "Latitude": -6.9535808716749017, "Longitude": 107.62069581875068, "Pengecekan": "Diterima", "Catatan Kesalahan": null, "ID Data": "69a2afa40856c060d1742e25" }, "geometry": { "type": "Point", "coordinates": [ 107.620695818750676, -6.953580871674902 ] } },
{ "type": "Feature", "properties": { "Kategori Properti": "Rumah", "Jenis Properti": "Dijual", " Tanggal": "2026-02-28", "Alamat": "Jalan Sukaati IX komplek bapindo kavling 16, Pasirluyu, Regol, Kota Bandung, Indonesia", "Foto Tampak Depan": "https://mapidstorage.s3.ap-southeast-1.amazonaws.com/general_image/indahliskaf/1772269390216_stamped_1772269386119.jpg", "Foto Spanduk/Papan Promosi": "https://mapidstorage.s3.ap-southeast-1.amazonaws.com/general_image/indahliskaf/1772269400706_stamped_1772269397145.jpg", "Kontributor": "Indah Liska", "Latitude": -6.9541396760883174, "Longitude": 107.6204246014097, "Pengecekan": "Diterima", "Catatan Kesalahan": null, "ID Data": "69a2af650856c060d1742e1c" }, "geometry": { "type": "Point", "coordinates": [ 107.620424601409695, -6.954139676088317 ] } },
{ "type": "Feature", "properties": { "Kategori Properti": "Kos", "Jenis Properti": "Disewa", " Tanggal": "2026-02-28", "Alamat": "Jalan Sukaati VIII, Mengger, Bandung Kidul, Kota Bandung, Indonesia", "Foto Tampak Depan": "https://mapidstorage.s3.ap-southeast-1.amazonaws.com/general_image/indahliskaf/1772268997913_stamped_1772268988713.jpg", "Foto Spanduk/Papan Promosi": "https://mapidstorage.s3.ap-southeast-1.amazonaws.com/general_image/indahliskaf/1772269009085_stamped_1772268999955.jpg", "Kontributor": "Indah Liska", "Latitude": -6.9526191987120995, "Longitude": 107.62166672397399, "Pengecekan": "Diterima", "Catatan Kesalahan": null, "ID Data": "69a2add70856c060d1742dca" }, "geometry": { "type": "Point", "coordinates": [ 107.621666723973988, -6.9526191987121 ] } },
{ "type": "Feature", "properties": { "Kategori Properti": "Ruko", "Jenis Properti": "Dijual", " Tanggal": "2026-02-28", "Alamat": "Bulevar Taman Holis Indah, Cigondewah Kidul, Bandung Kulon, Kota Bandung, Indonesia", "Foto Tampak Depan": "https://mapidstorage.s3.ap-southeast-1.amazonaws.com/general_image/egipratama/1772258677152_stamped_1772258674967.jpg", "Foto Spanduk/Papan Promosi": "https://mapidstorage.s3.ap-southeast-1.amazonaws.com/general_image/egipratama/1772258686128_stamped_1772258684367.jpg", "Kontributor": "Egi Pratama", "Latitude": -6.9402838310191157, "Longitude": 107.56436739935936, "Pengecekan": "Diterima", "Catatan Kesalahan": null, "ID Data": "69a2857fadc6ac141e8a5219" }, "geometry": { "type": "Point", "coordinates": [ 107.564367399359355, -6.940283831019116 ] } },
{ "type": "Feature", "properties": { "Kategori Properti": "Ruko", "Jenis Properti": "Dijual", " Tanggal": "2026-02-28", "Alamat": "Bulevar Taman Holis Indah, Cigondewah Kidul, Bandung Kulon, Kota Bandung, Indonesia", "Foto Tampak Depan": "https://mapidstorage.s3.ap-southeast-1.amazonaws.com/general_image/egipratama/1772258625127_stamped_1772258623366.jpg", "Foto Spanduk/Papan Promosi": "https://mapidstorage.s3.ap-southeast-1.amazonaws.com/general_image/egipratama/1772258636649_stamped_1772258634525.jpg", "Kontributor": "Egi Pratama", "Latitude": -6.9401595721740819, "Longitude": 107.56445211469622, "Pengecekan": "Diterima", "Catatan Kesalahan": null, "ID Data": "69a2854e0856c060d1742553" }, "geometry": { "type": "Point", "coordinates": [ 107.564452114696223, -6.940159572174082 ] } },
{ "type": "Feature", "properties": { "Kategori Properti": "Rumah", "Jenis Properti": "Dijual", " Tanggal": "2026-02-28", "Alamat": "Bulevar Taman Holis Indah, Cigondewah Kidul, Bandung Kulon, Kota Bandung, Indonesia", "Foto Tampak Depan": "https://mapidstorage.s3.ap-southeast-1.amazonaws.com/general_image/egipratama/1772258553274_stamped_1772258551726.jpg", "Foto Spanduk/Papan Promosi": "https://mapidstorage.s3.ap-southeast-1.amazonaws.com/general_image/egipratama/1772258567561_stamped_1772258565293.jpg", "Kontributor": "Egi Pratama", "Latitude": -6.93976381652881, "Longitude": 107.56481223391455, "Pengecekan": "Diterima", "Catatan Kesalahan": null, "ID Data": "69a285090856c060d17424f7" }, "geometry": { "type": "Point", "coordinates": [ 107.564812233914552, -6.93976381652881 ] } },
{ "type": "Feature", "properties": { "Kategori Properti": "Tanah", "Jenis Properti": "Disewa", " Tanggal": "2026-02-28", "Alamat": "Blok Sawah, Cigondewah Kaler, Bandung Kulon, Kota Bandung, Indonesia", "Foto Tampak Depan": "https://mapidstorage.s3.ap-southeast-1.amazonaws.com/general_image/egipratama/1772258408569_stamped_1772258407114.jpg", "Foto Spanduk/Papan Promosi": "https://mapidstorage.s3.ap-southeast-1.amazonaws.com/general_image/egipratama/1772258416688_stamped_1772258415237.jpg", "Kontributor": "Egi Pratama", "Latitude": -6.9383412273640914, "Longitude": 107.56145128026964, "Pengecekan": "Diterima", "Catatan Kesalahan": null, "ID Data": "69a2847194228d2273d64638" }, "geometry": { "type": "Point", "coordinates": [ 107.561451280269637, -6.938341227364091 ] } },
{ "type": "Feature", "properties": { "Kategori Properti": "Ruko", "Jenis Properti": "Dijual", " Tanggal": "2026-02-28", "Alamat": "Blok Sawah, Cigondewah Kaler, Bandung Kulon, Kota Bandung, Indonesia", "Foto Tampak Depan": "https://mapidstorage.s3.ap-southeast-1.amazonaws.com/general_image/egipratama/1772258265626_stamped_1772258262882.jpg", "Foto Spanduk/Papan Promosi": "https://mapidstorage.s3.ap-southeast-1.amazonaws.com/general_image/egipratama/1772258274195_stamped_1772258272319.jpg", "Kontributor": "Egi Pratama", "Latitude": -6.9392796616671717, "Longitude": 107.56328002349335, "Pengecekan": "Diterima", "Catatan Kesalahan": null, "ID Data": "69a283e394228d2273d6462f" }, "geometry": { "type": "Point", "coordinates": [ 107.563280023493348, -6.939279661667172 ] } },
{ "type": "Feature", "properties": { "Kategori Properti": "Rumah", "Jenis Properti": "Dijual", " Tanggal": "2026-02-28", "Alamat": "Jalan Holis Permai IV, Caringin, Bandung Kulon, Kota Bandung, Indonesia", "Foto Tampak Depan": "https://mapidstorage.s3.ap-southeast-1.amazonaws.com/general_image/egipratama/1772257855097_stamped_1772257853129.jpg", "Foto Spanduk/Papan Promosi": "https://mapidstorage.s3.ap-southeast-1.amazonaws.com/general_image/egipratama/1772257863826_stamped_1772257862170.jpg", "Kontributor": "Egi Pratama", "Latitude": -6.9358192470968305, "Longitude": 107.56920342903038, "Pengecekan": "Diterima", "Catatan Kesalahan": null, "ID Data": "69a28248adc6ac141e8a514a" }, "geometry": { "type": "Point", "coordinates": [ 107.569203429030381, -6.935819247096831 ] } },
{ "type": "Feature", "properties": { "Kategori Properti": "Kos", "Jenis Properti": "Disewa", " Tanggal": "2026-02-28", "Alamat": "Jalan Holis Permai II, Caringin, Bandung Kulon, Kota Bandung, Indonesia", "Foto Tampak Depan": "https://mapidstorage.s3.ap-southeast-1.amazonaws.com/general_image/egipratama/1772257561328_stamped_1772257559911.jpg", "Foto Spanduk/Papan Promosi": "https://mapidstorage.s3.ap-southeast-1.amazonaws.com/general_image/egipratama/1772257569482_stamped_1772257567617.jpg", "Kontributor": "Egi Pratama", "Latitude": -6.9356943695360371, "Longitude": 107.56990192643201, "Pengecekan": "Diterima", "Catatan Kesalahan": null, "ID Data": "69a2812294228d2273d645cd" }, "geometry": { "type": "Point", "coordinates": [ 107.56990192643201, -6.935694369536037 ] } },
{ "type": "Feature", "properties": { "Kategori Properti": "Rumah", "Jenis Properti": "Dijual", " Tanggal": "2026-02-28", "Alamat": "Jalan Holis Permai II, Caringin, Bandung Kulon, Kota Bandung, Indonesia", "Foto Tampak Depan": "https://mapidstorage.s3.ap-southeast-1.amazonaws.com/general_image/egipratama/1772257437235_stamped_1772257435514.jpg", "Foto Spanduk/Papan Promosi": "https://mapidstorage.s3.ap-southeast-1.amazonaws.com/general_image/egipratama/1772257446562_stamped_1772257444671.jpg", "Kontributor": "Egi Pratama", "Latitude": -6.934698545223597, "Longitude": 107.56971836363181, "Pengecekan": "Diterima", "Catatan Kesalahan": null, "ID Data": "69a280a7adc6ac141e8a5148" }, "geometry": { "type": "Point", "coordinates": [ 107.569718363631807, -6.934698545223597 ] } },
{ "type": "Feature", "properties": { "Kategori Properti": "Gudang", "Jenis Properti": "Dijual", " Tanggal": "2026-02-28", "Alamat": "Jalan Holis II, Caringin, Bandung Kulon, Kota Bandung, Indonesia", "Foto Tampak Depan": "https://mapidstorage.s3.ap-southeast-1.amazonaws.com/general_image/egipratama/1772257308670_stamped_1772257307119.jpg", "Foto Spanduk/Papan Promosi": "https://mapidstorage.s3.ap-southeast-1.amazonaws.com/general_image/egipratama/1772257317008_stamped_1772257315060.jpg", "Kontributor": "Egi Pratama", "Latitude": -6.9348826166613833, "Longitude": 107.57077546826548, "Pengecekan": "Diterima", "Catatan Kesalahan": null, "ID Data": "69a2802694228d2273d64571" }, "geometry": { "type": "Point", "coordinates": [ 107.570775468265481, -6.934882616661383 ] } },
{ "type": "Feature", "properties": { "Kategori Properti": "Rumah", "Jenis Properti": "Dijual", " Tanggal": "2026-02-28", "Alamat": "Jalan Holis II, Caringin, Bandung Kulon, Kota Bandung, Indonesia", "Foto Tampak Depan": "https://mapidstorage.s3.ap-southeast-1.amazonaws.com/general_image/egipratama/1772257242107_stamped_1772257237803.jpg", "Foto Spanduk/Papan Promosi": "https://mapidstorage.s3.ap-southeast-1.amazonaws.com/general_image/egipratama/1772257252379_stamped_1772257250510.jpg", "Kontributor": "Egi Pratama", "Latitude": -6.9340997188946432, "Longitude": 107.57070475268665, "Pengecekan": "Diterima", "Catatan Kesalahan": null, "ID Data": "69a27fe60856c060d17423fb" }, "geometry": { "type": "Point", "coordinates": [ 107.570704752686652, -6.934099718894643 ] } },
{ "type": "Feature", "properties": { "Kategori Properti": "Rumah", "Jenis Properti": "Dijual", " Tanggal": "2026-02-28", "Alamat": "Jalan Holis II, Caringin, Bandung Kulon, Kota Bandung, Indonesia", "Foto Tampak Depan": "https://mapidstorage.s3.ap-southeast-1.amazonaws.com/general_image/egipratama/1772257138327_stamped_1772257136206.jpg", "Foto Spanduk/Papan Promosi": "https://mapidstorage.s3.ap-southeast-1.amazonaws.com/general_image/egipratama/1772257149656_stamped_1772257146931.jpg", "Kontributor": "Egi Pratama", "Latitude": -6.9336744229945708, "Longitude": 107.57053043521421, "Pengecekan": "Diterima", "Catatan Kesalahan": null, "ID Data": "69a27f7f94228d2273d644d5" }, "geometry": { "type": "Point", "coordinates": [ 107.570530435214209, -6.933674422994571 ] } },
{ "type": "Feature", "properties": { "Kategori Properti": "Rumah", "Jenis Properti": "Dijual", " Tanggal": "2026-02-28", "Alamat": "Jalan Holis I, Caringin, Bandung Kulon, Kota Bandung, Indonesia", "Foto Tampak Depan": "https://mapidstorage.s3.ap-southeast-1.amazonaws.com/general_image/egipratama/1772257008494_stamped_1772257006602.jpg", "Foto Spanduk/Papan Promosi": "https://mapidstorage.s3.ap-southeast-1.amazonaws.com/general_image/egipratama/1772257027192_stamped_1772257023954.jpg", "Kontributor": "Egi Pratama", "Latitude": -6.9344269545686785, "Longitude": 107.5703101945723, "Pengecekan": "Diterima", "Catatan Kesalahan": null, "ID Data": "69a27f04adc6ac141e8a5056" }, "geometry": { "type": "Point", "coordinates": [ 107.570310194572301, -6.934426954568679 ] } },
{ "type": "Feature", "properties": { "Kategori Properti": "Ruko", "Jenis Properti": "Dijual", " Tanggal": "2026-02-28", "Alamat": "Jalan Holis, Babakan, Babakan Ciparay, Kota Bandung, Indonesia", "Foto Tampak Depan": "https://mapidstorage.s3.ap-southeast-1.amazonaws.com/general_image/egipratama/1772256904318_stamped_1772256902522.jpg", "Foto Spanduk/Papan Promosi": "https://mapidstorage.s3.ap-southeast-1.amazonaws.com/general_image/egipratama/1772256914515_stamped_1772256911691.jpg", "Kontributor": "Egi Pratama", "Latitude": -6.9342239869501583, "Longitude": 107.57167715940773, "Pengecekan": "Diterima", "Catatan Kesalahan": null, "ID Data": "69a27e93adc6ac141e8a4ffc" }, "geometry": { "type": "Point", "coordinates": [ 107.571677159407727, -6.934223986950158 ] } },
{ "type": "Feature", "properties": { "Kategori Properti": "Ruko", "Jenis Properti": "Dijual", " Tanggal": "2026-02-28", "Alamat": "Jalan Sumber Asih, Babakan, Babakan Ciparay, Kota Bandung, Indonesia", "Foto Tampak Depan": "https://mapidstorage.s3.ap-southeast-1.amazonaws.com/general_image/egipratama/1772256823646_stamped_1772256820298.jpg", "Foto Spanduk/Papan Promosi": "https://mapidstorage.s3.ap-southeast-1.amazonaws.com/general_image/egipratama/1772256833568_stamped_1772256830771.jpg", "Kontributor": "Egi Pratama", "Latitude": -6.9341878884386432, "Longitude": 107.57213482458388, "Pengecekan": "Diterima", "Catatan Kesalahan": null, "ID Data": "69a27e42adc6ac141e8a4fa0" }, "geometry": { "type": "Point", "coordinates": [ 107.572134824583884, -6.934187888438643 ] } },
{ "type": "Feature", "properties": { "Kategori Properti": "Rumah", "Jenis Properti": "Dijual", " Tanggal": "2026-02-28", "Alamat": "Jalan Sumber Hurip, Babakan Ciparay, Babakan Ciparay, Kota Bandung, Indonesia", "Foto Tampak Depan": "https://mapidstorage.s3.ap-southeast-1.amazonaws.com/general_image/egipratama/1772255395695_stamped_1772255393604.jpg", "Foto Spanduk/Papan Promosi": "https://mapidstorage.s3.ap-southeast-1.amazonaws.com/general_image/egipratama/1772255406346_stamped_1772255404490.jpg", "Kontributor": "Egi Pratama", "Latitude": -6.9382300693766297, "Longitude": 107.57561277608727, "Pengecekan": "Diterima", "Catatan Kesalahan": null, "ID Data": "69a278af94228d2273d6428d" }, "geometry": { "type": "Point", "coordinates": [ 107.575612776087269, -6.93823006937663 ] } },
{ "type": "Feature", "properties": { "Kategori Properti": "Rumah", "Jenis Properti": "Dijual", " Tanggal": "2026-02-28", "Alamat": "Jalan Sumbermulya, Babakan Ciparay, Babakan Ciparay, Kota Bandung, Indonesia", "Foto Tampak Depan": "https://mapidstorage.s3.ap-southeast-1.amazonaws.com/general_image/egipratama/1772255266248_stamped_1772255264572.jpg", "Foto Spanduk/Papan Promosi": "https://mapidstorage.s3.ap-southeast-1.amazonaws.com/general_image/egipratama/1772255275239_stamped_1772255273359.jpg", "Kontributor": "Egi Pratama", "Latitude": -6.9373536379736862, "Longitude": 107.57397367882493, "Pengecekan": "Diterima", "Catatan Kesalahan": null, "ID Data": "69a2782cadc6ac141e8a4db6" }, "geometry": { "type": "Point", "coordinates": [ 107.573973678824927, -6.937353637973686 ] } },
{ "type": "Feature", "properties": { "Kategori Properti": "Rumah", "Jenis Properti": "Dijual", " Tanggal": "2026-02-28", "Alamat": "Jalan Sumber Hegar IV, Babakan, Babakan Ciparay, Kota Bandung, Indonesia", "Foto Tampak Depan": "https://mapidstorage.s3.ap-southeast-1.amazonaws.com/general_image/egipratama/1772255055474_stamped_1772255051861.jpg", "Foto Spanduk/Papan Promosi": "https://mapidstorage.s3.ap-southeast-1.amazonaws.com/general_image/egipratama/1772255063178_stamped_1772255060499.jpg", "Kontributor": "Egi Pratama", "Latitude": -6.9355177241252619, "Longitude": 107.57409747963459, "Pengecekan": "Diterima", "Catatan Kesalahan": null, "ID Data": "69a277580856c060d1742053" }, "geometry": { "type": "Point", "coordinates": [ 107.574097479634588, -6.935517724125262 ] } },
{ "type": "Feature", "properties": { "Kategori Properti": "Rumah", "Jenis Properti": "Dijual", " Tanggal": "2026-02-28", "Alamat": "Jalan Sumber Hegar IV, Babakan, Babakan Ciparay, Kota Bandung, Indonesia", "Foto Tampak Depan": "https://mapidstorage.s3.ap-southeast-1.amazonaws.com/general_image/egipratama/1772254974538_stamped_1772254971927.jpg", "Foto Spanduk/Papan Promosi": "https://mapidstorage.s3.ap-southeast-1.amazonaws.com/general_image/egipratama/1772254989128_stamped_1772254986680.jpg", "Kontributor": "Egi Pratama", "Latitude": -6.935677128970795, "Longitude": 107.57403299406201, "Pengecekan": "Diterima", "Catatan Kesalahan": null, "ID Data": "69a2770e0856c060d1741ff5" }, "geometry": { "type": "Point", "coordinates": [ 107.574032994062009, -6.935677128970795 ] } },
{ "type": "Feature", "properties": { "Kategori Properti": "Rumah", "Jenis Properti": "Dijual", " Tanggal": "2026-02-28", "Alamat": "Jalan Sumber Hegar II, Babakan, Babakan Ciparay, Kota Bandung, Indonesia", "Foto Tampak Depan": "https://mapidstorage.s3.ap-southeast-1.amazonaws.com/general_image/egipratama/1772254835185_stamped_1772254833126.jpg", "Foto Spanduk/Papan Promosi": "https://mapidstorage.s3.ap-southeast-1.amazonaws.com/general_image/egipratama/1772254845240_stamped_1772254842333.jpg", "Kontributor": "Egi Pratama", "Latitude": -6.9348747096788372, "Longitude": 107.57496301099371, "Pengecekan": "Diterima", "Catatan Kesalahan": null, "ID Data": "69a2767e0856c060d1741ec9" }, "geometry": { "type": "Point", "coordinates": [ 107.574963010993713, -6.934874709678837 ] } },
{ "type": "Feature", "properties": { "Kategori Properti": "Rumah", "Jenis Properti": "Dijual", " Tanggal": "2026-02-28", "Alamat": "Sumber Sari, Babakan, Babakan Ciparay, Kota Bandung, Indonesia", "Foto Tampak Depan": "https://mapidstorage.s3.ap-southeast-1.amazonaws.com/general_image/egipratama/1772254659026_stamped_1772254655868.jpg", "Foto Spanduk/Papan Promosi": "https://mapidstorage.s3.ap-southeast-1.amazonaws.com/general_image/egipratama/1772254668427_stamped_1772254666237.jpg", "Kontributor": "Egi Pratama", "Latitude": -6.9330021086781386, "Longitude": 107.57510206674914, "Pengecekan": "Diterima", "Catatan Kesalahan": null, "ID Data": "69a275cd0856c060d1741e08" }, "geometry": { "type": "Point", "coordinates": [ 107.575102066749139, -6.933002108678139 ] } },
{ "type": "Feature", "properties": { "Kategori Properti": "Rumah", "Jenis Properti": "Dijual", " Tanggal": "2026-02-28", "Alamat": "Sumber Hegar III, Babakan, Babakan Ciparay, Kota Bandung, Indonesia", "Foto Tampak Depan": "https://mapidstorage.s3.ap-southeast-1.amazonaws.com/general_image/egipratama/1772254481634_stamped_1772254479396.jpg", "Foto Spanduk/Papan Promosi": "https://mapidstorage.s3.ap-southeast-1.amazonaws.com/general_image/egipratama/1772254492559_stamped_1772254490299.jpg", "Kontributor": "Egi Pratama", "Latitude": -6.934737788368821, "Longitude": 107.5740700804983, "Pengecekan": "Diterima", "Catatan Kesalahan": null, "ID Data": "69a2751dadc6ac141e8a4a02" }, "geometry": { "type": "Point", "coordinates": [ 107.574070080498302, -6.934737788368821 ] } },
{ "type": "Feature", "properties": { "Kategori Properti": "Rumah", "Jenis Properti": "Disewa", " Tanggal": "2026-02-28", "Alamat": "Sumber Hegar III, Babakan, Babakan Ciparay, Kota Bandung, Indonesia", "Foto Tampak Depan": "https://mapidstorage.s3.ap-southeast-1.amazonaws.com/general_image/egipratama/1772254436310_stamped_1772254432603.jpg", "Foto Spanduk/Papan Promosi": "https://mapidstorage.s3.ap-southeast-1.amazonaws.com/general_image/egipratama/1772254444687_stamped_1772254442022.jpg", "Kontributor": "Egi Pratama", "Latitude": -6.9346122727233563, "Longitude": 107.57423066016293, "Pengecekan": "Diterima", "Catatan Kesalahan": null, "ID Data": "69a274ef0856c060d1741d56" }, "geometry": { "type": "Point", "coordinates": [ 107.574230660162925, -6.934612272723356 ] } },
{ "type": "Feature", "properties": { "Kategori Properti": "Rumah", "Jenis Properti": "Dijual", " Tanggal": "2026-02-28", "Alamat": "Jalan Sumber Hegar VI, Babakan, Babakan Ciparay, Kota Bandung, Indonesia", "Foto Tampak Depan": "https://mapidstorage.s3.ap-southeast-1.amazonaws.com/general_image/egipratama/1772254358875_stamped_1772254356499.jpg", "Foto Spanduk/Papan Promosi": "https://mapidstorage.s3.ap-southeast-1.amazonaws.com/general_image/egipratama/1772254380358_stamped_1772254378011.jpg", "Kontributor": "Egi Pratama", "Latitude": -6.9356702001049939, "Longitude": 107.5734644754283, "Pengecekan": "Diterima", "Catatan Kesalahan": null, "ID Data": "69a274ae0856c060d1741d54" }, "geometry": { "type": "Point", "coordinates": [ 107.573464475428295, -6.935670200104994 ] } },
{ "type": "Feature", "properties": { "Kategori Properti": "Rumah", "Jenis Properti": "Dijual", " Tanggal": "2026-02-28", "Alamat": "Jalan Sumber Hegar IV, Babakan, Babakan Ciparay, Kota Bandung, Indonesia", "Foto Tampak Depan": "https://mapidstorage.s3.ap-southeast-1.amazonaws.com/general_image/egipratama/1772254305342_stamped_1772254303222.jpg", "Foto Spanduk/Papan Promosi": "https://mapidstorage.s3.ap-southeast-1.amazonaws.com/general_image/egipratama/1772254313022_stamped_1772254310507.jpg", "Kontributor": "Egi Pratama", "Latitude": -6.9351752595401734, "Longitude": 107.57374205682891, "Pengecekan": "Diterima", "Catatan Kesalahan": null, "ID Data": "69a2747194228d2273d63e81" }, "geometry": { "type": "Point", "coordinates": [ 107.573742056828905, -6.935175259540173 ] } },
{ "type": "Feature", "properties": { "Kategori Properti": "Rumah", "Jenis Properti": "Dijual", " Tanggal": "2026-02-28", "Alamat": "Jalan Sumber Hegar VI, Babakan, Babakan Ciparay, Kota Bandung, Indonesia", "Foto Tampak Depan": "https://mapidstorage.s3.ap-southeast-1.amazonaws.com/general_image/egipratama/1772254245468_stamped_1772254242133.jpg", "Foto Spanduk/Papan Promosi": "https://mapidstorage.s3.ap-southeast-1.amazonaws.com/general_image/egipratama/1772254252094_stamped_1772254250170.jpg", "Kontributor": "Egi Pratama", "Latitude": -6.9360228608821473, "Longitude": 107.57336419186998, "Pengecekan": "Diterima", "Catatan Kesalahan": null, "ID Data": "69a2742dadc6ac141e8a49be" }, "geometry": { "type": "Point", "coordinates": [ 107.573364191869985, -6.936022860882147 ] } },
{ "type": "Feature", "properties": { "Kategori Properti": "Rumah", "Jenis Properti": "Dijual", " Tanggal": "2026-02-28", "Alamat": "Jalan Sumber Hegar, Babakan, Babakan Ciparay, Kota Bandung, Indonesia", "Foto Tampak Depan": "https://mapidstorage.s3.ap-southeast-1.amazonaws.com/general_image/egipratama/1772254161679_stamped_1772254159241.jpg", "Foto Spanduk/Papan Promosi": "https://mapidstorage.s3.ap-southeast-1.amazonaws.com/general_image/egipratama/1772254175720_stamped_1772254173800.jpg", "Kontributor": "Egi Pratama", "Latitude": -6.9356867187307643, "Longitude": 107.57255885723197, "Pengecekan": "Diterima", "Catatan Kesalahan": null, "ID Data": "69a273e094228d2273d63dd1" }, "geometry": { "type": "Point", "coordinates": [ 107.572558857231968, -6.935686718730764 ] } },
{ "type": "Feature", "properties": { "Kategori Properti": "Rumah", "Jenis Properti": "Dijual", " Tanggal": "2026-02-28", "Alamat": "Jalan Sumber Hegar, Babakan, Babakan Ciparay, Kota Bandung, Indonesia", "Foto Tampak Depan": "https://mapidstorage.s3.ap-southeast-1.amazonaws.com/general_image/egipratama/1772254094908_stamped_1772254092897.jpg", "Foto Spanduk/Papan Promosi": "https://mapidstorage.s3.ap-southeast-1.amazonaws.com/general_image/egipratama/1772254111454_stamped_1772254109508.jpg", "Kontributor": "Egi Pratama", "Latitude": -6.9353105487441695, "Longitude": 107.57265289163291, "Pengecekan": "Diterima", "Catatan Kesalahan": null, "ID Data": "69a273a10856c060d1741ca0" }, "geometry": { "type": "Point", "coordinates": [ 107.572652891632913, -6.93531054874417 ] } },
{ "type": "Feature", "properties": { "Kategori Properti": "Rumah", "Jenis Properti": "Dijual", " Tanggal": "2026-02-28", "Alamat": "Jalan Sumber Hegar, Babakan, Babakan Ciparay, Kota Bandung, Indonesia", "Foto Tampak Depan": "https://mapidstorage.s3.ap-southeast-1.amazonaws.com/general_image/egipratama/1772254047737_stamped_1772254045673.jpg", "Foto Spanduk/Papan Promosi": "https://mapidstorage.s3.ap-southeast-1.amazonaws.com/general_image/egipratama/1772254070168_stamped_1772254067407.jpg", "Kontributor": "Egi Pratama", "Latitude": -6.9351825226439558, "Longitude": 107.57267817925054, "Pengecekan": "Diterima", "Catatan Kesalahan": null, "ID Data": "69a2737794228d2273d63dcf" }, "geometry": { "type": "Point", "coordinates": [ 107.572678179250545, -6.935182522643956 ] } },
{ "type": "Feature", "properties": { "Kategori Properti": "Rumah", "Jenis Properti": "Dijual", " Tanggal": "2026-02-28", "Alamat": "Jalan Sumber Hegar, Babakan, Babakan Ciparay, Kota Bandung, Indonesia", "Foto Tampak Depan": "https://mapidstorage.s3.ap-southeast-1.amazonaws.com/general_image/egipratama/1772253999968_stamped_1772253997976.jpg", "Foto Spanduk/Papan Promosi": "https://mapidstorage.s3.ap-southeast-1.amazonaws.com/general_image/egipratama/1772254009264_stamped_1772254006801.jpg", "Kontributor": "Egi Pratama", "Latitude": -6.9350858756608602, "Longitude": 107.57271231820584, "Pengecekan": "Diterima", "Catatan Kesalahan": null, "ID Data": "69a2733cadc6ac141e8a494a" }, "geometry": { "type": "Point", "coordinates": [ 107.572712318205845, -6.93508587566086 ] } },
{ "type": "Feature", "properties": { "Kategori Properti": "Rumah", "Jenis Properti": "Dijual", " Tanggal": "2026-02-28", "Alamat": "Jalan Sumber Hegar, Babakan, Babakan Ciparay, Kota Bandung, Indonesia", "Foto Tampak Depan": "https://mapidstorage.s3.ap-southeast-1.amazonaws.com/general_image/egipratama/1772253947684_stamped_1772253945387.jpg", "Foto Spanduk/Papan Promosi": "https://mapidstorage.s3.ap-southeast-1.amazonaws.com/general_image/egipratama/1772253968805_stamped_1772253966222.jpg", "Kontributor": "Egi Pratama", "Latitude": -6.9349114087231811, "Longitude": 107.57277806749022, "Pengecekan": "Diterima", "Catatan Kesalahan": null, "ID Data": "69a2731294228d2273d63dcd" }, "geometry": { "type": "Point", "coordinates": [ 107.572778067490219, -6.934911408723181 ] } },
{ "type": "Feature", "properties": { "Kategori Properti": "Rumah", "Jenis Properti": "Dijual", " Tanggal": "2026-02-28", "Alamat": "Jalan Sumber Hegar, Babakan, Babakan Ciparay, Kota Bandung, Indonesia", "Foto Tampak Depan": "https://mapidstorage.s3.ap-southeast-1.amazonaws.com/general_image/egipratama/1772253895205_stamped_1772253892307.jpg", "Foto Spanduk/Papan Promosi": "https://mapidstorage.s3.ap-southeast-1.amazonaws.com/general_image/egipratama/1772253904587_stamped_1772253902663.jpg", "Kontributor": "Egi Pratama", "Latitude": -6.9343886892498148, "Longitude": 107.57295989260587, "Pengecekan": "Diterima", "Catatan Kesalahan": null, "ID Data": "69a272d10856c060d1741c9e" }, "geometry": { "type": "Point", "coordinates": [ 107.572959892605866, -6.934388689249815 ] } },
{ "type": "Feature", "properties": { "Kategori Properti": "Rumah", "Jenis Properti": "Dijual", " Tanggal": "2026-02-28", "Alamat": "Jalan Sumber Hegar I, Babakan, Babakan Ciparay, Kota Bandung, Indonesia", "Foto Tampak Depan": "https://mapidstorage.s3.ap-southeast-1.amazonaws.com/general_image/egipratama/1772253787779_stamped_1772253784913.jpg", "Foto Spanduk/Papan Promosi": "https://mapidstorage.s3.ap-southeast-1.amazonaws.com/general_image/egipratama/1772253825818_stamped_1772253822672.jpg", "Kontributor": "Egi Pratama", "Latitude": -6.9334616657531853, "Longitude": 107.57352489696001, "Pengecekan": "Diterima", "Catatan Kesalahan": null, "ID Data": "69a2728294228d2273d63dcb" }, "geometry": { "type": "Point", "coordinates": [ 107.573524896960009, -6.933461665753185 ] } },
{ "type": "Feature", "properties": { "Kategori Properti": "Gudang", "Jenis Properti": "Dijual", " Tanggal": "2026-02-28", "Alamat": "Jalan Sumber Asih, Warungmuncang, Bandung Kulon, Kota Bandung, Indonesia", "Foto Tampak Depan": "https://mapidstorage.s3.ap-southeast-1.amazonaws.com/general_image/egipratama/1772253649955_stamped_1772253648060.jpg", "Foto Spanduk/Papan Promosi": "https://mapidstorage.s3.ap-southeast-1.amazonaws.com/general_image/egipratama/1772253661067_stamped_1772253658749.jpg", "Kontributor": "Egi Pratama", "Latitude": -6.9318720680261379, "Longitude": 107.57395465839829, "Pengecekan": "Diterima", "Catatan Kesalahan": null, "ID Data": "69a271e694228d2273d63d6f" }, "geometry": { "type": "Point", "coordinates": [ 107.573954658398293, -6.931872068026138 ] } },
{ "type": "Feature", "properties": { "Kategori Properti": "Rumah", "Jenis Properti": "Dijual", " Tanggal": "2026-02-28", "Alamat": "Jalan Sumber Asih, Babakan, Babakan Ciparay, Kota Bandung, Indonesia", "Foto Tampak Depan": "https://mapidstorage.s3.ap-southeast-1.amazonaws.com/general_image/egipratama/1772253503760_stamped_1772253501395.jpg", "Foto Spanduk/Papan Promosi": "https://mapidstorage.s3.ap-southeast-1.amazonaws.com/general_image/egipratama/1772253512134_stamped_1772253509532.jpg", "Kontributor": "Egi Pratama", "Latitude": -6.9345871699897117, "Longitude": 107.57242734055473, "Pengecekan": "Diterima", "Catatan Kesalahan": null, "ID Data": "69a271490856c060d1741c42" }, "geometry": { "type": "Point", "coordinates": [ 107.572427340554725, -6.934587169989712 ] } },
{ "type": "Feature", "properties": { "Kategori Properti": "Rumah", "Jenis Properti": "Disewa", " Tanggal": "2026-02-28", "Alamat": "Jalan Sumber Asih, Babakan, Babakan Ciparay, Kota Bandung, Indonesia", "Foto Tampak Depan": "https://mapidstorage.s3.ap-southeast-1.amazonaws.com/general_image/egipratama/1772253456026_stamped_1772253453934.jpg", "Foto Spanduk/Papan Promosi": "https://mapidstorage.s3.ap-southeast-1.amazonaws.com/general_image/egipratama/1772253464056_stamped_1772253461957.jpg", "Kontributor": "Egi Pratama", "Latitude": -6.934827794018986, "Longitude": 107.57237459461874, "Pengecekan": "Diterima", "Catatan Kesalahan": null, "ID Data": "69a2711a0856c060d1741be6" }, "geometry": { "type": "Point", "coordinates": [ 107.572374594618736, -6.934827794018986 ] } },
{ "type": "Feature", "properties": { "Kategori Properti": "Rumah", "Jenis Properti": "Dijual", " Tanggal": "2026-02-28", "Alamat": "Jalan Sumber Asih, Babakan, Babakan Ciparay, Kota Bandung, Indonesia", "Foto Tampak Depan": "https://mapidstorage.s3.ap-southeast-1.amazonaws.com/general_image/egipratama/1772253384567_stamped_1772253382809.jpg", "Foto Spanduk/Papan Promosi": "https://mapidstorage.s3.ap-southeast-1.amazonaws.com/general_image/egipratama/1772253393456_stamped_1772253391815.jpg", "Kontributor": "Egi Pratama", "Latitude": -6.9352388120293966, "Longitude": 107.57219577493765, "Pengecekan": "Diterima", "Catatan Kesalahan": null, "ID Data": "69a270d294228d2273d63cbd" }, "geometry": { "type": "Point", "coordinates": [ 107.572195774937654, -6.935238812029397 ] } },
{ "type": "Feature", "properties": { "Kategori Properti": "Rumah", "Jenis Properti": "Disewa", " Tanggal": "2026-02-28", "Alamat": "Jalan Sumber Nanjung, Babakan Ciparay, Babakan Ciparay, Kota Bandung, Indonesia", "Foto Tampak Depan": "https://mapidstorage.s3.ap-southeast-1.amazonaws.com/general_image/egipratama/1772253181250_stamped_1772253177793.jpg", "Foto Spanduk/Papan Promosi": "https://mapidstorage.s3.ap-southeast-1.amazonaws.com/general_image/egipratama/1772253195135_stamped_1772253192305.jpg", "Kontributor": "Egi Pratama", "Latitude": -6.9377585472190475, "Longitude": 107.57325543825823, "Pengecekan": "Diterima", "Catatan Kesalahan": null, "ID Data": "69a2700c94228d2273d63c0f" }, "geometry": { "type": "Point", "coordinates": [ 107.573255438258229, -6.937758547219048 ] } },
{ "type": "Feature", "properties": { "Kategori Properti": "Rumah", "Jenis Properti": "Dijual", " Tanggal": "2026-02-28", "Alamat": "Jalan Sumber Endah I, Babakan Ciparay, Babakan Ciparay, Kota Bandung, Indonesia", "Foto Tampak Depan": "https://mapidstorage.s3.ap-southeast-1.amazonaws.com/general_image/egipratama/1772253011536_stamped_1772253008758.jpg", "Foto Spanduk/Papan Promosi": "https://mapidstorage.s3.ap-southeast-1.amazonaws.com/general_image/egipratama/1772253021983_stamped_1772253019901.jpg", "Kontributor": "Egi Pratama", "Latitude": -6.9389028428176402, "Longitude": 107.576388856439, "Pengecekan": "Diterima", "Catatan Kesalahan": null, "ID Data": "69a26f6fadc6ac141e8a46fe" }, "geometry": { "type": "Point", "coordinates": [ 107.576388856438996, -6.93890284281764 ] } },
{ "type": "Feature", "properties": { "Kategori Properti": "Gudang", "Jenis Properti": "Dijual", " Tanggal": "2026-02-28", "Alamat": "Jalan Sumber Endah I, Babakan Ciparay, Babakan Ciparay, Kota Bandung, Indonesia", "Foto Tampak Depan": "https://mapidstorage.s3.ap-southeast-1.amazonaws.com/general_image/egipratama/1772252915380_stamped_1772252913623.jpg", "Foto Spanduk/Papan Promosi": "https://mapidstorage.s3.ap-southeast-1.amazonaws.com/general_image/egipratama/1772252942578_stamped_1772252940466.jpg", "Kontributor": "Egi Pratama", "Latitude": -6.9376806559060071, "Longitude": 107.57656195273472, "Pengecekan": "Diterima", "Catatan Kesalahan": null, "ID Data": "69a26f0f0856c060d1741a05" }, "geometry": { "type": "Point", "coordinates": [ 107.576561952734721, -6.937680655906007 ] } },
{ "type": "Feature", "properties": { "Kategori Properti": "Rumah", "Jenis Properti": "Disewa", " Tanggal": "2026-02-28", "Alamat": "Jalan Sumber Endah, Babakan Ciparay, Babakan Ciparay, Kota Bandung, Indonesia", "Foto Tampak Depan": "https://mapidstorage.s3.ap-southeast-1.amazonaws.com/general_image/egipratama/1772252713482_stamped_1772252710809.jpg", "Foto Spanduk/Papan Promosi": "https://mapidstorage.s3.ap-southeast-1.amazonaws.com/general_image/egipratama/1772252724010_stamped_1772252722016.jpg", "Kontributor": "Egi Pratama", "Latitude": -6.938882819356138, "Longitude": 107.57538536075418, "Pengecekan": "Diterima", "Catatan Kesalahan": null, "ID Data": "69a26e35adc6ac141e8a46a4" }, "geometry": { "type": "Point", "coordinates": [ 107.575385360754183, -6.938882819356138 ] } },
{ "type": "Feature", "properties": { "Kategori Properti": "Rumah", "Jenis Properti": "Dijual", " Tanggal": "2026-02-28", "Alamat": "Jalan Sumber Endah, Babakan Ciparay, Babakan Ciparay, Kota Bandung, Indonesia", "Foto Tampak Depan": "https://mapidstorage.s3.ap-southeast-1.amazonaws.com/general_image/egipratama/1772252656199_stamped_1772252653392.jpg", "Foto Spanduk/Papan Promosi": "https://mapidstorage.s3.ap-southeast-1.amazonaws.com/general_image/egipratama/1772252666792_stamped_1772252664382.jpg", "Kontributor": "Egi Pratama", "Latitude": -6.9388238276379042, "Longitude": 107.57457454420637, "Pengecekan": "Diterima", "Catatan Kesalahan": null, "ID Data": "69a26dfb0856c060d1741a03" }, "geometry": { "type": "Point", "coordinates": [ 107.574574544206371, -6.938823827637904 ] } },
{ "type": "Feature", "properties": { "Kategori Properti": "Rumah", "Jenis Properti": "Dijual", " Tanggal": "2026-02-28", "Alamat": "Jalan Sumber Endah, Babakan Ciparay, Babakan Ciparay, Kota Bandung, Indonesia", "Foto Tampak Depan": "https://mapidstorage.s3.ap-southeast-1.amazonaws.com/general_image/egipratama/1772252527198_stamped_1772252525284.jpg", "Foto Spanduk/Papan Promosi": "https://mapidstorage.s3.ap-southeast-1.amazonaws.com/general_image/egipratama/1772252540426_stamped_1772252537408.jpg", "Kontributor": "Egi Pratama", "Latitude": -6.9379401173953283, "Longitude": 107.57250818473983, "Pengecekan": "Diterima", "Catatan Kesalahan": null, "ID Data": "69a26d7d94228d2273d63b41" }, "geometry": { "type": "Point", "coordinates": [ 107.572508184739831, -6.937940117395328 ] } },
{ "type": "Feature", "properties": { "Kategori Properti": "Rumah", "Jenis Properti": "Dijual", " Tanggal": "2026-02-28", "Alamat": "Jalan Dian Molek IV, Babakan, Babakan Ciparay, Kota Bandung, Indonesia", "Foto Tampak Depan": "https://mapidstorage.s3.ap-southeast-1.amazonaws.com/general_image/egipratama/1772252350742_stamped_1772252348502.jpg", "Foto Spanduk/Papan Promosi": "https://mapidstorage.s3.ap-southeast-1.amazonaws.com/general_image/egipratama/1772252360939_stamped_1772252358892.jpg", "Kontributor": "Egi Pratama", "Latitude": -6.9405995420332829, "Longitude": 107.57127594196481, "Pengecekan": "Diterima", "Catatan Kesalahan": null, "ID Data": "69a26cca0856c060d174194f" }, "geometry": { "type": "Point", "coordinates": [ 107.571275941964814, -6.940599542033283 ] } },
{ "type": "Feature", "properties": { "Kategori Properti": "Rumah", "Jenis Properti": "Dijual", " Tanggal": "2026-02-28", "Alamat": "Jalan Dian Molek II, Babakan, Babakan Ciparay, Kota Bandung, Indonesia", "Foto Tampak Depan": "https://mapidstorage.s3.ap-southeast-1.amazonaws.com/general_image/egipratama/1772252269532_stamped_1772252267924.jpg", "Foto Spanduk/Papan Promosi": "https://mapidstorage.s3.ap-southeast-1.amazonaws.com/general_image/egipratama/1772252279874_stamped_1772252277649.jpg", "Kontributor": "Egi Pratama", "Latitude": -6.9398624694552637, "Longitude": 107.5709881868367, "Pengecekan": "Diterima", "Catatan Kesalahan": null, "ID Data": "69a26c7a94228d2273d63a89" }, "geometry": { "type": "Point", "coordinates": [ 107.570988186836701, -6.939862469455264 ] } },
{ "type": "Feature", "properties": { "Kategori Properti": "Rumah", "Jenis Properti": "Dijual", " Tanggal": "2026-02-28", "Alamat": "Jalan Dian Molek I, Babakan, Babakan Ciparay, Kota Bandung, Indonesia", "Foto Tampak Depan": "https://mapidstorage.s3.ap-southeast-1.amazonaws.com/general_image/egipratama/1772252165101_stamped_1772252163059.jpg", "Foto Spanduk/Papan Promosi": "https://mapidstorage.s3.ap-southeast-1.amazonaws.com/general_image/egipratama/1772252174189_stamped_1772252172284.jpg", "Kontributor": "Egi Pratama", "Latitude": -6.9390020069594698, "Longitude": 107.57200893239138, "Pengecekan": "Diterima", "Catatan Kesalahan": null, "ID Data": "69a26c0fadc6ac141e8a45f0" }, "geometry": { "type": "Point", "coordinates": [ 107.572008932391384, -6.93900200695947 ] } },
{ "type": "Feature", "properties": { "Kategori Properti": "Tanah", "Jenis Properti": "Dijual", " Tanggal": "2026-02-28", "Alamat": "Dian Indah Raya, Babakan, Babakan Ciparay, Kota Bandung, Indonesia", "Foto Tampak Depan": "https://mapidstorage.s3.ap-southeast-1.amazonaws.com/general_image/egipratama/1772252009896_stamped_1772252005978.jpg", "Foto Spanduk/Papan Promosi": "https://mapidstorage.s3.ap-southeast-1.amazonaws.com/general_image/egipratama/1772252023582_stamped_1772252021054.jpg", "Kontributor": "Egi Pratama", "Latitude": -6.9414920058451486, "Longitude": 107.57160091516448, "Pengecekan": "Diterima", "Catatan Kesalahan": null, "ID Data": "69a26b7a0856c060d17418f5" }, "geometry": { "type": "Point", "coordinates": [ 107.571600915164481, -6.941492005845149 ] } },
{ "type": "Feature", "properties": { "Kategori Properti": "Rumah", "Jenis Properti": "Dijual", " Tanggal": "2026-02-28", "Alamat": "Jalan Dian Indah I, Babakan, Babakan Ciparay, Kota Bandung, Indonesia", "Foto Tampak Depan": "https://mapidstorage.s3.ap-southeast-1.amazonaws.com/general_image/egipratama/1772251719974_stamped_1772251717001.jpg", "Foto Spanduk/Papan Promosi": "https://mapidstorage.s3.ap-southeast-1.amazonaws.com/general_image/egipratama/1772251730468_stamped_1772251728661.jpg", "Kontributor": "Egi Pratama", "Latitude": -6.940361476866741, "Longitude": 107.5722154303956, "Pengecekan": "Diterima", "Catatan Kesalahan": null, "ID Data": "69a26a5d0856c060d1741823" }, "geometry": { "type": "Point", "coordinates": [ 107.572215430395602, -6.940361476866741 ] } },
{ "type": "Feature", "properties": { "Kategori Properti": "Rumah", "Jenis Properti": "Dijual", " Tanggal": "2026-02-28", "Alamat": "Jalan Dian Indah I, Babakan, Babakan Ciparay, Kota Bandung, Indonesia", "Foto Tampak Depan": "https://mapidstorage.s3.ap-southeast-1.amazonaws.com/general_image/egipratama/1772251627220_stamped_1772251624881.jpg", "Foto Spanduk/Papan Promosi": "https://mapidstorage.s3.ap-southeast-1.amazonaws.com/general_image/egipratama/1772251634240_stamped_1772251632387.jpg", "Kontributor": "Egi Pratama", "Latitude": -6.9414780347022713, "Longitude": 107.57241619265358, "Pengecekan": "Diterima", "Catatan Kesalahan": null, "ID Data": "69a269fdadc6ac141e8a44c0" }, "geometry": { "type": "Point", "coordinates": [ 107.572416192653577, -6.941478034702271 ] } },
{ "type": "Feature", "properties": { "Kategori Properti": "Rumah", "Jenis Properti": "Dijual", " Tanggal": "2026-02-28", "Alamat": "Jalan Dian Sakti, Babakan, Babakan Ciparay, Kota Bandung, Indonesia", "Foto Tampak Depan": "https://mapidstorage.s3.ap-southeast-1.amazonaws.com/general_image/egipratama/1772251476785_stamped_1772251474237.jpg", "Foto Spanduk/Papan Promosi": "https://mapidstorage.s3.ap-southeast-1.amazonaws.com/general_image/egipratama/1772251505039_stamped_1772251500955.jpg", "Kontributor": "Egi Pratama", "Latitude": -6.9412431959086831, "Longitude": 107.57383514200131, "Pengecekan": "Diterima", "Catatan Kesalahan": null, "ID Data": "69a269720856c060d17417df" }, "geometry": { "type": "Point", "coordinates": [ 107.573835142001315, -6.941243195908683 ] } },
{ "type": "Feature", "properties": { "Kategori Properti": "Rumah", "Jenis Properti": "Dijual", " Tanggal": "2026-02-28", "Alamat": "Jalan Kembar Sari, Babakan Ciparay, Babakan Ciparay, Kota Bandung, Indonesia", "Foto Tampak Depan": "https://mapidstorage.s3.ap-southeast-1.amazonaws.com/general_image/egipratama/1772251342347_stamped_1772251340080.jpg", "Foto Spanduk/Papan Promosi": "https://mapidstorage.s3.ap-southeast-1.amazonaws.com/general_image/egipratama/1772251351850_stamped_1772251349557.jpg", "Kontributor": "Egi Pratama", "Latitude": -6.938917962456685, "Longitude": 107.5725229989622, "Pengecekan": "Diterima", "Catatan Kesalahan": null, "ID Data": "69a268d994228d2273d638bd" }, "geometry": { "type": "Point", "coordinates": [ 107.572522998962199, -6.938917962456685 ] } },
{ "type": "Feature", "properties": { "Kategori Properti": "Kantor", "Jenis Properti": "Dijual", " Tanggal": "2026-02-23", "Alamat": "375, Indonesia", "Foto Tampak Depan": "https://mapidstorage.s3.ap-southeast-1.amazonaws.com/general_image/egipratama/1771846217847_image_picker_EC8BA6AB-0E8E-481E-B705-3C9ED69CFAEC-16548-0000013B69D908A3.jpg", "Foto Spanduk/Papan Promosi": "https://mapidstorage.s3.ap-southeast-1.amazonaws.com/general_image/egipratama/1771846221649_image_picker_72E9820C-E73E-41DC-B753-F491E9A16D7D-16548-0000013B6F4C6889.jpg", "Kontributor": "Egi Pratama", "Latitude": -6.9380572344812208, "Longitude": 107.6156905945877, "Pengecekan": "Diterima", "Catatan Kesalahan": null, "ID Data": "699c3a4f3829062b9e1bee8e" }, "geometry": { "type": "Point", "coordinates": [ 107.615690594587704, -6.938057234481221 ] } },
{ "type": "Feature", "properties": { "Kategori Properti": "Rumah", "Jenis Properti": "Dijual", " Tanggal": "2026-02-23", "Alamat": "Jalan Pasirluyu Barat, Ciateul Regol Pasirluyu Bandung Kota Bandung Jawa Barat, Ancol, Regol, Kota Bandung, Indonesia", "Foto Tampak Depan": "https://mapidstorage.s3.ap-southeast-1.amazonaws.com/general_image/egipratama/1771845738807_image_picker_7151B3C2-50CD-4BF0-9DD9-5566F13990E6-16441-0000013AE18D8C1B.jpg", "Foto Spanduk/Papan Promosi": "https://mapidstorage.s3.ap-southeast-1.amazonaws.com/general_image/egipratama/1771845742070_image_picker_DA5DD767-94A6-4E64-8300-3B1C19951B88-16441-0000013AE6AA05E2.jpg", "Kontributor": "Egi Pratama", "Latitude": -6.9404110680371645, "Longitude": 107.61600759874079, "Pengecekan": "Diterima", "Catatan Kesalahan": null, "ID Data": "699c386f441c53e9420aa053" }, "geometry": { "type": "Point", "coordinates": [ 107.616007598740794, -6.940411068037164 ] } },
{ "type": "Feature", "properties": { "Kategori Properti": "Rumah", "Jenis Properti": "Dijual", " Tanggal": "2026-02-23", "Alamat": "Jalan Pasirluyu Barat, Ciateul Regol Pasirluyu Bandung Kota Bandung Jawa Barat, Ancol, Regol, Kota Bandung, Indonesia", "Foto Tampak Depan": "https://mapidstorage.s3.ap-southeast-1.amazonaws.com/general_image/egipratama/1771845568572_image_picker_57DBB8C1-9B01-4ECC-8678-BDB9F6C08FF3-16388-0000013A2D401099.jpg", "Foto Spanduk/Papan Promosi": "https://mapidstorage.s3.ap-southeast-1.amazonaws.com/general_image/egipratama/1771845571801_image_picker_24EF5989-1933-4084-A3E5-B7D2DEEF5A67-16388-0000013A3214D0D5.jpg", "Kontributor": "Egi Pratama", "Latitude": -6.9420088031088767, "Longitude": 107.61595233334282, "Pengecekan": "Diterima", "Catatan Kesalahan": null, "ID Data": "699c37c4441c53e9420a9f8e" }, "geometry": { "type": "Point", "coordinates": [ 107.615952333342818, -6.942008803108877 ] } },
{ "type": "Feature", "properties": { "Kategori Properti": "Gudang", "Jenis Properti": "Dijual", " Tanggal": "2026-02-23", "Alamat": "Jalan Pasirluyu Timur, Ciateul Regol Pasirluyu Bandung Kota Bandung Jawa Barat, Ancol, Regol, Kota Bandung, Indonesia", "Foto Tampak Depan": "https://mapidstorage.s3.ap-southeast-1.amazonaws.com/general_image/egipratama/1771845386989_image_picker_B6D33FBC-604F-41E0-B783-6992535A2B12-16320-00000139AC6B141E.jpg", "Foto Spanduk/Papan Promosi": "https://mapidstorage.s3.ap-southeast-1.amazonaws.com/general_image/egipratama/1771845390632_image_picker_94DC9457-0916-482D-86DC-6069C378066D-16320-00000139B1950B2D.jpg", "Kontributor": "Egi Pratama", "Latitude": -6.9439690109397105, "Longitude": 107.61622188374065, "Pengecekan": "Diterima", "Catatan Kesalahan": null, "ID Data": "699c37103829062b9e1beb09" }, "geometry": { "type": "Point", "coordinates": [ 107.61622188374065, -6.943969010939711 ] } },
{ "type": "Feature", "properties": { "Kategori Properti": "Rumah", "Jenis Properti": "Dijual", " Tanggal": "2026-02-23", "Alamat": "Jalan Pasir Salam II 18, Ciateul Regol Pasirluyu Bandung Kota Bandung Jawa Barat, Ancol, Regol, Kota Bandung, Indonesia", "Foto Tampak Depan": "https://mapidstorage.s3.ap-southeast-1.amazonaws.com/general_image/egipratama/1771845268674_image_picker_0DE181EB-A93C-4ED4-8F3E-DF2D99FCE7CD-16275-0000013947C241C2.jpg", "Foto Spanduk/Papan Promosi": "https://mapidstorage.s3.ap-southeast-1.amazonaws.com/general_image/egipratama/1771845271721_image_picker_E381A746-5692-4638-B682-804754515C87-16275-000001394C5BD918.jpg", "Kontributor": "Egi Pratama", "Latitude": -6.9435902558456064, "Longitude": 107.61667216790977, "Pengecekan": "Diterima", "Catatan Kesalahan": null, "ID Data": "699c3698441c53e9420a9dc1" }, "geometry": { "type": "Point", "coordinates": [ 107.616672167909769, -6.943590255845606 ] } },
{ "type": "Feature", "properties": { "Kategori Properti": "Ruko", "Jenis Properti": "Disewa", " Tanggal": "2026-02-23", "Alamat": "Jalan Pasir Salam, Ciateul Regol Pasirluyu Bandung Kota Bandung Jawa Barat, Ancol, Regol, Kota Bandung, Indonesia", "Foto Tampak Depan": "https://mapidstorage.s3.ap-southeast-1.amazonaws.com/general_image/egipratama/1771845198099_image_picker_71E6BF12-D7E7-4477-B5DA-C001053DD147-16161-00000138E2C47721.jpg", "Foto Spanduk/Papan Promosi": "https://mapidstorage.s3.ap-southeast-1.amazonaws.com/general_image/egipratama/1771845201273_image_picker_154A2ABA-4EB9-4F2B-8BD2-424A03B7A37A-16161-00000138E7A72B73.jpg", "Kontributor": "Egi Pratama", "Latitude": -6.9435925398354215, "Longitude": 107.61738810689667, "Pengecekan": "Diterima", "Catatan Kesalahan": null, "ID Data": "699c36523829062b9e1be977" }, "geometry": { "type": "Point", "coordinates": [ 107.617388106896669, -6.943592539835421 ] } },
{ "type": "Feature", "properties": { "Kategori Properti": "Rumah", "Jenis Properti": "Dijual", " Tanggal": "2026-02-23", "Alamat": "Jalan Pasir Salam, Ciateul Regol Pasirluyu Bandung Kota Bandung Jawa Barat, Ancol, Regol, Kota Bandung, Indonesia", "Foto Tampak Depan": "https://mapidstorage.s3.ap-southeast-1.amazonaws.com/general_image/egipratama/1771845171637_image_picker_DF6B115F-5FFF-49A7-A1A8-F17106457226-16161-00000138BCE5DB05.jpg", "Foto Spanduk/Papan Promosi": "https://mapidstorage.s3.ap-southeast-1.amazonaws.com/general_image/egipratama/1771845176358_image_picker_3330917F-924F-4B89-B066-5C7491BACCEA-16161-00000138C38B8411.jpg", "Kontributor": "Egi Pratama", "Latitude": -6.9437230740688278, "Longitude": 107.61756006579276, "Pengecekan": "Diterima", "Catatan Kesalahan": null, "ID Data": "699c3639441c53e9420a9d39" }, "geometry": { "type": "Point", "coordinates": [ 107.617560065792759, -6.943723074068828 ] } },
{ "type": "Feature", "properties": { "Kategori Properti": "Ruko", "Jenis Properti": "Dijual", " Tanggal": "2026-02-23", "Alamat": "Jalan Pasir Salam, Ciateul Regol Pasirluyu Bandung Kota Bandung Jawa Barat, Ancol, Regol, Kota Bandung, Indonesia", "Foto Tampak Depan": "https://mapidstorage.s3.ap-southeast-1.amazonaws.com/general_image/egipratama/1771845066778_image_picker_78F3EEE5-531C-46AD-8C57-F362F07A1FE7-16046-0000013826ECEFDE.jpg", "Foto Spanduk/Papan Promosi": "https://mapidstorage.s3.ap-southeast-1.amazonaws.com/general_image/egipratama/1771845070419_image_picker_54E1B1B4-7616-4547-AE60-48158F54BAA1-16046-000001382C28E3BE.jpg", "Kontributor": "Egi Pratama", "Latitude": -6.9436939512027465, "Longitude": 107.6180564729803, "Pengecekan": "Diterima", "Catatan Kesalahan": null, "ID Data": "699c35cf54939f522111d80b" }, "geometry": { "type": "Point", "coordinates": [ 107.6180564729803, -6.943693951202746 ] } },
{ "type": "Feature", "properties": { "Kategori Properti": "Rumah", "Jenis Properti": "Dijual", " Tanggal": "2026-02-23", "Alamat": "Jalan Pasir Salam, Ciateul Regol Pasirluyu Bandung Kota Bandung Jawa Barat, Ancol, Regol, Kota Bandung, Indonesia", "Foto Tampak Depan": "https://mapidstorage.s3.ap-southeast-1.amazonaws.com/general_image/egipratama/1771845008755_image_picker_874A47EF-CC9C-4804-BDF4-61AA7066C19E-15912-00000137D3E2ABB7.jpg", "Foto Spanduk/Papan Promosi": "https://mapidstorage.s3.ap-southeast-1.amazonaws.com/general_image/egipratama/1771845012840_image_picker_B516B81B-2988-4718-9847-F1A602E72FB5-15912-00000137D9BD4913.jpg", "Kontributor": "Egi Pratama", "Latitude": -6.9436707493031946, "Longitude": 107.6182662683745, "Pengecekan": "Diterima", "Catatan Kesalahan": null, "ID Data": "699c3595441c53e9420a9b95" }, "geometry": { "type": "Point", "coordinates": [ 107.618266268374498, -6.943670749303195 ] } },
{ "type": "Feature", "properties": { "Kategori Properti": "Rumah", "Jenis Properti": "Dijual", " Tanggal": "2026-02-23", "Alamat": "Jalan Pasir Salam, Ciateul Regol Pasirluyu Bandung Kota Bandung Jawa Barat, Pasirluyu, Regol, Kota Bandung, Indonesia", "Foto Tampak Depan": "https://mapidstorage.s3.ap-southeast-1.amazonaws.com/general_image/egipratama/1771844815048_image_picker_A7E13DFC-F36A-42A1-958D-503C07316352-15912-00000136BEDD29D9.jpg", "Foto Spanduk/Papan Promosi": "https://mapidstorage.s3.ap-southeast-1.amazonaws.com/general_image/egipratama/1771844818794_image_picker_373AA8C6-0B0A-4E42-9037-365D8302B805-15912-00000136C42D830B.jpg", "Kontributor": "Egi Pratama", "Latitude": -6.9437745343896893, "Longitude": 107.61977384200884, "Pengecekan": "Diterima", "Catatan Kesalahan": null, "ID Data": "699c34d93829062b9e1be6e2" }, "geometry": { "type": "Point", "coordinates": [ 107.61977384200884, -6.943774534389689 ] } },
{ "type": "Feature", "properties": { "Kategori Properti": "Ruko", "Jenis Properti": "Disewa", " Tanggal": "2026-02-22", "Alamat": "Jalan Raya Kopo Bandung (Kyai Haji Wahid Hasyim)", "Foto Tampak Depan": "https://mapidstorage.s3.ap-southeast-1.amazonaws.com/general_image/dzikrinj/1771753912220_scaled_25b29d23-1f32-4221-9cff-2efb8376eace3806739039926874512.jpg", "Foto Spanduk/Papan Promosi": "https://mapidstorage.s3.ap-southeast-1.amazonaws.com/general_image/dzikrinj/1771753935800_scaled_086e37c7-c11a-48b2-8f4d-d5867b853e52416989545737743772.jpg", "Kontributor": "Dzikri N J", "Latitude": -6.9548501999689734, "Longitude": 107.58359470001426, "Pengecekan": "Diterima", "Catatan Kesalahan": null, "ID Data": "699ad1d4fe0a44948d246c4f" }, "geometry": { "type": "Point", "coordinates": [ 107.58359470001426, -6.954850199968973 ] } },
{ "type": "Feature", "properties": { "Kategori Properti": "Tanah", "Jenis Properti": "Dijual", " Tanggal": "2026-02-22", "Alamat": "Jalan Raya Kopo Bandung (Kyai Haji Wahid Hasyim)", "Foto Tampak Depan": "https://mapidstorage.s3.ap-southeast-1.amazonaws.com/general_image/dzikrinj/1771753677991_scaled_8c8bd542-95cc-48e0-952d-25551811bb968347943729429877000.jpg", "Foto Spanduk/Papan Promosi": "https://mapidstorage.s3.ap-southeast-1.amazonaws.com/general_image/dzikrinj/1771753694043_scaled_0fa33b86-761a-4dd8-9f40-0f2280d105002114232370545091888.jpg", "Kontributor": "Dzikri N J", "Latitude": -6.949967645341431, "Longitude": 107.58673552699685, "Pengecekan": "Diterima", "Catatan Kesalahan": null, "ID Data": "699ad0e27c5a5fc5cabb973d" }, "geometry": { "type": "Point", "coordinates": [ 107.586735526996847, -6.949967645341431 ] } },
{ "type": "Feature", "properties": { "Kategori Properti": "Tanah", "Jenis Properti": "Dijual", " Tanggal": "2026-02-22", "Alamat": "Jalan Raya Kopo Bandung", "Foto Tampak Depan": "https://mapidstorage.s3.ap-southeast-1.amazonaws.com/general_image/dzikrinj/1771753544684_scaled_0a4dee59-b2f9-4f53-bc38-333d479380766453763220445363401.jpg", "Foto Spanduk/Papan Promosi": "https://mapidstorage.s3.ap-southeast-1.amazonaws.com/general_image/dzikrinj/1771753552482_scaled_b9003784-265d-4667-bfa7-dc1a6d2acb0a2213002121415418289.jpg", "Kontributor": "Dzikri N J", "Latitude": -6.9487038687858984, "Longitude": 107.58775046212315, "Pengecekan": "Diterima", "Catatan Kesalahan": null, "ID Data": "699ad055fe0a44948d246a34" }, "geometry": { "type": "Point", "coordinates": [ 107.587750462123154, -6.948703868785898 ] } },
{ "type": "Feature", "properties": { "Kategori Properti": "Rumah", "Jenis Properti": "Dijual", " Tanggal": "2026-02-22", "Alamat": "Jalan Raya Kopo Bandung", "Foto Tampak Depan": "https://mapidstorage.s3.ap-southeast-1.amazonaws.com/general_image/dzikrinj/1771753384960_scaled_2f79e854-c698-46d7-917f-1678360e0a316321006538431967749.jpg", "Foto Spanduk/Papan Promosi": "https://mapidstorage.s3.ap-southeast-1.amazonaws.com/general_image/dzikrinj/1771753384126_scaled_58fe0291-82b6-4e9d-a5ac-e6b72d64d8321097209729678873039.jpg", "Kontributor": "Dzikri N J", "Latitude": -6.94779903693059, "Longitude": 107.58820040500257, "Pengecekan": "Diterima", "Catatan Kesalahan": null, "ID Data": "699acfac7c5a5fc5cabb9468" }, "geometry": { "type": "Point", "coordinates": [ 107.588200405002567, -6.94779903693059 ] } },
{ "type": "Feature", "properties": { "Kategori Properti": "Ruko", "Jenis Properti": "Dijual", " Tanggal": "2026-02-22", "Alamat": "Jalan Cibaduyut, Caringin, Kebonlega, Bojongloa Kidul, Kota Bandung, Indonesia", "Foto Tampak Depan": "https://mapidstorage.s3.ap-southeast-1.amazonaws.com/general_image/dzikrinj/1771753200142_scaled_784d1351-961a-4ebe-80ac-41ec031b85486965962229541280194.jpg", "Foto Spanduk/Papan Promosi": "https://mapidstorage.s3.ap-southeast-1.amazonaws.com/general_image/dzikrinj/1771753196737_scaled_c7796cdd-ed41-4b4e-b099-7da37ddd4f6f7431771418597517089.jpg", "Kontributor": "Dzikri N J", "Latitude": -6.9471953091108674, "Longitude": 107.58964153238168, "Pengecekan": "Diterima", "Catatan Kesalahan": null, "ID Data": "699acef8fe0a44948d246876" }, "geometry": { "type": "Point", "coordinates": [ 107.589641532381677, -6.947195309110867 ] } },
{ "type": "Feature", "properties": { "Kategori Properti": "Rumah", "Jenis Properti": "Dijual", " Tanggal": "2026-02-22", "Alamat": "Jalan Sauyunan Vl, Cibaduyut, Kebonlega, Bojongloa Kidul, Kota Bandung, Indonesia", "Foto Tampak Depan": "https://mapidstorage.s3.ap-southeast-1.amazonaws.com/general_image/dzikrinj/1771752991587_scaled_da7d41fd-3532-4d98-b78c-d45b156a7cd83195017715575614523.jpg", "Foto Spanduk/Papan Promosi": "https://mapidstorage.s3.ap-southeast-1.amazonaws.com/general_image/dzikrinj/1771752995418_scaled_2435a7da-2f32-4af4-a49f-a428815b03117890735344530440321.jpg", "Kontributor": "Dzikri N J", "Latitude": -6.9487923876122295, "Longitude": 107.59091934959764, "Pengecekan": "Diterima", "Catatan Kesalahan": null, "ID Data": "699ace287c5a5fc5cabb9208" }, "geometry": { "type": "Point", "coordinates": [ 107.590919349597641, -6.94879238761223 ] } },
{ "type": "Feature", "properties": { "Kategori Properti": "Rumah", "Jenis Properti": "Dijual", " Tanggal": "2026-02-22", "Alamat": "Jalan Sauyunan I, Caringin, Kebonlega, Bojongloa Kidul, Kota Bandung, Indonesia", "Foto Tampak Depan": "https://mapidstorage.s3.ap-southeast-1.amazonaws.com/general_image/dzikrinj/1771752571487_scaled_941f6725-a4bf-4912-b190-0e9d06a7d7472875454791804362563.jpg", "Foto Spanduk/Papan Promosi": "https://mapidstorage.s3.ap-southeast-1.amazonaws.com/general_image/dzikrinj/1771752556889_scaled_787fb242-407c-438b-adbe-124a272ba6d46925530638448035733.jpg", "Kontributor": "Dzikri N J", "Latitude": -6.9480040653832162, "Longitude": 107.58979052613211, "Pengecekan": "Diterima", "Catatan Kesalahan": null, "ID Data": "699acc7efe0a44948d246603" }, "geometry": { "type": "Point", "coordinates": [ 107.589790526132106, -6.948004065383216 ] } },
{ "type": "Feature", "properties": { "Kategori Properti": "Rumah", "Jenis Properti": "Dijual", " Tanggal": "2026-02-22", "Alamat": "Jalan Sauyunan I, Cibaduyut, Kebonlega, Bojongloa Kidul, Kota Bandung, Indonesia", "Foto Tampak Depan": "https://mapidstorage.s3.ap-southeast-1.amazonaws.com/general_image/dzikrinj/1771752457051_scaled_4088ad11-e711-4dea-b287-c40cc9a9c8787556538425721148528.jpg", "Foto Spanduk/Papan Promosi": "https://mapidstorage.s3.ap-southeast-1.amazonaws.com/general_image/dzikrinj/1771752455007_scaled_d068cd28-0acb-4630-9293-3c113908b8456734090055691890786.jpg", "Kontributor": "Dzikri N J", "Latitude": -6.9484445213955013, "Longitude": 107.58983520381514, "Pengecekan": "Diterima", "Catatan Kesalahan": null, "ID Data": "699acc0ffe0a44948d2464f7" }, "geometry": { "type": "Point", "coordinates": [ 107.589835203815142, -6.948444521395501 ] } },
{ "type": "Feature", "properties": { "Kategori Properti": "Rumah", "Jenis Properti": "Dijual", " Tanggal": "2026-02-22", "Alamat": "Jalan Sauyunan Raya, Cibaduyut, Kebonlega, Bojongloa Kidul, Kota Bandung, Indonesia", "Foto Tampak Depan": "https://mapidstorage.s3.ap-southeast-1.amazonaws.com/general_image/dzikrinj/1771752311238_scaled_ce6bcd9e-4c81-4485-9797-b4262217e9421878635847589861477.jpg", "Foto Spanduk/Papan Promosi": "https://mapidstorage.s3.ap-southeast-1.amazonaws.com/general_image/dzikrinj/1771752327794_scaled_7e223940-e58a-4411-8644-82a8a20790f17895742908140751036.jpg", "Kontributor": "Dzikri N J", "Latitude": -6.948422221952498, "Longitude": 107.59016949409875, "Pengecekan": "Diterima", "Catatan Kesalahan": null, "ID Data": "699acb8afe0a44948d2463f3" }, "geometry": { "type": "Point", "coordinates": [ 107.590169494098745, -6.948422221952498 ] } },
{ "type": "Feature", "properties": { "Kategori Properti": "Rumah", "Jenis Properti": "Dijual", " Tanggal": "2026-02-22", "Alamat": "Jalan Cibaduyut, Situsaeur, Kebonlega, Bojongloa Kidul, Kota Bandung, Indonesia", "Foto Tampak Depan": "https://mapidstorage.s3.ap-southeast-1.amazonaws.com/general_image/dzikrinj/1771752150824_scaled_539f1d13-e63e-4bcb-868e-72bff6377bb44584868708287334183.jpg", "Foto Spanduk/Papan Promosi": "https://mapidstorage.s3.ap-southeast-1.amazonaws.com/general_image/dzikrinj/1771752162071_scaled_c5d85f0b-d693-4861-86e6-561d07e1d21b5528703106899695924.jpg", "Kontributor": "Dzikri N J", "Latitude": -6.9477162241261965, "Longitude": 107.5914607643312, "Pengecekan": "Diterima", "Catatan Kesalahan": null, "ID Data": "699acae97c5a5fc5cabb8d88" }, "geometry": { "type": "Point", "coordinates": [ 107.591460764331202, -6.947716224126196 ] } },
{ "type": "Feature", "properties": { "Kategori Properti": "Rumah", "Jenis Properti": "Dijual", " Tanggal": "2026-02-22", "Alamat": "Jalan Cibaduyut, Situsaeur, Kebonlega, Bojongloa Kidul, Kota Bandung, Indonesia", "Foto Tampak Depan": "https://mapidstorage.s3.ap-southeast-1.amazonaws.com/general_image/dzikrinj/1771752051091_scaled_9c187a01-d31a-4640-a7ac-aeba41a4400e1036461719169088778.jpg", "Foto Spanduk/Papan Promosi": "https://mapidstorage.s3.ap-southeast-1.amazonaws.com/general_image/dzikrinj/1771752065322_scaled_d3bbeb52-598b-41f1-936a-3f7e845d1b2e6135076580719124084.jpg", "Kontributor": "Dzikri N J", "Latitude": -6.9479831346347822, "Longitude": 107.59217944765089, "Pengecekan": "Diterima", "Catatan Kesalahan": null, "ID Data": "699aca83fe0a44948d246270" }, "geometry": { "type": "Point", "coordinates": [ 107.592179447650892, -6.947983134634782 ] } },
{ "type": "Feature", "properties": { "Kategori Properti": "Ruko", "Jenis Properti": "Disewa", " Tanggal": "2026-02-22", "Alamat": "Jalan Raya Cibaduyut 60, Cibaduyut, Cibaduyut, Bojongloa Kidul, Kota Bandung, Indonesia", "Foto Tampak Depan": "https://mapidstorage.s3.ap-southeast-1.amazonaws.com/general_image/dzikrinj/1771751632122_scaled_83b8f0f3-422b-4793-b76e-5df4e0211e61356644733753082674.jpg", "Foto Spanduk/Papan Promosi": "https://mapidstorage.s3.ap-southeast-1.amazonaws.com/general_image/dzikrinj/1771751656758_scaled_54f31bed-ef61-42f5-a96d-0e57e720871f6295270233365766585.jpg", "Kontributor": "Dzikri N J", "Latitude": -6.9543062109897846, "Longitude": 107.59338840179913, "Pengecekan": "Diterima", "Catatan Kesalahan": null, "ID Data": "699ac8ec7c5a5fc5cabb8b26" }, "geometry": { "type": "Point", "coordinates": [ 107.593388401799132, -6.954306210989785 ] } },
{ "type": "Feature", "properties": { "Kategori Properti": "Ruko", "Jenis Properti": "Dijual", " Tanggal": "2026-02-22", "Alamat": "Jalan Raya Cibaduyut 60, Cibaduyut, Cibaduyut, Bojongloa Kidul, Kota Bandung, Indonesia", "Foto Tampak Depan": "https://mapidstorage.s3.ap-southeast-1.amazonaws.com/general_image/dzikrinj/1771751507439_scaled_27ad4610-2bab-4d04-8be1-6d90efcdcf775520363519090558087.jpg", "Foto Spanduk/Papan Promosi": "https://mapidstorage.s3.ap-southeast-1.amazonaws.com/general_image/dzikrinj/1771751520014_scaled_6cc343d0-4276-4d33-a353-f66f0bed7f1a3940947239361103875.jpg", "Kontributor": "Dzikri N J", "Latitude": -6.9555861000030603, "Longitude": 107.5933003000203, "Pengecekan": "Diterima", "Catatan Kesalahan": null, "ID Data": "699ac8647c5a5fc5cabb8a23" }, "geometry": { "type": "Point", "coordinates": [ 107.593300300020303, -6.95558610000306 ] } },
{ "type": "Feature", "properties": { "Kategori Properti": "Ruko", "Jenis Properti": "Dijual", " Tanggal": "2026-02-22", "Alamat": "Jalan Raya Cibaduyut 60, Cibaduyut, Cibaduyut Wetan, Bojongloa Kidul, Kota Bandung, Indonesia", "Foto Tampak Depan": "https://mapidstorage.s3.ap-southeast-1.amazonaws.com/general_image/dzikrinj/1771751404400_scaled_c9b3124a-64f1-44c6-a701-93723fb85e863857338969781771843.jpg", "Foto Spanduk/Papan Promosi": "https://mapidstorage.s3.ap-southeast-1.amazonaws.com/general_image/dzikrinj/1771751418829_scaled_2d53ebae-6bc1-4ad5-9921-7864738ad83c2398187964294268023.jpg", "Kontributor": "Dzikri N J", "Latitude": -6.9572112485805349, "Longitude": 107.59319744605051, "Pengecekan": "Diterima", "Catatan Kesalahan": null, "ID Data": "699ac7fcfe0a44948d245dfb" }, "geometry": { "type": "Point", "coordinates": [ 107.59319744605051, -6.957211248580535 ] } },
{ "type": "Feature", "properties": { "Kategori Properti": "Ruko", "Jenis Properti": "Dijual", " Tanggal": "2026-02-22", "Alamat": "Jalan Raya Cibaduyut 60, Cibaduyut Kidul, Bojongloa Kidul, Kota Bandung, Indonesia", "Foto Tampak Depan": "https://mapidstorage.s3.ap-southeast-1.amazonaws.com/general_image/dzikrinj/1771751234251_scaled_8e8c9004-60de-43f5-91f1-50b852e305ac5257907132664652681.jpg", "Foto Spanduk/Papan Promosi": "https://mapidstorage.s3.ap-southeast-1.amazonaws.com/general_image/dzikrinj/1771751251442_scaled_14503fc3-ba5d-49c9-b1df-f5c4d32ebb512384030426421613036.jpg", "Kontributor": "Dzikri N J", "Latitude": -6.9615545130681227, "Longitude": 107.59381585179233, "Pengecekan": "Diterima", "Catatan Kesalahan": null, "ID Data": "699ac758fe0a44948d245d17" }, "geometry": { "type": "Point", "coordinates": [ 107.593815851792328, -6.961554513068123 ] } },
{ "type": "Feature", "properties": { "Kategori Properti": "Gudang", "Jenis Properti": "Dijual", " Tanggal": "2026-02-22", "Alamat": "Jalan Cibolerang, Margasuka, Babakan Ciparay, Kota Bandung, Indonesia", "Foto Tampak Depan": "https://mapidstorage.s3.ap-southeast-1.amazonaws.com/general_image/egipratama/1771740088141_image_picker_78E8089B-3A02-4501-AC2E-585EFED0A7FD-1360-0000000B854B63B7.jpg", "Foto Spanduk/Papan Promosi": "https://mapidstorage.s3.ap-southeast-1.amazonaws.com/general_image/egipratama/1771740091733_image_picker_6897D197-4A4B-4360-B7D0-C0F13F06B286-1360-0000000B8A7F4E44.jpg", "Kontributor": "Egi Pratama", "Latitude": -6.9507452265205671, "Longitude": 107.57451815377891, "Pengecekan": "Diterima", "Catatan Kesalahan": null, "ID Data": "699a9bbfee0115aebea76dee" }, "geometry": { "type": "Point", "coordinates": [ 107.574518153778911, -6.950745226520567 ] } },
{ "type": "Feature", "properties": { "Kategori Properti": "Gudang", "Jenis Properti": "Dijual", " Tanggal": "2026-02-22", "Alamat": "Jalan Cibolerang, Margahayu Utara, Babakan Ciparay, Kota Bandung, Indonesia", "Foto Tampak Depan": "https://mapidstorage.s3.ap-southeast-1.amazonaws.com/general_image/egipratama/1771739988974_image_picker_987971E0-036E-4BAB-B5B5-EA8ED49DC8C4-1315-0000000B1194F546.jpg", "Foto Spanduk/Papan Promosi": "https://mapidstorage.s3.ap-southeast-1.amazonaws.com/general_image/egipratama/1771739991858_image_picker_56DA2B2C-C614-444A-B5B8-BA16BD82612C-1315-0000000B160481C0.jpg", "Kontributor": "Egi Pratama", "Latitude": -6.9507820950770167, "Longitude": 107.57510189906264, "Pengecekan": "Diterima", "Catatan Kesalahan": null, "ID Data": "699a9b584a1ac1af4b4d7910" }, "geometry": { "type": "Point", "coordinates": [ 107.575101899062645, -6.950782095077017 ] } },
{ "type": "Feature", "properties": { "Kategori Properti": "Kos", "Jenis Properti": "Disewa", " Tanggal": "2026-02-22", "Alamat": "Jalan Margajaya Raya, Margahayu Utara, Babakan Ciparay, Kota Bandung, Indonesia", "Foto Tampak Depan": "https://mapidstorage.s3.ap-southeast-1.amazonaws.com/general_image/egipratama/1771739864020_image_picker_E093B59D-581F-4864-8CE5-18743FCF4766-1290-0000000AA7649D90.jpg", "Foto Spanduk/Papan Promosi": "https://mapidstorage.s3.ap-southeast-1.amazonaws.com/general_image/egipratama/1771739875326_image_picker_80290175-6090-4147-8D78-B3837077D2A4-1290-0000000AAC9C0DB3.jpg", "Kontributor": "Egi Pratama", "Latitude": -6.950478041544244, "Longitude": 107.57599717017638, "Pengecekan": "Diterima", "Catatan Kesalahan": null, "ID Data": "699a9ae5ea0ecebd7ab0662e" }, "geometry": { "type": "Point", "coordinates": [ 107.575997170176379, -6.950478041544244 ] } },
{ "type": "Feature", "properties": { "Kategori Properti": "Rumah", "Jenis Properti": "Dijual", " Tanggal": "2026-02-22", "Alamat": "Jalan Margajaya III, Margahayu Utara, Babakan Ciparay, Kota Bandung, Indonesia", "Foto Tampak Depan": "https://mapidstorage.s3.ap-southeast-1.amazonaws.com/general_image/egipratama/1771739490596_image_picker_3E24D487-6CC0-423D-AA8D-D685283E1248-1211-00000009BD9CE8C3.jpg", "Foto Spanduk/Papan Promosi": "https://mapidstorage.s3.ap-southeast-1.amazonaws.com/general_image/egipratama/1771739493757_image_picker_05817FBB-95C6-45AC-BCB0-875A281DF6F1-1211-00000009C28BDA3A.jpg", "Kontributor": "Egi Pratama", "Latitude": -6.9490603794608035, "Longitude": 107.57526516711602, "Pengecekan": "Diterima", "Catatan Kesalahan": null, "ID Data": "699a9966ea0ecebd7ab065de" }, "geometry": { "type": "Point", "coordinates": [ 107.575265167116015, -6.949060379460803 ] } },
{ "type": "Feature", "properties": { "Kategori Properti": "Rumah", "Jenis Properti": "Dijual", " Tanggal": "2026-02-22", "Alamat": "Jalan Margajaya V, Margahayu Utara, Babakan Ciparay, Kota Bandung, Indonesia", "Foto Tampak Depan": "https://mapidstorage.s3.ap-southeast-1.amazonaws.com/general_image/egipratama/1771739356043_image_picker_C8FA0DE7-F945-4074-B9F5-048ED1F36137-1099-0000000904A34DD2.jpg", "Foto Spanduk/Papan Promosi": "https://mapidstorage.s3.ap-southeast-1.amazonaws.com/general_image/egipratama/1771739359391_image_picker_58B0A3A2-23CA-45B3-94DB-FAE5A6D446CA-1099-0000000909B90E6B.jpg", "Kontributor": "Egi Pratama", "Latitude": -6.9488494038536857, "Longitude": 107.57535726268748, "Pengecekan": "Diterima", "Catatan Kesalahan": null, "ID Data": "699a98e4ee0115aebea76a71" }, "geometry": { "type": "Point", "coordinates": [ 107.575357262687476, -6.948849403853686 ] } },
{ "type": "Feature", "properties": { "Kategori Properti": "Rumah", "Jenis Properti": "Dijual", " Tanggal": "2026-02-22", "Alamat": "Jalan Margajaya IV, Margahayu Utara, Babakan Ciparay, Kota Bandung, Indonesia", "Foto Tampak Depan": "https://mapidstorage.s3.ap-southeast-1.amazonaws.com/general_image/egipratama/1771739202176_image_picker_36AF332A-4C88-4908-9D9B-E666DA983513-1033-000000082844E444.jpg", "Foto Spanduk/Papan Promosi": "https://mapidstorage.s3.ap-southeast-1.amazonaws.com/general_image/egipratama/1771739209624_image_picker_D2F6D369-5EA9-4CCF-8A40-427EA883CE79-1033-000000083325A3BF.jpg", "Kontributor": "Egi Pratama", "Latitude": -6.9472512842955325, "Longitude": 107.57521321220946, "Pengecekan": "Diterima", "Catatan Kesalahan": null, "ID Data": "699a984aee0115aebea769f2" }, "geometry": { "type": "Point", "coordinates": [ 107.575213212209462, -6.947251284295533 ] } },
{ "type": "Feature", "properties": { "Kategori Properti": "Rumah", "Jenis Properti": "Dijual", " Tanggal": "2026-02-22", "Alamat": "Jalan Azalea, Margahayu Utara, Babakan Ciparay, Kota Bandung, Indonesia", "Foto Tampak Depan": "https://mapidstorage.s3.ap-southeast-1.amazonaws.com/general_image/egipratama/1771739080479_image_picker_E401A478-4297-4CB6-A0F1-EFD6C99F3667-994-00000007A197255A.jpg", "Foto Spanduk/Papan Promosi": "https://mapidstorage.s3.ap-southeast-1.amazonaws.com/general_image/egipratama/1771739084466_image_picker_B9FBCF5C-F159-4710-AF73-40BE11B9F299-994-00000007A75C767B.jpg", "Kontributor": "Egi Pratama", "Latitude": -6.9473034435421681, "Longitude": 107.57666435695126, "Pengecekan": "Diterima", "Catatan Kesalahan": null, "ID Data": "699a97cd4a1ac1af4b4d7521" }, "geometry": { "type": "Point", "coordinates": [ 107.576664356951255, -6.947303443542168 ] } },
{ "type": "Feature", "properties": { "Kategori Properti": "Rumah", "Jenis Properti": "Dijual", " Tanggal": "2026-02-22", "Alamat": "Jalan Azalea, Margahayu Utara, Babakan Ciparay, Kota Bandung, Indonesia", "Foto Tampak Depan": "https://mapidstorage.s3.ap-southeast-1.amazonaws.com/general_image/egipratama/1771739062179_image_picker_431B5766-FB3C-4D48-B18C-1BB1CBC1015A-994-0000000784D61926.jpg", "Foto Spanduk/Papan Promosi": "https://mapidstorage.s3.ap-southeast-1.amazonaws.com/general_image/egipratama/1771739065515_image_picker_15FFCA86-FF31-4A99-9479-152F35F01EF4-994-000000078B3C2182.jpg", "Kontributor": "Egi Pratama", "Latitude": -6.9472519837241862, "Longitude": 107.57656699735207, "Pengecekan": "Diterima", "Catatan Kesalahan": null, "ID Data": "699a97ba4a1ac1af4b4d751f" }, "geometry": { "type": "Point", "coordinates": [ 107.576566997352074, -6.947251983724186 ] } },
{ "type": "Feature", "properties": { "Kategori Properti": "Kos", "Jenis Properti": "Disewa", " Tanggal": "2026-02-22", "Alamat": "Jalan Satria Raya, Margahayu Utara, Babakan Ciparay, Kota Bandung, Indonesia", "Foto Tampak Depan": "https://mapidstorage.s3.ap-southeast-1.amazonaws.com/general_image/egipratama/1771738741236_image_picker_FCE30523-DEAC-4DFC-BBCF-C10B3B395D04-865-00000005BD82AFED.jpg", "Foto Spanduk/Papan Promosi": "https://mapidstorage.s3.ap-southeast-1.amazonaws.com/general_image/egipratama/1771738744933_image_picker_AFCE36F1-F089-4145-8A78-427ED718ADDB-865-00000005C2EB4696.jpg", "Kontributor": "Egi Pratama", "Latitude": -6.9478019963685824, "Longitude": 107.57435627619031, "Pengecekan": "Diterima", "Catatan Kesalahan": null, "ID Data": "699a967aee0115aebea76810" }, "geometry": { "type": "Point", "coordinates": [ 107.574356276190315, -6.947801996368582 ] } },
{ "type": "Feature", "properties": { "Kategori Properti": "Kos", "Jenis Properti": "Disewa", " Tanggal": "2026-02-22", "Alamat": "Jalan Satria Raya, Margahayu Utara, Babakan Ciparay, Kota Bandung, Indonesia", "Foto Tampak Depan": "https://mapidstorage.s3.ap-southeast-1.amazonaws.com/general_image/egipratama/1771738663501_image_picker_6BA3AF19-E95F-4A4D-968C-861DEFCB58E5-835-000000054E6D1FDD.jpg", "Foto Spanduk/Papan Promosi": "https://mapidstorage.s3.ap-southeast-1.amazonaws.com/general_image/egipratama/1771738667572_image_picker_DA30C8F2-35C8-4209-ADC1-F08C6B7DEE27-835-0000000553F95244.jpg", "Kontributor": "Egi Pratama", "Latitude": -6.9476906430093806, "Longitude": 107.5744306734739, "Pengecekan": "Diterima", "Catatan Kesalahan": null, "ID Data": "699a962dee0115aebea76789" }, "geometry": { "type": "Point", "coordinates": [ 107.574430673473898, -6.947690643009381 ] } },
{ "type": "Feature", "properties": { "Kategori Properti": "Rumah", "Jenis Properti": "Disewa", " Tanggal": "2026-02-22", "Alamat": "Jalan Satria Raya, Margahayu Utara, Babakan Ciparay, Kota Bandung, Indonesia", "Foto Tampak Depan": "https://mapidstorage.s3.ap-southeast-1.amazonaws.com/general_image/egipratama/1771738587246_image_picker_06B5A519-9359-49FE-81EB-5A7D96FC7CD3-802-00000004E13082BC.jpg", "Foto Spanduk/Papan Promosi": "https://mapidstorage.s3.ap-southeast-1.amazonaws.com/general_image/egipratama/1771738598004_image_picker_09731737-8A7E-4074-B620-4CD83F65ED73-802-00000004F0CF3168.jpg", "Kontributor": "Egi Pratama", "Latitude": -6.9473252162552797, "Longitude": 107.57451251647029, "Pengecekan": "Diterima", "Catatan Kesalahan": null, "ID Data": "699a95e7ea0ecebd7ab0624b" }, "geometry": { "type": "Point", "coordinates": [ 107.574512516470293, -6.94732521625528 ] } },
{ "type": "Feature", "properties": { "Kategori Properti": "Rumah", "Jenis Properti": "Disewa", " Tanggal": "2026-02-22", "Alamat": "Jalan Satria Raya, Margahayu Utara, Babakan Ciparay, Kota Bandung, Indonesia", "Foto Tampak Depan": "https://mapidstorage.s3.ap-southeast-1.amazonaws.com/general_image/egipratama/1771738429679_image_picker_27BC8747-FB33-4762-AFA2-91B6920FCC04-665-000000044A22A9FA.jpg", "Foto Spanduk/Papan Promosi": "https://mapidstorage.s3.ap-southeast-1.amazonaws.com/general_image/egipratama/1771738433276_image_picker_7B34637D-F1E4-4198-844B-225AB7DF5BB4-665-000000044F97A6CB.jpg", "Kontributor": "Egi Pratama", "Latitude": -6.946081727164966, "Longitude": 107.57427934643914, "Pengecekan": "Diterima", "Catatan Kesalahan": null, "ID Data": "699a95424a1ac1af4b4d72b0" }, "geometry": { "type": "Point", "coordinates": [ 107.574279346439141, -6.946081727164966 ] } },
{ "type": "Feature", "properties": { "Kategori Properti": "Rumah", "Jenis Properti": "Dijual", " Tanggal": "2026-02-22", "Alamat": "Jalan Sekepanjangan III, Kel. Cikutra, Cikutra, Cibeunying Kidul, Kota Bandung, 402821, Indonesia", "Foto Tampak Depan": "https://mapidstorage.s3.ap-southeast-1.amazonaws.com/general_image/muhammad.alhadiansyah/1771737080486_stamped_1771737079409.jpg", "Foto Spanduk/Papan Promosi": "https://mapidstorage.s3.ap-southeast-1.amazonaws.com/general_image/muhammad.alhadiansyah/1771737093489_stamped_1771737092570.jpg", "Kontributor": "Muhammad Alhadiansyah", "Latitude": -6.9033566163540598, "Longitude": 107.64281837281544, "Pengecekan": "Diterima", "Catatan Kesalahan": null, "ID Data": "699a9006ee0115aebea76542" }, "geometry": { "type": "Point", "coordinates": [ 107.642818372815441, -6.90335661635406 ] } },
{ "type": "Feature", "properties": { "Kategori Properti": "Rumah", "Jenis Properti": "Dijual", " Tanggal": "2026-02-22", "Alamat": "Jalan Satria Raya, Margahayu Utara, Babakan Ciparay, Kota Bandung, Indonesia", "Foto Tampak Depan": "https://mapidstorage.s3.ap-southeast-1.amazonaws.com/general_image/egipratama/1771736085767_image_picker_C2C329F8-AAC4-4C58-A472-B8E5077DC625-83453-0000105B5D4003B9.jpg", "Foto Spanduk/Papan Promosi": "https://mapidstorage.s3.ap-southeast-1.amazonaws.com/general_image/egipratama/1771736090608_image_picker_36DEE9AD-AF4E-4596-9732-C519573E8A88-83453-0000105B66420B30.jpg", "Kontributor": "Egi Pratama", "Latitude": -6.9475193212938109, "Longitude": 107.57315348343542, "Pengecekan": "Diterima", "Catatan Kesalahan": null, "ID Data": "699a8c1b4a1ac1af4b4d7099" }, "geometry": { "type": "Point", "coordinates": [ 107.573153483435419, -6.947519321293811 ] } },
{ "type": "Feature", "properties": { "Kategori Properti": "Kos", "Jenis Properti": "Disewa", " Tanggal": "2026-02-22", "Alamat": "Jalan Satria Raya, Margahayu Utara, Babakan Ciparay, Kota Bandung, Indonesia", "Foto Tampak Depan": "https://mapidstorage.s3.ap-southeast-1.amazonaws.com/general_image/egipratama/1771735969112_image_picker_33783B15-A407-44F4-BABE-48709B37AFA5-83273-0000105AB86D4E0C.jpg", "Foto Spanduk/Papan Promosi": "https://mapidstorage.s3.ap-southeast-1.amazonaws.com/general_image/egipratama/1771735982144_image_picker_DB1936CE-D9C6-4320-BD2E-6F487D940143-83273-0000105ACB365427.jpg", "Kontributor": "Egi Pratama", "Latitude": -6.9472795047316112, "Longitude": 107.57318610395231, "Pengecekan": "Diterima", "Catatan Kesalahan": null, "ID Data": "699a8bb2ea0ecebd7ab05f40" }, "geometry": { "type": "Point", "coordinates": [ 107.57318610395231, -6.947279504731611 ] } },
{ "type": "Feature", "properties": { "Kategori Properti": "Rumah", "Jenis Properti": "Dijual", " Tanggal": "2026-02-22", "Alamat": "Jalan Satria Kulon 5, Margahayu Utara, Babakan Ciparay, Kota Bandung, Indonesia", "Foto Tampak Depan": "https://mapidstorage.s3.ap-southeast-1.amazonaws.com/general_image/egipratama/1771735853870_image_picker_168C6034-6393-4EAE-9780-CF3C13D8D90A-83144-0000105A135BD3CD.jpg", "Foto Spanduk/Papan Promosi": "https://mapidstorage.s3.ap-southeast-1.amazonaws.com/general_image/egipratama/1771735859340_image_picker_5F81B09B-82F1-4C8C-A440-4980AAA5BCFF-83144-0000105A1BA56B80.jpg", "Kontributor": "Egi Pratama", "Latitude": -6.9470826341788552, "Longitude": 107.5723833871254, "Pengecekan": "Diterima", "Catatan Kesalahan": null, "ID Data": "699a8b3cea0ecebd7ab05eff" }, "geometry": { "type": "Point", "coordinates": [ 107.572383387125399, -6.947082634178855 ] } },
{ "type": "Feature", "properties": { "Kategori Properti": "Rumah", "Jenis Properti": "Dijual", " Tanggal": "2026-02-22", "Alamat": "Jalan Satria Kulon 5, Margahayu Utara, Babakan Ciparay, Kota Bandung, Indonesia", "Foto Tampak Depan": "https://mapidstorage.s3.ap-southeast-1.amazonaws.com/general_image/egipratama/1771735795003_image_picker_DF7DF7A7-0D3E-47F4-B0F2-71398E487F8B-83084-00001059BF91C8C2.jpg", "Foto Spanduk/Papan Promosi": "https://mapidstorage.s3.ap-southeast-1.amazonaws.com/general_image/egipratama/1771735799753_image_picker_338CD488-4A85-4967-BB74-0783C409DF0A-83084-00001059C6667658.jpg", "Kontributor": "Egi Pratama", "Latitude": -6.9474479172582875, "Longitude": 107.57233069212901, "Pengecekan": "Diterima", "Catatan Kesalahan": null, "ID Data": "699a8af84a1ac1af4b4d6f28" }, "geometry": { "type": "Point", "coordinates": [ 107.572330692129015, -6.947447917258287 ] } },
{ "type": "Feature", "properties": { "Kategori Properti": "Rumah", "Jenis Properti": "Dijual", " Tanggal": "2026-02-22", "Alamat": "Jalan Satria Kulon 5, Margahayu Utara, Babakan Ciparay, Kota Bandung, Indonesia", "Foto Tampak Depan": "https://mapidstorage.s3.ap-southeast-1.amazonaws.com/general_image/egipratama/1771735727759_image_picker_EE484E37-B759-4252-9D87-24C569D4D1EB-82983-000010595F5F1249.jpg", "Foto Spanduk/Papan Promosi": "https://mapidstorage.s3.ap-southeast-1.amazonaws.com/general_image/egipratama/1771735731535_image_picker_1EE882A1-9CDC-4F86-BF2D-EAE893DF3B98-82983-0000105964D1E3E5.jpg", "Kontributor": "Egi Pratama", "Latitude": -6.9474061997606356, "Longitude": 107.57220184442724, "Pengecekan": "Diterima", "Catatan Kesalahan": null, "ID Data": "699a8ab4ee0115aebea762b2" }, "geometry": { "type": "Point", "coordinates": [ 107.572201844427241, -6.947406199760636 ] } },
{ "type": "Feature", "properties": { "Kategori Properti": "Kos", "Jenis Properti": "Disewa", " Tanggal": "2026-02-22", "Alamat": "Jalan Satria Kulon 5, Margahayu Utara, Babakan Ciparay, Kota Bandung, Indonesia", "Foto Tampak Depan": "https://mapidstorage.s3.ap-southeast-1.amazonaws.com/general_image/egipratama/1771735587358_image_picker_F14AA899-2B36-485A-8D6C-3C24E6483A8E-82830-0000105896784A8A.jpg", "Foto Spanduk/Papan Promosi": "https://mapidstorage.s3.ap-southeast-1.amazonaws.com/general_image/egipratama/1771735591387_image_picker_529CB587-E784-40EA-B4BD-86989BCDDC56-82830-000010589C7ED0F9.jpg", "Kontributor": "Egi Pratama", "Latitude": -6.948205288532435, "Longitude": 107.57308529706665, "Pengecekan": "Diterima", "Catatan Kesalahan": null, "ID Data": "699a8a28ee0115aebea76282" }, "geometry": { "type": "Point", "coordinates": [ 107.573085297066655, -6.948205288532435 ] } },
{ "type": "Feature", "properties": { "Kategori Properti": "Kos", "Jenis Properti": "Disewa", " Tanggal": "2026-02-22", "Alamat": "Jalan Satria Kulon 5, Margahayu Utara, Babakan Ciparay, Kota Bandung, Indonesia", "Foto Tampak Depan": "https://mapidstorage.s3.ap-southeast-1.amazonaws.com/general_image/egipratama/1771735453030_image_picker_C64AB255-F82C-4656-8B27-CB9DACEDA616-82706-00001057D66FC82B.jpg", "Foto Spanduk/Papan Promosi": "https://mapidstorage.s3.ap-southeast-1.amazonaws.com/general_image/egipratama/1771735456615_image_picker_CEA0EE5F-86E6-435B-A9B5-EBA926AB59F8-82706-00001057DBAA0164.jpg", "Kontributor": "Egi Pratama", "Latitude": -6.9485575156760433, "Longitude": 107.57274867491805, "Pengecekan": "Diterima", "Catatan Kesalahan": null, "ID Data": "699a89a24a1ac1af4b4d6e49" }, "geometry": { "type": "Point", "coordinates": [ 107.572748674918046, -6.948557515676043 ] } },
{ "type": "Feature", "properties": { "Kategori Properti": "Rumah", "Jenis Properti": "Dijual", " Tanggal": "2026-02-22", "Alamat": "Jalan Satria Kulon 5, Margahayu Utara, Babakan Ciparay, Kota Bandung, Indonesia", "Foto Tampak Depan": "https://mapidstorage.s3.ap-southeast-1.amazonaws.com/general_image/egipratama/1771735254187_image_picker_6B08E695-7321-4F48-9DA1-068C15D305E5-82315-00001056B956A2A9.jpg", "Foto Spanduk/Papan Promosi": "https://mapidstorage.s3.ap-southeast-1.amazonaws.com/general_image/egipratama/1771735228141_image_picker_8658A340-8512-42E1-9136-AABCDA7047B7-82315-0000105694DD67B2.jpg", "Kontributor": "Egi Pratama", "Latitude": -6.9480038711383543, "Longitude": 107.57212271916188, "Pengecekan": "Diterima", "Catatan Kesalahan": null, "ID Data": "699a88d9ee0115aebea7616c" }, "geometry": { "type": "Point", "coordinates": [ 107.572122719161882, -6.948003871138354 ] } },
{ "type": "Feature", "properties": { "Kategori Properti": "Rumah", "Jenis Properti": "Dijual", " Tanggal": "2026-02-22", "Alamat": "Jalan Sekepanjangan III, Kel. Cikutra, Cikutra, Cibeunying Kidul, Kota Bandung, 402821, Indonesia", "Foto Tampak Depan": "https://mapidstorage.s3.ap-southeast-1.amazonaws.com/general_image/muhammad.alhadiansyah/1771735002906_stamped_1771735001452.jpg", "Foto Spanduk/Papan Promosi": "https://mapidstorage.s3.ap-southeast-1.amazonaws.com/general_image/muhammad.alhadiansyah/1771735012710_stamped_1771735011652.jpg", "Kontributor": "Muhammad Alhadiansyah", "Latitude": -6.903798300762233, "Longitude": 107.64359579430595, "Pengecekan": "Diterima", "Catatan Kesalahan": null, "ID Data": "699a87e64a1ac1af4b4d6ced" }, "geometry": { "type": "Point", "coordinates": [ 107.643595794305952, -6.903798300762233 ] } },
{ "type": "Feature", "properties": { "Kategori Properti": "Coworking Space", "Jenis Properti": "Disewa", " Tanggal": "2026-02-22", "Alamat": "Jalan PH. H. Mustofa No 65 (Suci), Sukapada, Cibeunying Kidul, Kota Bandung, Indonesia", "Foto Tampak Depan": "https://mapidstorage.s3.ap-southeast-1.amazonaws.com/general_image/mamang_devops/1771719271177_scaled_1000157219.jpg", "Foto Spanduk/Papan Promosi": "https://mapidstorage.s3.ap-southeast-1.amazonaws.com/general_image/mamang_devops/1771719275600_scaled_1000157224.webp", "Kontributor": "Firman MAPID TEAM", "Latitude": -6.9000540001897122, "Longitude": 107.64424857724595, "Pengecekan": "Diterima", "Catatan Kesalahan": null, "ID Data": "699a4a8aea0ecebd7ab0387e" }, "geometry": { "type": "Point", "coordinates": [ 107.644248577245946, -6.900054000189712 ] } },
{ "type": "Feature", "properties": { "Kategori Properti": "Ruko", "Jenis Properti": "Disewa", " Tanggal": "2026-02-22", "Alamat": "Jalan PH. H. Mustofa 23, Kel. Padasuka, Padasuka, Cibeunying Kidul, Kota Bandung, Indonesia", "Foto Tampak Depan": "https://mapidstorage.s3.ap-southeast-1.amazonaws.com/general_image/mamang_devops/1771719065946_scaled_1000157215.jpg", "Foto Spanduk/Papan Promosi": "https://mapidstorage.s3.ap-southeast-1.amazonaws.com/general_image/mamang_devops/1771719071010_scaled_1000157216.jpg", "Kontributor": "Firman MAPID TEAM", "Latitude": -6.9001755126369062, "Longitude": 107.64445118680845, "Pengecekan": "Diterima", "Catatan Kesalahan": null, "ID Data": "699a49a2ea0ecebd7ab0371b" }, "geometry": { "type": "Point", "coordinates": [ 107.644451186808453, -6.900175512636906 ] } },
{ "type": "Feature", "properties": { "Kategori Properti": "Ruko", "Jenis Properti": "Dijual", " Tanggal": "2026-02-22", "Alamat": "Jalan PH. H. Mustofa 23, Kel. Padasuka, Padasuka, Cibeunying Kidul, Kota Bandung, Indonesia", "Foto Tampak Depan": "https://mapidstorage.s3.ap-southeast-1.amazonaws.com/general_image/mamang_devops/1771718978645_scaled_1000157214.jpg", "Foto Spanduk/Papan Promosi": "https://mapidstorage.s3.ap-southeast-1.amazonaws.com/general_image/mamang_devops/1771718983499_scaled_1000157213.jpg", "Kontributor": "Firman MAPID TEAM", "Latitude": -6.900284682400283, "Longitude": 107.64484971237175, "Pengecekan": "Diterima", "Catatan Kesalahan": null, "ID Data": "699a494aee0115aebea73a75" }, "geometry": { "type": "Point", "coordinates": [ 107.644849712371752, -6.900284682400283 ] } },
{ "type": "Feature", "properties": { "Kategori Properti": "Ruko", "Jenis Properti": "Disewa", " Tanggal": "2026-02-22", "Alamat": "Jalan PH. H. Mustofa 23, Kel. Padasuka, Padasuka, Cibeunying Kidul, Kota Bandung, Indonesia", "Foto Tampak Depan": "https://mapidstorage.s3.ap-southeast-1.amazonaws.com/general_image/mamang_devops/1771718853178_scaled_1000157210.jpg", "Foto Spanduk/Papan Promosi": "https://mapidstorage.s3.ap-southeast-1.amazonaws.com/general_image/mamang_devops/1771718857751_scaled_1000157211.jpg", "Kontributor": "Firman MAPID TEAM", "Latitude": -6.9003953588836282, "Longitude": 107.64506415548527, "Pengecekan": "Diterima", "Catatan Kesalahan": null, "ID Data": "699a48ccee0115aebea739aa" }, "geometry": { "type": "Point", "coordinates": [ 107.645064155485272, -6.900395358883628 ] } },
{ "type": "Feature", "properties": { "Kategori Properti": "Retail (toko baju, peralatan olahraga, toko elektronik, dll)", "Jenis Properti": "Disewa", " Tanggal": "2026-02-22", "Alamat": "Jalan PH. H. Mustofa 23, Kel. Padasuka, Padasuka, Cibeunying Kidul, Kota Bandung, Indonesia", "Foto Tampak Depan": "https://mapidstorage.s3.ap-southeast-1.amazonaws.com/general_image/mamang_devops/1771718682467_scaled_1000157207.jpg", "Foto Spanduk/Papan Promosi": "https://mapidstorage.s3.ap-southeast-1.amazonaws.com/general_image/mamang_devops/1771718687373_scaled_1000157208.jpg", "Kontributor": "Firman MAPID TEAM", "Latitude": -6.9005011696734897, "Longitude": 107.64531174967914, "Pengecekan": "Diterima", "Catatan Kesalahan": null, "ID Data": "699a4831ee0115aebea73912" }, "geometry": { "type": "Point", "coordinates": [ 107.645311749679138, -6.90050116967349 ] } },
{ "type": "Feature", "properties": { "Kategori Properti": "Coworking Space", "Jenis Properti": "Disewa", " Tanggal": "2026-02-22", "Alamat": "Jalan PH. H. Mustofa 23, Kel. Padasuka, Padasuka, Cibeunying Kidul, Kota Bandung, Indonesia", "Foto Tampak Depan": "https://mapidstorage.s3.ap-southeast-1.amazonaws.com/general_image/mamang_devops/1771718579358_scaled_1000157206.jpg", "Foto Spanduk/Papan Promosi": "https://mapidstorage.s3.ap-southeast-1.amazonaws.com/general_image/mamang_devops/1771718542858_stamped_1771718541329.jpg", "Kontributor": "Firman MAPID TEAM", "Latitude": -6.9006724567207982, "Longitude": 107.64569321554654, "Pengecekan": "Diterima", "Catatan Kesalahan": null, "ID Data": "699a47b7ee0115aebea737ef" }, "geometry": { "type": "Point", "coordinates": [ 107.645693215546544, -6.900672456720798 ] } },
{ "type": "Feature", "properties": { "Kategori Properti": "Ruko", "Jenis Properti": "Disewa", " Tanggal": "2026-02-22", "Alamat": "Jalan PH. H. Mustofa 23, Padasuka, Cibeunying Kidul, Kota Bandung, Indonesia", "Foto Tampak Depan": "https://mapidstorage.s3.ap-southeast-1.amazonaws.com/general_image/mamang_devops/1771718462313_scaled_1000157205.jpg", "Foto Spanduk/Papan Promosi": "https://mapidstorage.s3.ap-southeast-1.amazonaws.com/general_image/mamang_devops/1771718468336_stamped_1771718466590.jpg", "Kontributor": "Firman MAPID TEAM", "Latitude": -6.9008436078495237, "Longitude": 107.64608951036109, "Pengecekan": "Diterima", "Catatan Kesalahan": null, "ID Data": "699a47454a1ac1af4b4d434a" }, "geometry": { "type": "Point", "coordinates": [ 107.646089510361094, -6.900843607849524 ] } },
{ "type": "Feature", "properties": { "Kategori Properti": "Retail FnB", "Jenis Properti": "Disewa", " Tanggal": "2026-02-22", "Alamat": "Jalan Neglasari Utara, Kel. Padasuka, Padasuka, Cibeunying Kidul, Kota Bandung, Indonesia", "Foto Tampak Depan": "https://mapidstorage.s3.ap-southeast-1.amazonaws.com/general_image/mamang_devops/1771718358746_scaled_1000157203.jpg", "Foto Spanduk/Papan Promosi": "https://mapidstorage.s3.ap-southeast-1.amazonaws.com/general_image/mamang_devops/1771718363395_scaled_1000157204.jpg", "Kontributor": "Firman MAPID TEAM", "Latitude": -6.9010146335064064, "Longitude": 107.64637757890586, "Pengecekan": "Diterima", "Catatan Kesalahan": null, "ID Data": "699a46deea0ecebd7ab032ba" }, "geometry": { "type": "Point", "coordinates": [ 107.646377578905856, -6.901014633506406 ] } },
{ "type": "Feature", "properties": { "Kategori Properti": "Ruko", "Jenis Properti": "Dijual", " Tanggal": "2026-02-22", "Alamat": "Jalan PH. H. Mustofa 23, Kel. Padasuka, Padasuka, Cibeunying Kidul, Kota Bandung, Indonesia", "Foto Tampak Depan": "https://mapidstorage.s3.ap-southeast-1.amazonaws.com/general_image/mamang_devops/1771718229925_scaled_1000157201.jpg", "Foto Spanduk/Papan Promosi": "https://mapidstorage.s3.ap-southeast-1.amazonaws.com/general_image/mamang_devops/1771718234785_scaled_1000157202.jpg", "Kontributor": "Firman MAPID TEAM", "Latitude": -6.9013100416805315, "Longitude": 107.64695864879718, "Pengecekan": "Diterima", "Catatan Kesalahan": null, "ID Data": "699a465d4a1ac1af4b4d41e4" }, "geometry": { "type": "Point", "coordinates": [ 107.646958648797181, -6.901310041680532 ] } },
{ "type": "Feature", "properties": { "Kategori Properti": "Rumah", "Jenis Properti": "Dijual", " Tanggal": "2026-02-22", "Alamat": "Jalan PH. H. Mustofa 23, Kel. Padasuka, Padasuka, Cibeunying Kidul, Kota Bandung, Indonesia", "Foto Tampak Depan": "https://mapidstorage.s3.ap-southeast-1.amazonaws.com/general_image/mamang_devops/1771718135509_scaled_1000157200.jpg", "Foto Spanduk/Papan Promosi": "https://mapidstorage.s3.ap-southeast-1.amazonaws.com/general_image/mamang_devops/1771718140814_scaled_1000157199.jpg", "Kontributor": "Firman MAPID TEAM", "Latitude": -6.9016610177513513, "Longitude": 107.64776210961685, "Pengecekan": "Diterima", "Catatan Kesalahan": null, "ID Data": "699a4600ea0ecebd7ab03180" }, "geometry": { "type": "Point", "coordinates": [ 107.647762109616849, -6.901661017751351 ] } },
{ "type": "Feature", "properties": { "Kategori Properti": "Retail (toko baju, peralatan olahraga, toko elektronik, dll)", "Jenis Properti": "Disewa", " Tanggal": "2026-02-22", "Alamat": "Jalan PH. H. Mustofa 23, Pasirlayung, Cibeunying Kidul, Kota Bandung, Indonesia", "Foto Tampak Depan": "https://mapidstorage.s3.ap-southeast-1.amazonaws.com/general_image/mamang_devops/1771717939241_scaled_1000157196.jpg", "Foto Spanduk/Papan Promosi": "https://mapidstorage.s3.ap-southeast-1.amazonaws.com/general_image/mamang_devops/1771717943286_scaled_1000157197.jpg", "Kontributor": "Firman MAPID TEAM", "Latitude": -6.9017378083777743, "Longitude": 107.65012304643216, "Pengecekan": "Diterima", "Catatan Kesalahan": "", "ID Data": "699a453c4a1ac1af4b4d40f8" }, "geometry": { "type": "Point", "coordinates": [ 107.650123046432157, -6.901737808377774 ] } },
{ "type": "Feature", "properties": { "Kategori Properti": "Ruko", "Jenis Properti": "Disewa", " Tanggal": "2026-02-22", "Alamat": "Jalan PH. H. Mustofa 23, Kel. Padasuka, Padasuka, Cibeunying Kidul, Kota Bandung, Indonesia", "Foto Tampak Depan": "https://mapidstorage.s3.ap-southeast-1.amazonaws.com/general_image/mamang_devops/1771717849220_scaled_1000157194.jpg", "Foto Spanduk/Papan Promosi": "https://mapidstorage.s3.ap-southeast-1.amazonaws.com/general_image/mamang_devops/1771717874521_stamped_1771717872189.jpg", "Kontributor": "Firman MAPID TEAM", "Latitude": -6.9018473814917769, "Longitude": 107.65012052791855, "Pengecekan": "Diterima", "Catatan Kesalahan": null, "ID Data": "699a44f3ea0ecebd7ab030d7" }, "geometry": { "type": "Point", "coordinates": [ 107.650120527918546, -6.901847381491777 ] } },
{ "type": "Feature", "properties": { "Kategori Properti": "Ruko", "Jenis Properti": "Disewa", " Tanggal": "2026-02-22", "Alamat": "Jalan PH. H. Mustofa 23, Kel. Padasuka, Padasuka, Cibeunying Kidul, Kota Bandung, Indonesia", "Foto Tampak Depan": "https://mapidstorage.s3.ap-southeast-1.amazonaws.com/general_image/mamang_devops/1771717715534_scaled_1000157191.jpg", "Foto Spanduk/Papan Promosi": "https://mapidstorage.s3.ap-southeast-1.amazonaws.com/general_image/mamang_devops/1771717720450_scaled_1000157192.jpg", "Kontributor": "Firman MAPID TEAM", "Latitude": -6.9018571331415757, "Longitude": 107.65041518950699, "Pengecekan": "Diterima", "Catatan Kesalahan": null, "ID Data": "699a445b4a1ac1af4b4d3f57" }, "geometry": { "type": "Point", "coordinates": [ 107.650415189506987, -6.901857133141576 ] } },
{ "type": "Feature", "properties": { "Kategori Properti": "Ruko", "Jenis Properti": "Disewa", " Tanggal": "2026-02-22", "Alamat": "Jalan PH. H. Mustofa 23, Kel. Padasuka, Padasuka, Cibeunying Kidul, Kota Bandung, Indonesia", "Foto Tampak Depan": "https://mapidstorage.s3.ap-southeast-1.amazonaws.com/general_image/mamang_devops/1771717586327_scaled_1000157189.jpg", "Foto Spanduk/Papan Promosi": "https://mapidstorage.s3.ap-southeast-1.amazonaws.com/general_image/mamang_devops/1771717592092_scaled_1000157190.jpg", "Kontributor": "Firman MAPID TEAM", "Latitude": -6.9019198634113366, "Longitude": 107.65177070058962, "Pengecekan": "Diterima", "Catatan Kesalahan": null, "ID Data": "699a43dc4a1ac1af4b4d3eb2" }, "geometry": { "type": "Point", "coordinates": [ 107.651770700589623, -6.901919863411337 ] } },
{ "type": "Feature", "properties": { "Kategori Properti": "Ruko", "Jenis Properti": "Disewa", " Tanggal": "2026-02-22", "Alamat": "Jalan Antapani, Cicaheum, Kiaracondong, Kota Bandung, Indonesia", "Foto Tampak Depan": "https://mapidstorage.s3.ap-southeast-1.amazonaws.com/general_image/mamang_devops/1771717193308_scaled_1000157185.jpg", "Foto Spanduk/Papan Promosi": "https://mapidstorage.s3.ap-southeast-1.amazonaws.com/general_image/mamang_devops/1771717197839_scaled_1000157186.jpg", "Kontributor": "Firman MAPID TEAM", "Latitude": -6.9033022861809883, "Longitude": 107.65719553284646, "Pengecekan": "Diterima", "Catatan Kesalahan": null, "ID Data": "699a42504a1ac1af4b4d3c97" }, "geometry": { "type": "Point", "coordinates": [ 107.657195532846458, -6.903302286180988 ] } },
{ "type": "Feature", "properties": { "Kategori Properti": "Tanah", "Jenis Properti": "Dijual", " Tanggal": "2026-02-22", "Alamat": "Jalan Abdul Haris Nasution 21, Jatihandap, Mandalajati, Kota Bandung, Indonesia", "Foto Tampak Depan": "https://mapidstorage.s3.ap-southeast-1.amazonaws.com/general_image/mamang_devops/1771716957716_scaled_1000157183.jpg", "Foto Spanduk/Papan Promosi": "https://mapidstorage.s3.ap-southeast-1.amazonaws.com/general_image/mamang_devops/1771716962687_scaled_1000157184.jpg", "Kontributor": "Firman MAPID TEAM", "Latitude": -6.9021570420080707, "Longitude": 107.65841664881083, "Pengecekan": "Diterima", "Catatan Kesalahan": null, "ID Data": "699a4165ee0115aebea72fb0" }, "geometry": { "type": "Point", "coordinates": [ 107.658416648810828, -6.902157042008071 ] } },
{ "type": "Feature", "properties": { "Kategori Properti": "Tanah", "Jenis Properti": "Dijual", " Tanggal": "2026-02-21", "Alamat": "Jalan Pesantren, Kel. Sukamiskin, Sukamiskin, Arcamanik, Kota Bandung, Indonesia", "Foto Tampak Depan": "https://mapidstorage.s3.ap-southeast-1.amazonaws.com/general_image/mamang_devops/1771671455635_scaled_1000156861.jpg", "Foto Spanduk/Papan Promosi": "https://mapidstorage.s3.ap-southeast-1.amazonaws.com/general_image/mamang_devops/1771671462766_stamped_1771671461195.jpg", "Kontributor": "Firman MAPID TEAM", "Latitude": -6.9063964538400882, "Longitude": 107.67782083944246, "Pengecekan": "Diterima", "Catatan Kesalahan": null, "ID Data": "69998fa8ee0115aebea71626" }, "geometry": { "type": "Point", "coordinates": [ 107.677820839442461, -6.906396453840088 ] } },
{ "type": "Feature", "properties": { "Kategori Properti": "Rumah", "Jenis Properti": "Dijual", " Tanggal": "2026-02-21", "Alamat": "Jalan Pesantren, Kel. Sukamiskin, Sukamiskin, Arcamanik, Kota Bandung, Indonesia", "Foto Tampak Depan": "https://mapidstorage.s3.ap-southeast-1.amazonaws.com/general_image/mamang_devops/1771671327636_scaled_1000156859.jpg", "Foto Spanduk/Papan Promosi": "https://mapidstorage.s3.ap-southeast-1.amazonaws.com/general_image/mamang_devops/1771671335611_scaled_1000156860.jpg", "Kontributor": "Firman MAPID TEAM", "Latitude": -6.9081306861788789, "Longitude": 107.67743213287253, "Pengecekan": "Diterima", "Catatan Kesalahan": null, "ID Data": "69998f2eee0115aebea715dd" }, "geometry": { "type": "Point", "coordinates": [ 107.677432132872525, -6.908130686178879 ] } },
{ "type": "Feature", "properties": { "Kategori Properti": "Ruko", "Jenis Properti": "Dijual", " Tanggal": "2026-02-21", "Alamat": "Jalan Pesantren, Kel. Cisaranten Bina Harapan, Cisaranten Bina Harapan, Arcamanik, Kota Bandung, Indonesia", "Foto Tampak Depan": "https://mapidstorage.s3.ap-southeast-1.amazonaws.com/general_image/mamang_devops/1771671112176_scaled_1000156858.jpg", "Foto Spanduk/Papan Promosi": "https://mapidstorage.s3.ap-southeast-1.amazonaws.com/general_image/mamang_devops/1771671117399_scaled_1000156857.jpg", "Kontributor": "Firman MAPID TEAM", "Latitude": -6.9123209619877741, "Longitude": 107.68160720376005, "Pengecekan": "Diterima", "Catatan Kesalahan": null, "ID Data": "69998e504a1ac1af4b4d20e4" }, "geometry": { "type": "Point", "coordinates": [ 107.681607203760052, -6.912320961987774 ] } },
{ "type": "Feature", "properties": { "Kategori Properti": "Ruko", "Jenis Properti": "Disewa", " Tanggal": "2026-02-21", "Alamat": "Jalan Pamekar 10, Kel. Mekar Mulya, Mekarmulya, Panyileukan, Kota Bandung, Indonesia", "Foto Tampak Depan": "https://mapidstorage.s3.ap-southeast-1.amazonaws.com/general_image/mamang_devops/1771669794230_scaled_1000156832.jpg", "Foto Spanduk/Papan Promosi": "https://mapidstorage.s3.ap-southeast-1.amazonaws.com/general_image/mamang_devops/1771669799303_scaled_1000156833.jpg", "Kontributor": "Firman MAPID TEAM", "Latitude": -6.925187286251699, "Longitude": 107.70056383288932, "Pengecekan": "Diterima", "Catatan Kesalahan": null, "ID Data": "6999892aea0ecebd7ab00dc0" }, "geometry": { "type": "Point", "coordinates": [ 107.700563832889316, -6.925187286251699 ] } },
{ "type": "Feature", "properties": { "Kategori Properti": "Retail FnB", "Jenis Properti": "Dijual", " Tanggal": "2026-02-21", "Alamat": "Jalan Progo 5, Cihapit Bandung Jawa Barat, Citarum, Bandung Wetan, Kota Bandung, Indonesia", "Foto Tampak Depan": "https://mapidstorage.s3.ap-southeast-1.amazonaws.com/general_image/dwidwi/1771667216943_scaled_1000093876.jpg", "Foto Spanduk/Papan Promosi": "https://mapidstorage.s3.ap-southeast-1.amazonaws.com/general_image/dwidwi/1771667219879_scaled_1000093877.jpg", "Kontributor": "Dwi Dwi", "Latitude": -6.9047166447508204, "Longitude": 107.61753130002086, "Pengecekan": "Diterima", "Catatan Kesalahan": null, "ID Data": "69997f154a1ac1af4b4d1ba9" }, "geometry": { "type": "Point", "coordinates": [ 107.617531300020858, -6.90471664475082 ] } },
{ "type": "Feature", "properties": { "Kategori Properti": "Kantor", "Jenis Properti": "Dijual", " Tanggal": "2026-02-21", "Alamat": "Jalan Progo #14, Cihapit Bandung Jawa Barat, Citarum, Bandung Wetan, Kota Bandung, Indonesia", "Foto Tampak Depan": "https://mapidstorage.s3.ap-southeast-1.amazonaws.com/general_image/dwidwi/1771667071753_scaled_1000093873.jpg", "Foto Spanduk/Papan Promosi": "https://mapidstorage.s3.ap-southeast-1.amazonaws.com/general_image/dwidwi/1771667075675_scaled_1000093874.jpg", "Kontributor": "Dwi Dwi", "Latitude": -6.9047016447195659, "Longitude": 107.61822799999499, "Pengecekan": "Diterima", "Catatan Kesalahan": null, "ID Data": "69997e854a1ac1af4b4d1b2b" }, "geometry": { "type": "Point", "coordinates": [ 107.618227999994986, -6.904701644719566 ] } },
{ "type": "Feature", "properties": { "Kategori Properti": "Tanah", "Jenis Properti": "Dijual", " Tanggal": "2026-02-21", "Alamat": "Jalan Progo #14, Cihapit Bandung Jawa Barat, Citarum, Bandung Wetan, Kota Bandung, Indonesia", "Foto Tampak Depan": "https://mapidstorage.s3.ap-southeast-1.amazonaws.com/general_image/dwidwi/1771666882653_scaled_1000093869.jpg", "Foto Spanduk/Papan Promosi": "https://mapidstorage.s3.ap-southeast-1.amazonaws.com/general_image/dwidwi/1771666888708_scaled_1000093870.jpg", "Kontributor": "Dwi Dwi", "Latitude": -6.9046472447413407, "Longitude": 107.61937500002125, "Pengecekan": "Diterima", "Catatan Kesalahan": null, "ID Data": "69997dca4a1ac1af4b4d1a3d" }, "geometry": { "type": "Point", "coordinates": [ 107.61937500002125, -6.904647244741341 ] } },
{ "type": "Feature", "properties": { "Kategori Properti": "Ruko", "Jenis Properti": "Disewa", " Tanggal": "2026-02-21", "Alamat": "Jalan Abdul Haris Nasution 21, Pakemitan, Cinambo, Kota Bandung, Indonesia", "Foto Tampak Depan": "https://mapidstorage.s3.ap-southeast-1.amazonaws.com/general_image/mamang_devops/1771666736398_scaled_1000156787.jpg", "Foto Spanduk/Papan Promosi": "https://mapidstorage.s3.ap-southeast-1.amazonaws.com/general_image/mamang_devops/1771666741590_scaled_1000156789.jpg", "Kontributor": "Firman MAPID TEAM", "Latitude": -6.91402228620899, "Longitude": 107.69766553285035, "Pengecekan": "Diterima", "Catatan Kesalahan": null, "ID Data": "69997d394a1ac1af4b4d1a07" }, "geometry": { "type": "Point", "coordinates": [ 107.697665532850351, -6.91402228620899 ] } },
{ "type": "Feature", "properties": { "Kategori Properti": "Tanah", "Jenis Properti": "Dijual", " Tanggal": "2026-02-21", "Alamat": "Jalan Abdul Haris Nasution 21, Kel. Pakemitan, Pakemitan, Cinambo, Kota Bandung, Indonesia", "Foto Tampak Depan": "https://mapidstorage.s3.ap-southeast-1.amazonaws.com/general_image/mamang_devops/1771666588560_scaled_1000156779.jpg", "Foto Spanduk/Papan Promosi": "https://mapidstorage.s3.ap-southeast-1.amazonaws.com/general_image/mamang_devops/1771666593117_scaled_1000156780.jpg", "Kontributor": "Firman MAPID TEAM", "Latitude": -6.9141302971480769, "Longitude": 107.69761537518082, "Pengecekan": "Diterima", "Catatan Kesalahan": null, "ID Data": "69997ca64a1ac1af4b4d198f" }, "geometry": { "type": "Point", "coordinates": [ 107.697615375180817, -6.914130297148077 ] } },
{ "type": "Feature", "properties": { "Kategori Properti": "Ruko", "Jenis Properti": "Dijual", " Tanggal": "2026-02-21", "Alamat": "Jalan Abdul Haris Nasution 21, Kel. Pakemitan, Pakemitan, Cinambo, Kota Bandung, Indonesia", "Foto Tampak Depan": "https://mapidstorage.s3.ap-southeast-1.amazonaws.com/general_image/mamang_devops/1771666497681_scaled_1000156777.jpg", "Foto Spanduk/Papan Promosi": "https://mapidstorage.s3.ap-southeast-1.amazonaws.com/general_image/mamang_devops/1771666502309_scaled_1000156778.jpg", "Kontributor": "Firman MAPID TEAM", "Latitude": -6.9140800861918308, "Longitude": 107.69707483289807, "Pengecekan": "Diterima", "Catatan Kesalahan": null, "ID Data": "69997c4bea0ecebd7ab008d1" }, "geometry": { "type": "Point", "coordinates": [ 107.697074832898068, -6.914080086191831 ] } },
{ "type": "Feature", "properties": { "Kategori Properti": "Restoran", "Jenis Properti": "Disewa", " Tanggal": "2026-02-21", "Alamat": "Jalan Abdul Haris Nasution 21, Kel. Pakemitan, Pakemitan, Cinambo, Kota Bandung, Indonesia", "Foto Tampak Depan": "https://mapidstorage.s3.ap-southeast-1.amazonaws.com/general_image/mamang_devops/1771666366638_scaled_1000156774.jpg", "Foto Spanduk/Papan Promosi": "https://mapidstorage.s3.ap-southeast-1.amazonaws.com/general_image/mamang_devops/1771666365393_scaled_1000156775.jpg", "Kontributor": "Firman MAPID TEAM", "Latitude": -6.9137439861992078, "Longitude": 107.69570713287311, "Pengecekan": "Diterima", "Catatan Kesalahan": null, "ID Data": "69997bc8ea0ecebd7ab00865" }, "geometry": { "type": "Point", "coordinates": [ 107.69570713287311, -6.913743986199208 ] } },
{ "type": "Feature", "properties": { "Kategori Properti": "Retail (toko baju, peralatan olahraga, toko elektronik, dll)", "Jenis Properti": "Dijual", " Tanggal": "2026-02-21", "Alamat": "Jalan Abdul Haris Nasution 21, Kel. Cigending, Cigending, Ujungberung, Kota Bandung, Indonesia", "Foto Tampak Depan": "https://mapidstorage.s3.ap-southeast-1.amazonaws.com/general_image/mamang_devops/1771666271677_scaled_1000156772.jpg", "Foto Spanduk/Papan Promosi": "https://mapidstorage.s3.ap-southeast-1.amazonaws.com/general_image/mamang_devops/1771666276318_scaled_1000156773.jpg", "Kontributor": "Firman MAPID TEAM", "Latitude": -6.913555686178853, "Longitude": 107.69569883284299, "Pengecekan": "Diterima", "Catatan Kesalahan": null, "ID Data": "69997b68ee0115aebea70d3f" }, "geometry": { "type": "Point", "coordinates": [ 107.695698832842993, -6.913555686178853 ] } },
{ "type": "Feature", "properties": { "Kategori Properti": "Retail FnB", "Jenis Properti": "Dijual", " Tanggal": "2026-02-21", "Alamat": "Jalan Abdul Haris Nasution 21, Pawenang II, Cigending, Ujungberung, Kota Bandung, Indonesia", "Foto Tampak Depan": "https://mapidstorage.s3.ap-southeast-1.amazonaws.com/general_image/mamang_devops/1771666145483_scaled_1000156770.jpg", "Foto Spanduk/Papan Promosi": "https://mapidstorage.s3.ap-southeast-1.amazonaws.com/general_image/mamang_devops/1771666159558_scaled_1000156771.jpg", "Kontributor": "Firman MAPID TEAM", "Latitude": -6.9132606862215482, "Longitude": 107.69444413291995, "Pengecekan": "Diterima", "Catatan Kesalahan": null, "ID Data": "69997af7ee0115aebea70cfb" }, "geometry": { "type": "Point", "coordinates": [ 107.694444132919955, -6.913260686221548 ] } },
{ "type": "Feature", "properties": { "Kategori Properti": "Gudang", "Jenis Properti": "Disewa", " Tanggal": "2026-02-21", "Alamat": "Jalan Abdul Haris Nasution 21, Kel. Pakemitan, Pakemitan, Cinambo, Kota Bandung, Indonesia", "Foto Tampak Depan": "https://mapidstorage.s3.ap-southeast-1.amazonaws.com/general_image/mamang_devops/1771666018193_scaled_1000156768.jpg", "Foto Spanduk/Papan Promosi": "https://mapidstorage.s3.ap-southeast-1.amazonaws.com/general_image/mamang_devops/1771666026613_scaled_1000156769.jpg", "Kontributor": "Firman MAPID TEAM", "Latitude": -6.9126918940291375, "Longitude": 107.69234398877029, "Pengecekan": "Diterima", "Catatan Kesalahan": null, "ID Data": "69997a6dee0115aebea70c66" }, "geometry": { "type": "Point", "coordinates": [ 107.69234398877029, -6.912691894029138 ] } },
{ "type": "Feature", "properties": { "Kategori Properti": "Rumah", "Jenis Properti": "Dijual", " Tanggal": "2026-02-21", "Alamat": "Jalan Abdul Haris Nasution 21, Pawenang II, Cisaranten Bina Harapan, Arcamanik, Kota Bandung, Indonesia", "Foto Tampak Depan": "https://mapidstorage.s3.ap-southeast-1.amazonaws.com/general_image/mamang_devops/1771665860723_scaled_1000156767.jpg", "Foto Spanduk/Papan Promosi": "https://mapidstorage.s3.ap-southeast-1.amazonaws.com/general_image/mamang_devops/1771665865197_scaled_1000156766.jpg", "Kontributor": "Firman MAPID TEAM", "Latitude": -6.9110670867602693, "Longitude": 107.69007289626182, "Pengecekan": "Diterima", "Catatan Kesalahan": null, "ID Data": "699979ceea0ecebd7ab0066c" }, "geometry": { "type": "Point", "coordinates": [ 107.690072896261825, -6.911067086760269 ] } },
{ "type": "Feature", "properties": { "Kategori Properti": "Ruko", "Jenis Properti": "Dijual", " Tanggal": "2026-02-21", "Alamat": "Jalan Abdul Haris Nasution 21, Pawenang II, Pasirendah, Ujungberung, Kota Bandung, Indonesia", "Foto Tampak Depan": "https://mapidstorage.s3.ap-southeast-1.amazonaws.com/general_image/mamang_devops/1771665619507_scaled_1000156759.jpg", "Foto Spanduk/Papan Promosi": "https://mapidstorage.s3.ap-southeast-1.amazonaws.com/general_image/mamang_devops/1771665596875_stamped_1771665595621.jpg", "Kontributor": "Firman MAPID TEAM", "Latitude": -6.9080272862055097, "Longitude": 107.68786713287221, "Pengecekan": "Diterima", "Catatan Kesalahan": null, "ID Data": "699978e8ee0115aebea70b7d" }, "geometry": { "type": "Point", "coordinates": [ 107.687867132872213, -6.90802728620551 ] } },
{ "type": "Feature", "properties": { "Kategori Properti": "Tanah", "Jenis Properti": "Dijual", " Tanggal": "2026-02-21", "Alamat": "Jalan Abdul Haris Nasution 21, Kel. Cisaranten Bina Harapan, Cisaranten Bina Harapan, Arcamanik, Kota Bandung, Indonesia", "Foto Tampak Depan": "https://mapidstorage.s3.ap-southeast-1.amazonaws.com/general_image/mamang_devops/1771665508845_scaled_1000156753.jpg", "Foto Spanduk/Papan Promosi": "https://mapidstorage.s3.ap-southeast-1.amazonaws.com/general_image/mamang_devops/1771665513663_scaled_1000156757.jpg", "Kontributor": "Firman MAPID TEAM", "Latitude": -6.9080559399500885, "Longitude": 107.6877452416245, "Pengecekan": "Diterima", "Catatan Kesalahan": null, "ID Data": "699978704a1ac1af4b4d15fa" }, "geometry": { "type": "Point", "coordinates": [ 107.687745241624498, -6.908055939950088 ] } },
{ "type": "Feature", "properties": { "Kategori Properti": "Tanah", "Jenis Properti": "Dijual", " Tanggal": "2026-02-21", "Alamat": "Jalan Abdul Haris Nasution 21, Kel. Sindang Jaya, Sindangjaya, Arcamanik, Kota Bandung, Indonesia", "Foto Tampak Depan": "https://mapidstorage.s3.ap-southeast-1.amazonaws.com/general_image/mamang_devops/1771665312111_scaled_1000156751.jpg", "Foto Spanduk/Papan Promosi": "https://mapidstorage.s3.ap-southeast-1.amazonaws.com/general_image/mamang_devops/1771665319205_scaled_1000156752.jpg", "Kontributor": "Firman MAPID TEAM", "Latitude": -6.9070196104176915, "Longitude": 107.68561685402528, "Pengecekan": "Diterima", "Catatan Kesalahan": null, "ID Data": "699977abee0115aebea70a68" }, "geometry": { "type": "Point", "coordinates": [ 107.685616854025284, -6.907019610417692 ] } },
{ "type": "Feature", "properties": { "Kategori Properti": "Rumah", "Jenis Properti": "Dijual", " Tanggal": "2026-02-21", "Alamat": "Jalan Abdul Haris Nasution 21, Kel. Cisaranten Bina Harapan, Cisaranten Bina Harapan, Arcamanik, Kota Bandung, Indonesia", "Foto Tampak Depan": "https://mapidstorage.s3.ap-southeast-1.amazonaws.com/general_image/mamang_devops/1771665093930_scaled_1000156749.jpg", "Foto Spanduk/Papan Promosi": "https://mapidstorage.s3.ap-southeast-1.amazonaws.com/general_image/mamang_devops/1771665099009_scaled_1000156750.jpg", "Kontributor": "Firman MAPID TEAM", "Latitude": -6.9058318206902101, "Longitude": 107.68264995617506, "Pengecekan": "Diterima", "Catatan Kesalahan": null, "ID Data": "699976d1ea0ecebd7ab004dc" }, "geometry": { "type": "Point", "coordinates": [ 107.682649956175055, -6.90583182069021 ] } },
{ "type": "Feature", "properties": { "Kategori Properti": "Retail (toko baju, peralatan olahraga, toko elektronik, dll)", "Jenis Properti": "Dijual", " Tanggal": "2026-02-21", "Alamat": "Jalan Abdul Haris Nasution 21, Kel. Cisaranten Bina Harapan, Cisaranten Bina Harapan, Mandalajati, Kota Bandung, Indonesia", "Foto Tampak Depan": "https://mapidstorage.s3.ap-southeast-1.amazonaws.com/general_image/mamang_devops/1771664949622_scaled_1000156739.jpg", "Foto Spanduk/Papan Promosi": "https://mapidstorage.s3.ap-southeast-1.amazonaws.com/general_image/mamang_devops/1771664955109_scaled_1000156744.jpg", "Kontributor": "Firman MAPID TEAM", "Latitude": -6.9055258284751631, "Longitude": 107.68198256083997, "Pengecekan": "Diterima", "Catatan Kesalahan": null, "ID Data": "6999763dea0ecebd7ab0048e" }, "geometry": { "type": "Point", "coordinates": [ 107.68198256083997, -6.905525828475163 ] } },
{ "type": "Feature", "properties": { "Kategori Properti": "Rumah", "Jenis Properti": "Dijual", " Tanggal": "2026-02-21", "Alamat": "Jalan Abdul Haris Nasution 21, Kel. Cisaranten Bina Harapan, Cisaranten Bina Harapan, Arcamanik, Kota Bandung, Indonesia", "Foto Tampak Depan": "https://mapidstorage.s3.ap-southeast-1.amazonaws.com/general_image/mamang_devops/1771664782620_scaled_1000156737.jpg", "Foto Spanduk/Papan Promosi": "https://mapidstorage.s3.ap-southeast-1.amazonaws.com/general_image/mamang_devops/1771664788495_scaled_1000156738.jpg", "Kontributor": "Firman MAPID TEAM", "Latitude": -6.905317945394998, "Longitude": 107.68107011990008, "Pengecekan": "Diterima", "Catatan Kesalahan": null, "ID Data": "6999759cee0115aebea70917" }, "geometry": { "type": "Point", "coordinates": [ 107.681070119900085, -6.905317945394998 ] } },
{ "type": "Feature", "properties": { "Kategori Properti": "Ruko", "Jenis Properti": "Disewa", " Tanggal": "2026-02-21", "Alamat": "Jalan Abdul Haris Nasution 21, Kel. Sukamiskin, Cisaranten Bina Harapan, Arcamanik, Kota Bandung, Indonesia", "Foto Tampak Depan": "https://mapidstorage.s3.ap-southeast-1.amazonaws.com/general_image/mamang_devops/1771664605653_scaled_1000156727.jpg", "Foto Spanduk/Papan Promosi": "https://mapidstorage.s3.ap-southeast-1.amazonaws.com/general_image/mamang_devops/1771664612033_scaled_1000156730.jpg", "Kontributor": "Firman MAPID TEAM", "Latitude": -6.9052956453882359, "Longitude": 107.68084245677358, "Pengecekan": "Diterima", "Catatan Kesalahan": null, "ID Data": "699974e7ee0115aebea708a7" }, "geometry": { "type": "Point", "coordinates": [ 107.680842456773576, -6.905295645388236 ] } },
{ "type": "Feature", "properties": { "Kategori Properti": "Ruko", "Jenis Properti": "Disewa", " Tanggal": "2026-02-21", "Alamat": "Jalan Abdul Haris Nasution 21, Tamansari Bukit Bandung, Pasir Impun, Mandalajati, Kota Bandung, Indonesia", "Foto Tampak Depan": "https://mapidstorage.s3.ap-southeast-1.amazonaws.com/general_image/mamang_devops/1771664406595_scaled_1000156726.jpg", "Foto Spanduk/Papan Promosi": "https://mapidstorage.s3.ap-southeast-1.amazonaws.com/general_image/mamang_devops/1771664412100_scaled_1000156724.jpg", "Kontributor": "Firman MAPID TEAM", "Latitude": -6.9049137166623922, "Longitude": 107.67897933462939, "Pengecekan": "Diterima", "Catatan Kesalahan": null, "ID Data": "69997421ea0ecebd7ab002de" }, "geometry": { "type": "Point", "coordinates": [ 107.678979334629389, -6.904913716662392 ] } },
{ "type": "Feature", "properties": { "Kategori Properti": "Ruko", "Jenis Properti": "Disewa", " Tanggal": "2026-02-21", "Alamat": "Jalan Abdul Haris Nasution 21, Asrama Polisi Sukamiskin, Pasir Impun, Mandalajati, Kota Bandung, Indonesia", "Foto Tampak Depan": "https://mapidstorage.s3.ap-southeast-1.amazonaws.com/general_image/mamang_devops/1771664243502_scaled_1000156719.jpg", "Foto Spanduk/Papan Promosi": "https://mapidstorage.s3.ap-southeast-1.amazonaws.com/general_image/mamang_devops/1771664249152_scaled_1000156720.jpg", "Kontributor": "Firman MAPID TEAM", "Latitude": -6.9047819401176724, "Longitude": 107.67770063891766, "Pengecekan": "Diterima", "Catatan Kesalahan": null, "ID Data": "6999737cea0ecebd7ab00286" }, "geometry": { "type": "Point", "coordinates": [ 107.677700638917656, -6.904781940117672 ] } },
{ "type": "Feature", "properties": { "Kategori Properti": "Rumah", "Jenis Properti": "Dijual", " Tanggal": "2026-02-21", "Alamat": "Jalan Situsari VIII, Cijagra, Lengkong, Kota Bandung, Indonesia", "Foto Tampak Depan": "https://mapidstorage.s3.ap-southeast-1.amazonaws.com/general_image/dzikrinj/1771652927819_scaled_ebd973b0-e304-4265-ba26-a422893d1a6a1005472280291004092.jpg", "Foto Spanduk/Papan Promosi": "https://mapidstorage.s3.ap-southeast-1.amazonaws.com/general_image/dzikrinj/1771652940387_scaled_0cfeba28-ee4b-4fde-a0e0-9eeb71598d177452610222365478202.jpg", "Kontributor": "Dzikri N J", "Latitude": -6.9473195160495749, "Longitude": 107.62641903250125, "Pengecekan": "Diterima", "Catatan Kesalahan": null, "ID Data": "699947507c5a5fc5cabb581e" }, "geometry": { "type": "Point", "coordinates": [ 107.626419032501246, -6.947319516049575 ] } },
{ "type": "Feature", "properties": { "Kategori Properti": "Kos", "Jenis Properti": "Disewa", " Tanggal": "2026-02-21", "Alamat": "Gang Bio Permai, Pasirbiru, Cibiru, Kota Bandung, Indonesia", "Foto Tampak Depan": "https://mapidstorage.s3.ap-southeast-1.amazonaws.com/general_image/jhon_doe/1771650352965_image_picker_7C5675B0-28B2-4D8F-9EDD-7D45E9EDD940-72166-00001233C790D462.jpg", "Foto Spanduk/Papan Promosi": "https://mapidstorage.s3.ap-southeast-1.amazonaws.com/general_image/jhon_doe/1771650368091_image_picker_6A7BC400-08F5-47C9-96A6-E43E5DEA8977-72166-00001233DD4D2F6F.jpg", "Kontributor": "Yusuf", "Latitude": -6.9161934153457594, "Longitude": 107.72679609529251, "Pengecekan": "Diterima", "Catatan Kesalahan": null, "ID Data": "69993d5c1e870b28a6f3632e" }, "geometry": { "type": "Point", "coordinates": [ 107.726796095292514, -6.916193415345759 ] } },
{ "type": "Feature", "properties": { "Kategori Properti": "Rumah", "Jenis Properti": "Dijual", " Tanggal": "2026-02-21", "Alamat": "Interlagos II, Kel. Karang Pamulang, Karangpamulang, Mandalajati, Kota Bandung, Indonesia", "Foto Tampak Depan": "https://mapidstorage.s3.ap-southeast-1.amazonaws.com/general_image/mamang_devops/1771639931670_stamped_1771639929842.jpg", "Foto Spanduk/Papan Promosi": "https://mapidstorage.s3.ap-southeast-1.amazonaws.com/general_image/mamang_devops/1771639957873_scaled_1000156397.jpg", "Kontributor": "Firman MAPID TEAM", "Latitude": -6.8986308438698245, "Longitude": 107.6717179150852, "Pengecekan": "Diterima", "Catatan Kesalahan": null, "ID Data": "6999149cea0ecebd7aaffb75" }, "geometry": { "type": "Point", "coordinates": [ 107.671717915085196, -6.898630843869825 ] } },
{ "type": "Feature", "properties": { "Kategori Properti": "Tanah", "Jenis Properti": "Dijual", " Tanggal": "2026-02-21", "Alamat": "Interlagos II, Kel. Karang Pamulang, Karangpamulang, Mandalajati, Kota Bandung, Indonesia", "Foto Tampak Depan": "https://mapidstorage.s3.ap-southeast-1.amazonaws.com/general_image/mamang_devops/1771639820098_scaled_1000156396.jpg", "Foto Spanduk/Papan Promosi": "https://mapidstorage.s3.ap-southeast-1.amazonaws.com/general_image/mamang_devops/1771639813580_scaled_1000156395.jpg", "Kontributor": "Firman MAPID TEAM", "Latitude": -6.89851111268068, "Longitude": 107.67291896170394, "Pengecekan": "Diterima", "Catatan Kesalahan": null, "ID Data": "69991411ee0115aebea70028" }, "geometry": { "type": "Point", "coordinates": [ 107.672918961703942, -6.89851111268068 ] } },
{ "type": "Feature", "properties": { "Kategori Properti": "Ruko", "Jenis Properti": "Dijual", " Tanggal": "2026-02-21", "Alamat": "Jalan Pasir Impun, Kel. Pasir Impun, Pasir Impun, Mandalajati, Kota Bandung, Indonesia", "Foto Tampak Depan": "https://mapidstorage.s3.ap-southeast-1.amazonaws.com/general_image/mamang_devops/1771639512429_scaled_1000156393.jpg", "Foto Spanduk/Papan Promosi": "https://mapidstorage.s3.ap-southeast-1.amazonaws.com/general_image/mamang_devops/1771639524800_scaled_1000156394.jpg", "Kontributor": "Firman MAPID TEAM", "Latitude": -6.9007817365081792, "Longitude": 107.67625547808996, "Pengecekan": "Diterima", "Catatan Kesalahan": null, "ID Data": "699912e84a1ac1af4b4d0a72" }, "geometry": { "type": "Point", "coordinates": [ 107.676255478089956, -6.900781736508179 ] } },
{ "type": "Feature", "properties": { "Kategori Properti": "Rumah", "Jenis Properti": "Dijual", " Tanggal": "2026-02-21", "Alamat": "Jalan Pasir Impun, Kel. Pasir Impun, Pasir Impun, Mandalajati, Kota Bandung, Indonesia", "Foto Tampak Depan": "https://mapidstorage.s3.ap-southeast-1.amazonaws.com/general_image/mamang_devops/1771639408949_stamped_1771639407469.jpg", "Foto Spanduk/Papan Promosi": "https://mapidstorage.s3.ap-southeast-1.amazonaws.com/general_image/mamang_devops/1771639419742_stamped_1771639418373.jpg", "Kontributor": "Firman MAPID TEAM", "Latitude": -6.9010235732396126, "Longitude": 107.67619538305343, "Pengecekan": "Diterima", "Catatan Kesalahan": null, "ID Data": "6999127dee0115aebea6ff3d" }, "geometry": { "type": "Point", "coordinates": [ 107.676195383053425, -6.901023573239613 ] } },
{ "type": "Feature", "properties": { "Kategori Properti": "Ruko", "Jenis Properti": "Disewa", " Tanggal": "2026-02-21", "Alamat": "Jalan Abdul Haris Nasution 21, Kel. Sukamiskin, Sukamiskin, Arcamanik, Kota Bandung, Indonesia", "Foto Tampak Depan": "https://mapidstorage.s3.ap-southeast-1.amazonaws.com/general_image/mamang_devops/1771638991644_scaled_1000156383.jpg", "Foto Spanduk/Papan Promosi": "https://mapidstorage.s3.ap-southeast-1.amazonaws.com/general_image/mamang_devops/1771638999270_scaled_1000156384.jpg", "Kontributor": "Firman MAPID TEAM", "Latitude": -6.904842041822107, "Longitude": 107.67702542230836, "Pengecekan": "Diterima", "Catatan Kesalahan": null, "ID Data": "699910dc4a1ac1af4b4d0982" }, "geometry": { "type": "Point", "coordinates": [ 107.677025422308361, -6.904842041822107 ] } },
{ "type": "Feature", "properties": { "Kategori Properti": "Retail (toko baju, peralatan olahraga, toko elektronik, dll)", "Jenis Properti": "Disewa", " Tanggal": "2026-02-21", "Alamat": "Jalan Abdul Haris Nasution 21, Sukamiskin Arcamanik Bandung, Sukamiskin, Arcamanik, Kota Bandung, Indonesia", "Foto Tampak Depan": "https://mapidstorage.s3.ap-southeast-1.amazonaws.com/general_image/mamang_devops/1771638660405_stamped_1771638658584.jpg", "Foto Spanduk/Papan Promosi": "https://mapidstorage.s3.ap-southeast-1.amazonaws.com/general_image/mamang_devops/1771638677754_scaled_1000156382.jpg", "Kontributor": "Firman MAPID TEAM", "Latitude": -6.9048810063525821, "Longitude": 107.67326994331768, "Pengecekan": "Diterima", "Catatan Kesalahan": null, "ID Data": "69990fa2ee0115aebea6fdcd" }, "geometry": { "type": "Point", "coordinates": [ 107.673269943317678, -6.904881006352582 ] } },
{ "type": "Feature", "properties": { "Kategori Properti": "Tanah", "Jenis Properti": "Dijual", " Tanggal": "2026-02-21", "Alamat": "Jalan Abdul Haris Nasution 21, Kel. Sukamiskin, Sukamiskin, Arcamanik, Kota Bandung, Indonesia", "Foto Tampak Depan": "https://mapidstorage.s3.ap-southeast-1.amazonaws.com/general_image/mamang_devops/1771638504633_scaled_1000156381.jpg", "Foto Spanduk/Papan Promosi": "https://mapidstorage.s3.ap-southeast-1.amazonaws.com/general_image/mamang_devops/1771638532765_scaled_1000156380.jpg", "Kontributor": "Firman MAPID TEAM", "Latitude": -6.9047322769264099, "Longitude": 107.6722762536649, "Pengecekan": "Diterima", "Catatan Kesalahan": null, "ID Data": "69990f0aea0ecebd7aaff808" }, "geometry": { "type": "Point", "coordinates": [ 107.672276253664904, -6.90473227692641 ] } },
{ "type": "Feature", "properties": { "Kategori Properti": "Ruko", "Jenis Properti": "Dijual", " Tanggal": "2026-02-21", "Alamat": "Jalan Abdul Haris Nasution 21, Kel. Karang Pamulang, Karangpamulang, Arcamanik, Kota Bandung, Indonesia", "Foto Tampak Depan": "https://mapidstorage.s3.ap-southeast-1.amazonaws.com/general_image/mamang_devops/1771638319363_scaled_1000156379.jpg", "Foto Spanduk/Papan Promosi": "https://mapidstorage.s3.ap-southeast-1.amazonaws.com/general_image/mamang_devops/1771638327318_stamped_1771638323379.jpg", "Kontributor": "Firman MAPID TEAM", "Latitude": -6.9041173861925245, "Longitude": 107.67107363291439, "Pengecekan": "Diterima", "Catatan Kesalahan": null, "ID Data": "69990e46ea0ecebd7aaff796" }, "geometry": { "type": "Point", "coordinates": [ 107.671073632914386, -6.904117386192524 ] } },
{ "type": "Feature", "properties": { "Kategori Properti": "Kantor", "Jenis Properti": "Disewa", " Tanggal": "2026-02-21", "Alamat": "Jalan Abdul Haris Nasution 21, Kel. Sukamiskin, Sukamiskin, Arcamanik, Kota Bandung, Indonesia", "Foto Tampak Depan": "https://mapidstorage.s3.ap-southeast-1.amazonaws.com/general_image/mamang_devops/1771638046864_scaled_1000156377.jpg", "Foto Spanduk/Papan Promosi": "https://mapidstorage.s3.ap-southeast-1.amazonaws.com/general_image/mamang_devops/1771638053255_scaled_1000156378.jpg", "Kontributor": "Firman MAPID TEAM", "Latitude": -6.9042920861939336, "Longitude": 107.67032833290773, "Pengecekan": "Diterima", "Catatan Kesalahan": null, "ID Data": "69990d42ee0115aebea6fb21" }, "geometry": { "type": "Point", "coordinates": [ 107.670328332907729, -6.904292086193934 ] } },
{ "type": "Feature", "properties": { "Kategori Properti": "Gudang", "Jenis Properti": "Disewa", " Tanggal": "2026-02-21", "Alamat": "Jalan Abdul Haris Nasution 21, Kel. Karang Pamulang, Karangpamulang, Arcamanik, Kota Bandung, Indonesia", "Foto Tampak Depan": "https://mapidstorage.s3.ap-southeast-1.amazonaws.com/general_image/mamang_devops/1771637891738_stamped_1771637889454.jpg", "Foto Spanduk/Papan Promosi": "https://mapidstorage.s3.ap-southeast-1.amazonaws.com/general_image/mamang_devops/1771637948897_stamped_1771637947080.jpg", "Kontributor": "Firman MAPID TEAM", "Latitude": -6.9041793350622527, "Longitude": 107.66995474017153, "Pengecekan": "Diterima", "Catatan Kesalahan": null, "ID Data": "69990cbf4a1ac1af4b4d0531" }, "geometry": { "type": "Point", "coordinates": [ 107.669954740171534, -6.904179335062253 ] } },
{ "type": "Feature", "properties": { "Kategori Properti": "Kantor", "Jenis Properti": "Disewa", " Tanggal": "2026-02-21", "Alamat": "Jalan Abdul Haris Nasution 21, Kel. Karang Pamulang, Karangpamulang, Mandalajati, Kota Bandung, Indonesia", "Foto Tampak Depan": "https://mapidstorage.s3.ap-southeast-1.amazonaws.com/general_image/mamang_devops/1771637582107_stamped_1771637580609.jpg", "Foto Spanduk/Papan Promosi": "https://mapidstorage.s3.ap-southeast-1.amazonaws.com/general_image/mamang_devops/1771637599819_scaled_1000156376.jpg", "Kontributor": "Firman MAPID TEAM", "Latitude": -6.9038910861822131, "Longitude": 107.66626123282481, "Pengecekan": "Diterima", "Catatan Kesalahan": null, "ID Data": "69990b63ee0115aebea6fa54" }, "geometry": { "type": "Point", "coordinates": [ 107.666261232824809, -6.903891086182213 ] } },
{ "type": "Feature", "properties": { "Kategori Properti": "Rumah", "Jenis Properti": "Disewa", " Tanggal": "2026-02-21", "Alamat": "Jalan Mande IV, Kel. Karang Pamulang, Karangpamulang, Mandalajati, Kota Bandung, Indonesia", "Foto Tampak Depan": "https://mapidstorage.s3.ap-southeast-1.amazonaws.com/general_image/mamang_devops/1771636768995_stamped_1771636767721.jpg", "Foto Spanduk/Papan Promosi": "https://mapidstorage.s3.ap-southeast-1.amazonaws.com/general_image/mamang_devops/1771636786122_scaled_1000156374.jpg", "Kontributor": "Firman MAPID TEAM", "Latitude": -6.8948449861628802, "Longitude": 107.67130923288573, "Pengecekan": "Diterima", "Catatan Kesalahan": null, "ID Data": "69990836ee0115aebea6f9eb" }, "geometry": { "type": "Point", "coordinates": [ 107.671309232885733, -6.89484498616288 ] } },
{ "type": "Feature", "properties": { "Kategori Properti": "Rumah", "Jenis Properti": "Dijual", " Tanggal": "2026-02-21", "Alamat": "Jalan Cikadut, Kel. Karang Pamulang, Karangpamulang, Mandalajati, Kota Bandung, Indonesia", "Foto Tampak Depan": "https://mapidstorage.s3.ap-southeast-1.amazonaws.com/general_image/mamang_devops/1771636526896_stamped_1771636525467.jpg", "Foto Spanduk/Papan Promosi": "https://mapidstorage.s3.ap-southeast-1.amazonaws.com/general_image/mamang_devops/1771636551787_scaled_1000156372.jpg", "Kontributor": "Firman MAPID TEAM", "Latitude": -6.8968266344939053, "Longitude": 107.67058324048378, "Pengecekan": "Diterima", "Catatan Kesalahan": null, "ID Data": "6999074eea0ecebd7aaff445" }, "geometry": { "type": "Point", "coordinates": [ 107.670583240483779, -6.896826634493905 ] } },
{ "type": "Feature", "properties": { "Kategori Properti": "Rumah", "Jenis Properti": "Dijual", " Tanggal": "2026-02-20", "Alamat": "Kompleks L3, Kota Bandung, Indonesia", "Foto Tampak Depan": "https://mapidstorage.s3.ap-southeast-1.amazonaws.com/general_image/dwidwi/1771586285581_scaled_1000093772.jpg", "Foto Spanduk/Papan Promosi": "https://mapidstorage.s3.ap-southeast-1.amazonaws.com/general_image/dwidwi/1771586290464_scaled_1000093773.jpg", "Kontributor": "Dwi Dwi", "Latitude": -6.9474637448581262, "Longitude": 107.71116159996075, "Pengecekan": "Diterima", "Catatan Kesalahan": null, "ID Data": "699842f39600f0cd97926097" }, "geometry": { "type": "Point", "coordinates": [ 107.711161599960747, -6.947463744858126 ] } },
{ "type": "Feature", "properties": { "Kategori Properti": "Kantor", "Jenis Properti": "Disewa", " Tanggal": "2026-02-20", "Alamat": "Jalan Soekarno Hatta, Indonesia", "Foto Tampak Depan": "https://mapidstorage.s3.ap-southeast-1.amazonaws.com/general_image/dwidwi/1771583075800_scaled_1000093765.jpg", "Foto Spanduk/Papan Promosi": "https://mapidstorage.s3.ap-southeast-1.amazonaws.com/general_image/dwidwi/1771583081220_scaled_1000093766.jpg", "Kontributor": "Dwi Dwi", "Latitude": -6.9477184448240905, "Longitude": 107.6019328000084, "Pengecekan": "Diterima", "Catatan Kesalahan": null, "ID Data": "6998366d9600f0cd9792558e" }, "geometry": { "type": "Point", "coordinates": [ 107.601932800008399, -6.947718444824091 ] } },
{ "type": "Feature", "properties": { "Kategori Properti": "Rumah", "Jenis Properti": "Dijual", " Tanggal": "2026-02-20", "Alamat": "Jalan Caringin, RT 09 RW 03, Babakan Ciparay, Babakan Ciparay, Kota Bandung, Indonesia", "Foto Tampak Depan": "https://mapidstorage.s3.ap-southeast-1.amazonaws.com/general_image/egipratama/1771571721160_stamped_1771571719794.jpg", "Foto Spanduk/Papan Promosi": "https://mapidstorage.s3.ap-southeast-1.amazonaws.com/general_image/egipratama/1771571732512_image_picker_8836E9C1-2D83-494D-AD6B-4A6D59607232-60913-00000DE8D1728EAE.jpg", "Kontributor": "Egi Pratama", "Latitude": -6.9450340661458938, "Longitude": 107.58213320629437, "Pengecekan": "Diterima", "Catatan Kesalahan": null, "ID Data": "69980a159600f0cd979237b6" }, "geometry": { "type": "Point", "coordinates": [ 107.582133206294372, -6.945034066145894 ] } },
{ "type": "Feature", "properties": { "Kategori Properti": "Ruko", "Jenis Properti": "Dijual", " Tanggal": "2026-02-20", "Alamat": "Gang Sukamanah 4, Batununggal Asih, Mengger, Bandung Kidul, Kota Bandung, Indonesia", "Foto Tampak Depan": "https://mapidstorage.s3.ap-southeast-1.amazonaws.com/general_image/egipratama/1771570573331_image_picker_B92105C5-DEBA-456B-B688-427F65352DE6-60796-00000DE6FF6D87DD.jpg", "Foto Spanduk/Papan Promosi": "https://mapidstorage.s3.ap-southeast-1.amazonaws.com/general_image/egipratama/1771570581255_stamped_1771570579601.jpg", "Kontributor": "Egi Pratama", "Latitude": -6.9551408104235719, "Longitude": 107.62234733447082, "Pengecekan": "Diterima", "Catatan Kesalahan": null, "ID Data": "6998059d0dcde4621c3e4936" }, "geometry": { "type": "Point", "coordinates": [ 107.622347334470817, -6.955140810423572 ] } },
{ "type": "Feature", "properties": { "Kategori Properti": "Ruko", "Jenis Properti": "Disewa", " Tanggal": "2026-02-20", "Alamat": "Jalan Batununggal Indah Raya, Batununggal Lestari, Batununggal, Bandung Kidul, Kota Bandung, Indonesia", "Foto Tampak Depan": "https://mapidstorage.s3.ap-southeast-1.amazonaws.com/general_image/egipratama/1771566958282_stamped_1771566954783.jpg", "Foto Spanduk/Papan Promosi": "https://mapidstorage.s3.ap-southeast-1.amazonaws.com/general_image/egipratama/1771566961556_image_picker_DCC943FB-4069-4AC5-A26D-16646E9CC3B1-59889-00000DDF8672D2BB.jpg", "Kontributor": "Egi Pratama", "Latitude": -6.9545117066937934, "Longitude": 107.62964495471323, "Pengecekan": "Diterima", "Catatan Kesalahan": null, "ID Data": "6997f7729600f0cd9792304c" }, "geometry": { "type": "Point", "coordinates": [ 107.629644954713228, -6.954511706693793 ] } },
{ "type": "Feature", "properties": { "Kategori Properti": "Ruko", "Jenis Properti": "Dijual", " Tanggal": "2026-02-20", "Alamat": "Jalan Batununggal Indah Raya, Batununggal Lestari, Batununggal, Bandung Kidul, Kota Bandung, Indonesia", "Foto Tampak Depan": "https://mapidstorage.s3.ap-southeast-1.amazonaws.com/general_image/egipratama/1771566882478_stamped_1771566880994.jpg", "Foto Spanduk/Papan Promosi": "https://mapidstorage.s3.ap-southeast-1.amazonaws.com/general_image/egipratama/1771566897534_image_picker_6D09F131-E9D2-43E1-91B8-F2722BD52815-59889-00000DDF36EAB859.jpg", "Kontributor": "Egi Pratama", "Latitude": -6.954612876285168, "Longitude": 107.63055556460102, "Pengecekan": "Diterima", "Catatan Kesalahan": null, "ID Data": "6997f7339600f0cd97922ffc" }, "geometry": { "type": "Point", "coordinates": [ 107.630555564601025, -6.954612876285168 ] } },
{ "type": "Feature", "properties": { "Kategori Properti": "Tanah", "Jenis Properti": "Dijual", " Tanggal": "2026-02-20", "Alamat": "Jalan Batununggal Indah V, Batununggal Molek, Batununggal, Bandung Kidul, Kota Bandung, Indonesia", "Foto Tampak Depan": "https://mapidstorage.s3.ap-southeast-1.amazonaws.com/general_image/egipratama/1771566788921_stamped_1771566788006.jpg", "Foto Spanduk/Papan Promosi": "https://mapidstorage.s3.ap-southeast-1.amazonaws.com/general_image/egipratama/1771566801300_image_picker_5A5F792D-EA1F-45AB-8CB2-7C2E88CEBA05-59889-00000DDEB25D3010.jpg", "Kontributor": "Egi Pratama", "Latitude": -6.9562766044961393, "Longitude": 107.63113758243526, "Pengecekan": "Diterima", "Catatan Kesalahan": null, "ID Data": "6997f6d24a1ac1af4b4cc758" }, "geometry": { "type": "Point", "coordinates": [ 107.631137582435258, -6.956276604496139 ] } },
{ "type": "Feature", "properties": { "Kategori Properti": "Rumah", "Jenis Properti": "Dijual", " Tanggal": "2026-02-20", "Alamat": "Jalan Batununggal Indah V, Batununggal Permai, Mengger, Bandung Kidul, Kota Bandung, Indonesia", "Foto Tampak Depan": "https://mapidstorage.s3.ap-southeast-1.amazonaws.com/general_image/egipratama/1771566681412_stamped_1771566680333.jpg", "Foto Spanduk/Papan Promosi": "https://mapidstorage.s3.ap-southeast-1.amazonaws.com/general_image/egipratama/1771566706451_image_picker_6A5AC832-BC2B-47FD-A02B-C79B1D585EDB-59889-00000DDE2A85B651.jpg", "Kontributor": "Egi Pratama", "Latitude": -6.9580540178573358, "Longitude": 107.63070852769545, "Pengecekan": "Diterima", "Catatan Kesalahan": null, "ID Data": "6997f6754a1ac1af4b4cc70c" }, "geometry": { "type": "Point", "coordinates": [ 107.630708527695447, -6.958054017857336 ] } },
{ "type": "Feature", "properties": { "Kategori Properti": "Rumah", "Jenis Properti": "Dijual", " Tanggal": "2026-02-20", "Alamat": "Jalan Batununggal Indah VIII, Batununggal Abadi, Mengger, Bandung Kidul, Kota Bandung, Indonesia", "Foto Tampak Depan": "https://mapidstorage.s3.ap-southeast-1.amazonaws.com/general_image/egipratama/1771566576007_stamped_1771566572773.jpg", "Foto Spanduk/Papan Promosi": "https://mapidstorage.s3.ap-southeast-1.amazonaws.com/general_image/egipratama/1771566578815_image_picker_37626F1A-2B67-4715-B55F-5D517992F20D-59889-00000DDD82FCFEA0.jpg", "Kontributor": "Egi Pratama", "Latitude": -6.9592461665473451, "Longitude": 107.62792328422398, "Pengecekan": "Diterima", "Catatan Kesalahan": null, "ID Data": "6997f5fa9600f0cd97922e66" }, "geometry": { "type": "Point", "coordinates": [ 107.627923284223982, -6.959246166547345 ] } },
{ "type": "Feature", "properties": { "Kategori Properti": "Rumah", "Jenis Properti": "Dijual", " Tanggal": "2026-02-20", "Alamat": "Jalan Parakan Arum, Batununggal Lestari, Batununggal, Bandung Kidul, Kota Bandung, Indonesia", "Foto Tampak Depan": "https://mapidstorage.s3.ap-southeast-1.amazonaws.com/general_image/egipratama/1771563399544_image_picker_7C0EA9BA-E585-4827-9E98-7C5D04C0B8A1-59468-00000DD4F9235C59.jpg", "Foto Spanduk/Papan Promosi": "https://mapidstorage.s3.ap-southeast-1.amazonaws.com/general_image/egipratama/1771563409779_stamped_1771563408314.jpg", "Kontributor": "Egi Pratama", "Latitude": -6.9516085691332279, "Longitude": 107.62890199972264, "Pengecekan": "Diterima", "Catatan Kesalahan": null, "ID Data": "6997e99d9600f0cd97922afe" }, "geometry": { "type": "Point", "coordinates": [ 107.628901999722643, -6.951608569133228 ] } },
{ "type": "Feature", "properties": { "Kategori Properti": "Gudang", "Jenis Properti": "Disewa", " Tanggal": "2026-02-19", "Alamat": "Jalan Kyai Haji Wahid Hasyim", "Foto Tampak Depan": "https://mapidstorage.s3.ap-southeast-1.amazonaws.com/general_image/wina/1771497173705_image_picker_4D1E8C75-2B2C-42A2-98B3-88FB7E6AF505-54825-000008BD08768EB2.jpg", "Foto Spanduk/Papan Promosi": "https://mapidstorage.s3.ap-southeast-1.amazonaws.com/general_image/wina/1771497178085_image_picker_1CA0F7DA-FAD6-45CE-BA6E-300A96C57E81-54825-000008BD12709468.jpg", "Kontributor": "Wina Ayu", "Latitude": -6.9527321029452906, "Longitude": 107.58494652820042, "Pengecekan": "Diterima", "Catatan Kesalahan": null, "ID Data": "6996e6dde254e48a8b390621" }, "geometry": { "type": "Point", "coordinates": [ 107.584946528200419, -6.952732102945291 ] } },
{ "type": "Feature", "properties": { "Kategori Properti": "Rumah", "Jenis Properti": "Dijual", " Tanggal": "2026-02-17", "Alamat": "Jalan Terusan Jakarta, Kota Bandung, Indonesia", "Foto Tampak Depan": "https://mapidstorage.s3.ap-southeast-1.amazonaws.com/general_image/mamang_devops/1771323090310_scaled_0fc33694-570c-4bdd-9fbd-a4ba43853d354770689492829952876.jpg", "Foto Spanduk/Papan Promosi": "https://mapidstorage.s3.ap-southeast-1.amazonaws.com/general_image/mamang_devops/1771323097062_scaled_69b3ca53-4ae4-420d-b9e5-22014ea57a617724724253649596041.jpg", "Kontributor": "Firman MAPID TEAM", "Latitude": -6.9126168204966945, "Longitude": 107.65454862168372, "Pengecekan": "Diterima", "Catatan Kesalahan": null, "ID Data": "69943edc6686f5f3d2145625" }, "geometry": { "type": "Point", "coordinates": [ 107.654548621683716, -6.912616820496694 ] } },
{ "type": "Feature", "properties": { "Kategori Properti": "Rumah", "Jenis Properti": "Dijual", " Tanggal": "2026-02-17", "Alamat": "Jalan Tanjung Sari, Kel. Antapani Wetan, Antapani Wetan, Antapani, Kota Bandung, Indonesia", "Foto Tampak Depan": "https://mapidstorage.s3.ap-southeast-1.amazonaws.com/general_image/mamang_devops/1771322596874_scaled_76a9ff43-0b83-488f-8d7a-7df4156045a17457135708869122626.jpg", "Foto Spanduk/Papan Promosi": "https://mapidstorage.s3.ap-southeast-1.amazonaws.com/general_image/mamang_devops/1771322605549_scaled_3303c138-cd5b-4d13-946f-34ceaaf27f473210448491906756401.jpg", "Kontributor": "Firman MAPID TEAM", "Latitude": -6.9124689861860844, "Longitude": 107.66724383289221, "Pengecekan": "Diterima", "Catatan Kesalahan": null, "ID Data": "69943cf0e254e48a8b380f1d" }, "geometry": { "type": "Point", "coordinates": [ 107.667243832892211, -6.912468986186084 ] } },
{ "type": "Feature", "properties": { "Kategori Properti": "Rumah", "Jenis Properti": "Dijual", " Tanggal": "2026-02-17", "Alamat": "Jalan Tanjungsari Asri Tengah, Kel. Antapani Wetan, Antapani Wetan, Antapani, Kota Bandung, Indonesia", "Foto Tampak Depan": "https://mapidstorage.s3.ap-southeast-1.amazonaws.com/general_image/mamang_devops/1771322460783_scaled_1575b205-cf71-4935-8b87-0e5815725c3c8958262463272820497.jpg", "Foto Spanduk/Papan Promosi": "https://mapidstorage.s3.ap-southeast-1.amazonaws.com/general_image/mamang_devops/1771322466839_scaled_7eeb720c-db7a-4bd0-9d2e-e86f614057245460681143934207210.jpg", "Kontributor": "Firman MAPID TEAM", "Latitude": -6.9114306861761321, "Longitude": 107.66524553280556, "Pengecekan": "Diterima", "Catatan Kesalahan": null, "ID Data": "69943c656686f5f3d21454c4" }, "geometry": { "type": "Point", "coordinates": [ 107.665245532805557, -6.911430686176132 ] } },
{ "type": "Feature", "properties": { "Kategori Properti": "Ruko", "Jenis Properti": "Dijual", " Tanggal": "2026-02-17", "Alamat": "Jalan Cikadut, Kel. Karang Pamulang, Karangpamulang, Mandalajati, Kota Bandung, Indonesia", "Foto Tampak Depan": "https://mapidstorage.s3.ap-southeast-1.amazonaws.com/general_image/mamang_devops/1771321907498_scaled_0234b043-ec5f-4672-88a1-d188b92ac2967668033165291269331.jpg", "Foto Spanduk/Papan Promosi": "https://mapidstorage.s3.ap-southeast-1.amazonaws.com/general_image/mamang_devops/1771321918715_scaled_14858b95-5333-4e7d-b05b-84e4e661ed3e1996072615890644927.jpg", "Kontributor": "Firman MAPID TEAM", "Latitude": -6.899143986156389, "Longitude": 107.66945883284444, "Pengecekan": "Diterima", "Catatan Kesalahan": null, "ID Data": "69943a466686f5f3d2145421" }, "geometry": { "type": "Point", "coordinates": [ 107.669458832844441, -6.899143986156389 ] } },
{ "type": "Feature", "properties": { "Kategori Properti": "Rumah", "Jenis Properti": "Dijual", " Tanggal": "2026-02-17", "Alamat": "K9, Indonesia", "Foto Tampak Depan": "https://mapidstorage.s3.ap-southeast-1.amazonaws.com/general_image/dwidwi/1771287057642_scaled_1000093246.jpg", "Foto Spanduk/Papan Promosi": "https://mapidstorage.s3.ap-southeast-1.amazonaws.com/general_image/dwidwi/1771287022010_scaled_1000093245.jpg", "Kontributor": "Dwi Dwi", "Latitude": -6.94729444482752, "Longitude": 107.71251239997122, "Pengecekan": "Diterima", "Catatan Kesalahan": null, "ID Data": "6993b2136686f5f3d2143c67" }, "geometry": { "type": "Point", "coordinates": [ 107.712512399971217, -6.94729444482752 ] } },
{ "type": "Feature", "properties": { "Kategori Properti": "Rumah", "Jenis Properti": "Dijual", " Tanggal": "2026-02-17", "Alamat": "K5, Indonesia", "Foto Tampak Depan": "https://mapidstorage.s3.ap-southeast-1.amazonaws.com/general_image/dwidwi/1771286871656_scaled_1000093241.jpg", "Foto Spanduk/Papan Promosi": "https://mapidstorage.s3.ap-southeast-1.amazonaws.com/general_image/dwidwi/1771286878618_scaled_1000093242.jpg", "Kontributor": "Dwi Dwi", "Latitude": -6.9467890834243775, "Longitude": 107.71157660755154, "Pengecekan": "Diterima", "Catatan Kesalahan": null, "ID Data": "6993b15fcfe49df5d1e652f7" }, "geometry": { "type": "Point", "coordinates": [ 107.711576607551535, -6.946789083424378 ] } },
{ "type": "Feature", "properties": { "Kategori Properti": "Rumah", "Jenis Properti": "Dijual", " Tanggal": "2026-02-17", "Alamat": "K3, Indonesia", "Foto Tampak Depan": "https://mapidstorage.s3.ap-southeast-1.amazonaws.com/general_image/dwidwi/1771286753986_scaled_1000093239.jpg", "Foto Spanduk/Papan Promosi": "https://mapidstorage.s3.ap-southeast-1.amazonaws.com/general_image/dwidwi/1771286759027_scaled_1000093240.jpg", "Kontributor": "Dwi Dwi", "Latitude": -6.9466099448366521, "Longitude": 107.71116740000923, "Pengecekan": "Diterima", "Catatan Kesalahan": null, "ID Data": "6993b0e8cfe49df5d1e652d3" }, "geometry": { "type": "Point", "coordinates": [ 107.711167400009231, -6.946609944836652 ] } },
{ "type": "Feature", "properties": { "Kategori Properti": "Rumah", "Jenis Properti": "Dijual", " Tanggal": "2026-02-17", "Alamat": "K7, Indonesia", "Foto Tampak Depan": "https://mapidstorage.s3.ap-southeast-1.amazonaws.com/general_image/dwidwi/1771286685606_scaled_1000093238.jpg", "Foto Spanduk/Papan Promosi": "https://mapidstorage.s3.ap-southeast-1.amazonaws.com/general_image/dwidwi/1771286693205_scaled_1000093238.jpg", "Kontributor": "Dwi Dwi", "Latitude": -6.9469379448641462, "Longitude": 107.7110607999864, "Pengecekan": "Diterima", "Catatan Kesalahan": null, "ID Data": "6993b0a6e254e48a8b37f591" }, "geometry": { "type": "Point", "coordinates": [ 107.711060799986399, -6.946937944864146 ] } },
{ "type": "Feature", "properties": { "Kategori Properti": "Ruko", "Jenis Properti": "Disewa", " Tanggal": "2026-02-15", "Alamat": "Jalan Cihampelas 160 1.40a-b, Cipaganti Coblong Kota Bandung Jawa Barat, Cipaganti, Coblong, Kota Bandung, Indonesia", "Foto Tampak Depan": "https://mapidstorage.s3.ap-southeast-1.amazonaws.com/general_image/jhon_doe/1771163835576_image_picker_0762EEE9-AC54-4514-9D25-439A09BFA75D-32504-00000D6D215F5DB5.jpg", "Foto Spanduk/Papan Promosi": "https://mapidstorage.s3.ap-southeast-1.amazonaws.com/general_image/jhon_doe/1771163846604_image_picker_BB02FA58-D31F-4928-A95D-7455DBA56AD5-32504-00000D6D354D1AEC.jpg", "Kontributor": "Yusuf", "Latitude": -6.89692020173419, "Longitude": 107.60389701725734, "Pengecekan": "Diterima", "Catatan Kesalahan": null, "ID Data": "6991d0d16576a06e5973175e" }, "geometry": { "type": "Point", "coordinates": [ 107.603897017257339, -6.89692020173419 ] } },
{ "type": "Feature", "properties": { "Kategori Properti": "Ruko", "Jenis Properti": "Dijual", " Tanggal": "2026-02-15", "Alamat": "Jalan Cihampelas 160 1.40a-b, Cipaganti Coblong Kota Bandung Jawa Barat, Cipaganti, Coblong, Kota Bandung, Indonesia", "Foto Tampak Depan": "https://mapidstorage.s3.ap-southeast-1.amazonaws.com/general_image/jhon_doe/1771163735429_image_picker_DC2B3CC8-BB35-4618-A241-1159E4F66F1F-32504-00000D6C9355C814.jpg", "Foto Spanduk/Papan Promosi": "https://mapidstorage.s3.ap-southeast-1.amazonaws.com/general_image/jhon_doe/1771163769865_image_picker_0397F665-ED3E-4EC8-9087-6EC95A553F3B-32504-00000D6CC7951AA4.jpg", "Kontributor": "Yusuf", "Latitude": -6.89692020173419, "Longitude": 107.60389701725734, "Pengecekan": "Diterima", "Catatan Kesalahan": null, "ID Data": "6991d0826576a06e597316a6" }, "geometry": { "type": "Point", "coordinates": [ 107.603897017257339, -6.89692020173419 ] } },
{ "type": "Feature", "properties": { "Kategori Properti": "Ruko", "Jenis Properti": "Disewa", " Tanggal": "2026-02-15", "Alamat": "Jalan Cihampelas 160 1.40a-b, Cipaganti Coblong Kota Bandung Jawa Barat, Cipaganti, Coblong, Kota Bandung, Indonesia", "Foto Tampak Depan": "https://mapidstorage.s3.ap-southeast-1.amazonaws.com/general_image/jhon_doe/1771157510957_image_picker_AF91F6B1-6255-4FB5-B925-A46BF3E0EA81-31395-00000D610450FBAC.jpg", "Foto Spanduk/Papan Promosi": "https://mapidstorage.s3.ap-southeast-1.amazonaws.com/general_image/jhon_doe/1771157519557_image_picker_3480B0B6-F4A7-40CD-9D4B-C7E8F84A2707-31395-00000D611149E70B.jpg", "Kontributor": "Yusuf", "Latitude": -6.8962158268220719, "Longitude": 107.60393402185605, "Pengecekan": "Diterima", "Catatan Kesalahan": null, "ID Data": "6991b8166576a06e59731552" }, "geometry": { "type": "Point", "coordinates": [ 107.603934021856048, -6.896215826822072 ] } },
{ "type": "Feature", "properties": { "Kategori Properti": "Ruko", "Jenis Properti": "Disewa", " Tanggal": "2026-02-15", "Alamat": "Jalan Cihampelas 160 1.40a-b, Cipaganti Coblong Kota Bandung Jawa Barat, Cipaganti, Coblong, Kota Bandung, Indonesia", "Foto Tampak Depan": "https://mapidstorage.s3.ap-southeast-1.amazonaws.com/general_image/jhon_doe/1771157392651_image_picker_AEC7C1C9-F65B-4274-95B9-4AFB149C866D-31097-00000D6079EFEAD1.jpg", "Foto Spanduk/Papan Promosi": "https://mapidstorage.s3.ap-southeast-1.amazonaws.com/general_image/jhon_doe/1771157405486_image_picker_1C70E320-4951-4FE6-A309-5D018B50D997-31097-00000D608B31727D.jpg", "Kontributor": "Yusuf", "Latitude": -6.8969163547303225, "Longitude": 107.60389372088474, "Pengecekan": "Diterima", "Catatan Kesalahan": null, "ID Data": "6991b7ab6576a06e5973146b" }, "geometry": { "type": "Point", "coordinates": [ 107.603893720884741, -6.896916354730322 ] } },
{ "type": "Feature", "properties": { "Kategori Properti": "Tanah", "Jenis Properti": "Dijual", " Tanggal": "2026-02-15", "Alamat": "Jalan Melati II, Summarecon Genova, Cipadung Kidul, Panyileukan, Kota Bandung, Indonesia", "Foto Tampak Depan": "https://mapidstorage.s3.ap-southeast-1.amazonaws.com/general_image/dwidwi/1771152705592_scaled_1000093111.jpg", "Foto Spanduk/Papan Promosi": "https://mapidstorage.s3.ap-southeast-1.amazonaws.com/general_image/dwidwi/1771152709579_scaled_1000093112.jpg", "Kontributor": "Dwi Dwi", "Latitude": -6.9463123448293373, "Longitude": 107.70706760001366, "Pengecekan": "Diterima", "Catatan Kesalahan": null, "ID Data": "6991a5476686f5f3d2138a35" }, "geometry": { "type": "Point", "coordinates": [ 107.707067600013659, -6.946312344829337 ] } },
{ "type": "Feature", "properties": { "Kategori Properti": "Rumah", "Jenis Properti": "Dijual", " Tanggal": "2026-02-15", "Alamat": "Cipadung Kidul, Kota Bandung, Indonesia", "Foto Tampak Depan": "https://mapidstorage.s3.ap-southeast-1.amazonaws.com/general_image/dwidwi/1771152490507_scaled_1000093109.jpg", "Foto Spanduk/Papan Promosi": "https://mapidstorage.s3.ap-southeast-1.amazonaws.com/general_image/dwidwi/1771152492480_scaled_1000093110.jpg", "Kontributor": "Dwi Dwi", "Latitude": -6.9462452448494929, "Longitude": 107.70830379998984, "Pengecekan": "Diterima", "Catatan Kesalahan": null, "ID Data": "6991a46d83e59098f461d5e4" }, "geometry": { "type": "Point", "coordinates": [ 107.708303799989835, -6.946245244849493 ] } },
{ "type": "Feature", "properties": { "Kategori Properti": "Rumah", "Jenis Properti": "Dijual", " Tanggal": "2026-02-15", "Alamat": "Cipadung Kidul, Kota Bandung, Indonesia", "Foto Tampak Depan": "https://mapidstorage.s3.ap-southeast-1.amazonaws.com/general_image/dwidwi/1771152429072_scaled_1000093107.jpg", "Foto Spanduk/Papan Promosi": "https://mapidstorage.s3.ap-southeast-1.amazonaws.com/general_image/dwidwi/1771152431437_scaled_1000093108.jpg", "Kontributor": "Dwi Dwi", "Latitude": -6.9464359448582798, "Longitude": 107.70823589995774, "Pengecekan": "Diterima", "Catatan Kesalahan": null, "ID Data": "6991a4316686f5f3d21389e1" }, "geometry": { "type": "Point", "coordinates": [ 107.708235899957742, -6.94643594485828 ] } },
{ "type": "Feature", "properties": { "Kategori Properti": "Rumah", "Jenis Properti": "Dijual", " Tanggal": "2026-02-15", "Alamat": "Cipadung Kidul, Kota Bandung, Indonesia", "Foto Tampak Depan": "https://mapidstorage.s3.ap-southeast-1.amazonaws.com/general_image/dwidwi/1771152106397_scaled_1000093101.jpg", "Foto Spanduk/Papan Promosi": "https://mapidstorage.s3.ap-southeast-1.amazonaws.com/general_image/dwidwi/1771152108971_scaled_1000093102.jpg", "Kontributor": "Dwi Dwi", "Latitude": -6.9465996448726059, "Longitude": 107.70906620000801, "Pengecekan": "Diterima", "Catatan Kesalahan": null, "ID Data": "6991a2ee83e59098f461d54a" }, "geometry": { "type": "Point", "coordinates": [ 107.70906620000801, -6.946599644872606 ] } },
{ "type": "Feature", "properties": { "Kategori Properti": "Rumah", "Jenis Properti": "Dijual", " Tanggal": "2026-02-15", "Alamat": "Cipadung Kidul, Kota Bandung, Indonesia", "Foto Tampak Depan": "https://mapidstorage.s3.ap-southeast-1.amazonaws.com/general_image/dwidwi/1771152030790_scaled_1000093096.jpg", "Foto Spanduk/Papan Promosi": "https://mapidstorage.s3.ap-southeast-1.amazonaws.com/general_image/dwidwi/1771151992456_scaled_1000093097.jpg", "Kontributor": "Dwi Dwi", "Latitude": -6.9466709448322916, "Longitude": 107.70906890005682, "Pengecekan": "Diterima", "Catatan Kesalahan": null, "ID Data": "6991a2a0cfe49df5d1e59d7d" }, "geometry": { "type": "Point", "coordinates": [ 107.70906890005682, -6.946670944832292 ] } },
{ "type": "Feature", "properties": { "Kategori Properti": "Rumah", "Jenis Properti": "Disewa", " Tanggal": "2026-02-15", "Alamat": "Cipadung Kidul, Kota Bandung, Indonesia", "Foto Tampak Depan": "https://mapidstorage.s3.ap-southeast-1.amazonaws.com/general_image/dwidwi/1771151753415_scaled_1000093093.jpg", "Foto Spanduk/Papan Promosi": "https://mapidstorage.s3.ap-southeast-1.amazonaws.com/general_image/dwidwi/1771151756902_scaled_1000093095.jpg", "Kontributor": "Dwi Dwi", "Latitude": -6.9469261448391819, "Longitude": 107.70928, "Pengecekan": "Diterima", "Catatan Kesalahan": null, "ID Data": "6991a18ecfe49df5d1e59ce1" }, "geometry": { "type": "Point", "coordinates": [ 107.709279999995829, -6.946926144839182 ] } },
{ "type": "Feature", "properties": { "Kategori Properti": "Rumah", "Jenis Properti": "Dijual", " Tanggal": "2026-02-15", "Alamat": "Cipadung Kidul, Kota Bandung, Indonesia", "Foto Tampak Depan": "https://mapidstorage.s3.ap-southeast-1.amazonaws.com/general_image/dwidwi/1771151598782_scaled_1000093091.jpg", "Foto Spanduk/Papan Promosi": "https://mapidstorage.s3.ap-southeast-1.amazonaws.com/general_image/dwidwi/1771151603669_scaled_1000093092.jpg", "Kontributor": "Dwi Dwi", "Latitude": -6.947135544807935, "Longitude": 107.70959299995758, "Pengecekan": "Diterima", "Catatan Kesalahan": null, "ID Data": "6991a0f783e59098f461d40d" }, "geometry": { "type": "Point", "coordinates": [ 107.709592999957579, -6.947135544807935 ] } },
{ "type": "Feature", "properties": { "Kategori Properti": "Rumah", "Jenis Properti": "Disewa", " Tanggal": "2026-02-15", "Alamat": "Cipadung Kidul, Kota Bandung, Indonesia", "Foto Tampak Depan": "https://mapidstorage.s3.ap-southeast-1.amazonaws.com/general_image/dwidwi/1771151520572_scaled_1000093089.jpg", "Foto Spanduk/Papan Promosi": "https://mapidstorage.s3.ap-southeast-1.amazonaws.com/general_image/dwidwi/1771151526694_scaled_1000093090.jpg", "Kontributor": "Dwi Dwi", "Latitude": -6.9471151448389747, "Longitude": 107.709860500003, "Pengecekan": "Diterima", "Catatan Kesalahan": null, "ID Data": "6991a0a86686f5f3d2138805" }, "geometry": { "type": "Point", "coordinates": [ 107.709860500003003, -6.947115144838975 ] } },
{ "type": "Feature", "properties": { "Kategori Properti": "Rumah", "Jenis Properti": "Dijual", " Tanggal": "2026-02-15", "Alamat": "Cipadung Kidul, Kota Bandung, Indonesia", "Foto Tampak Depan": "https://mapidstorage.s3.ap-southeast-1.amazonaws.com/general_image/dwidwi/1771151446928_scaled_1000093088.jpg", "Foto Spanduk/Papan Promosi": "https://mapidstorage.s3.ap-southeast-1.amazonaws.com/general_image/dwidwi/1771151450008_scaled_1000093088.jpg", "Kontributor": "Dwi Dwi", "Latitude": -6.9470795448075648, "Longitude": 107.71006150000494, "Pengecekan": "Diterima", "Catatan Kesalahan": null, "ID Data": "6991a05b83e59098f461d37f" }, "geometry": { "type": "Point", "coordinates": [ 107.71006150000494, -6.947079544807565 ] } },
{ "type": "Feature", "properties": { "Kategori Properti": "Ruko", "Jenis Properti": "Disewa", " Tanggal": "2026-02-15", "Alamat": "Jalan Cibolerang, Rahayu, Margasuka, Babakan Ciparay, Kota Bandung, Indonesia", "Foto Tampak Depan": "https://mapidstorage.s3.ap-southeast-1.amazonaws.com/general_image/egipratama/1771150501413_image_picker_98A90FCC-3547-45B6-9B5D-678321FDDA15-11295-0000095EA360FF7C.jpg", "Foto Spanduk/Papan Promosi": "https://mapidstorage.s3.ap-southeast-1.amazonaws.com/general_image/egipratama/1771150511346_image_picker_6F842CC6-3390-4449-AD68-EB2BDFDB1E3A-11295-0000095EB181D274.jpg", "Kontributor": "Egi Pratama", "Latitude": -6.9495468120845771, "Longitude": 107.56837885835813, "Pengecekan": "Diterima", "Catatan Kesalahan": null, "ID Data": "69919cbd83e59098f461d1c9" }, "geometry": { "type": "Point", "coordinates": [ 107.56837885835813, -6.949546812084577 ] } },
{ "type": "Feature", "properties": { "Kategori Properti": "Rumah", "Jenis Properti": "Dijual", " Tanggal": "2026-02-15", "Alamat": "Jalan Satria Raya, Margahayu Utara, Babakan Ciparay, Kota Bandung, Indonesia", "Foto Tampak Depan": "https://mapidstorage.s3.ap-southeast-1.amazonaws.com/general_image/egipratama/1771150185914_image_picker_ED818E95-9843-4733-BC49-920B8590D619-11295-0000095DFB31B259.jpg", "Foto Spanduk/Papan Promosi": "https://mapidstorage.s3.ap-southeast-1.amazonaws.com/general_image/egipratama/1771150195331_image_picker_22E726B7-8E54-4584-BB5A-84EB574DC654-11295-0000095E08BDCF6A.jpg", "Kontributor": "Egi Pratama", "Latitude": -6.9469718495835906, "Longitude": 107.57412280902969, "Pengecekan": "Diterima", "Catatan Kesalahan": null, "ID Data": "69919b7983e59098f461d06c" }, "geometry": { "type": "Point", "coordinates": [ 107.574122809029689, -6.946971849583591 ] } },
{ "type": "Feature", "properties": { "Kategori Properti": "Rumah", "Jenis Properti": "Dijual", " Tanggal": "2026-02-15", "Alamat": "Jalan Satria Raya, Margahayu Utara, Babakan Ciparay, Kota Bandung, Indonesia", "Foto Tampak Depan": "https://mapidstorage.s3.ap-southeast-1.amazonaws.com/general_image/egipratama/1771150042909_image_picker_C85833CE-A0FA-4C7B-9040-3B38AAB16095-11295-0000095D8838638B.jpg", "Foto Spanduk/Papan Promosi": "https://mapidstorage.s3.ap-southeast-1.amazonaws.com/general_image/egipratama/1771150051364_image_picker_AF2EA66E-8C15-4BF4-9AA4-A30EB129C93A-11295-0000095D9454BB9E.jpg", "Kontributor": "Egi Pratama", "Latitude": -6.9468645349434439, "Longitude": 107.57463806014346, "Pengecekan": "Diterima", "Catatan Kesalahan": null, "ID Data": "69919ae7cfe49df5d1e5984b" }, "geometry": { "type": "Point", "coordinates": [ 107.574638060143457, -6.946864534943444 ] } },
{ "type": "Feature", "properties": { "Kategori Properti": "Rumah", "Jenis Properti": "Dijual", " Tanggal": "2026-02-15", "Alamat": "Jalan Margajaya Dalam I, Margahayu Utara, Babakan Ciparay, Kota Bandung, Indonesia", "Foto Tampak Depan": "https://mapidstorage.s3.ap-southeast-1.amazonaws.com/general_image/egipratama/1771149864483_image_picker_1BFEE82E-401B-4AB2-B461-FB7442591CA6-11295-0000095CC6AFDE0D.jpg", "Foto Spanduk/Papan Promosi": "https://mapidstorage.s3.ap-southeast-1.amazonaws.com/general_image/egipratama/1771149872769_image_picker_003CB86F-A7C9-44BD-80C5-C849AF03735D-11295-0000095CD2A3E66D.jpg", "Kontributor": "Egi Pratama", "Latitude": -6.9500329039235282, "Longitude": 107.57590475907091, "Pengecekan": "Diterima", "Catatan Kesalahan": null, "ID Data": "69919a376686f5f3d213824e" }, "geometry": { "type": "Point", "coordinates": [ 107.575904759070909, -6.950032903923528 ] } },
{ "type": "Feature", "properties": { "Kategori Properti": "Rumah", "Jenis Properti": "Dijual", " Tanggal": "2026-02-15", "Alamat": "Jalan Margajaya Dalam I, Margahayu Utara, Babakan Ciparay, Kota Bandung, Indonesia", "Foto Tampak Depan": "https://mapidstorage.s3.ap-southeast-1.amazonaws.com/general_image/egipratama/1771149816482_image_picker_B577DB0F-54F0-4F87-BA6D-A9FB478F81AB-11295-0000095C82040116.jpg", "Foto Spanduk/Papan Promosi": "https://mapidstorage.s3.ap-southeast-1.amazonaws.com/general_image/egipratama/1771149823496_image_picker_3879F95D-466B-4D5A-A49F-CA2869FBD3CC-11295-0000095C8C127960.jpg", "Kontributor": "Egi Pratama", "Latitude": -6.9499184735397392, "Longitude": 107.57551064607895, "Pengecekan": "Diterima", "Catatan Kesalahan": null, "ID Data": "69919a05cfe49df5d1e595d6" }, "geometry": { "type": "Point", "coordinates": [ 107.575510646078953, -6.949918473539739 ] } },
{ "type": "Feature", "properties": { "Kategori Properti": "Tanah", "Jenis Properti": "Dijual", " Tanggal": "2026-02-15", "Alamat": "Jalan Margajaya IV, Margahayu Utara, Babakan Ciparay, Kota Bandung, Indonesia", "Foto Tampak Depan": "https://mapidstorage.s3.ap-southeast-1.amazonaws.com/general_image/egipratama/1771149586796_image_picker_B350CFA7-4CB5-41D5-B212-4DC6725EC705-11295-0000095B46A24F5C.jpg", "Foto Spanduk/Papan Promosi": "https://mapidstorage.s3.ap-southeast-1.amazonaws.com/general_image/egipratama/1771149594741_image_picker_F8BFD413-4CD6-4595-8A2A-6386015D6382-11295-0000095B52251BF6.jpg", "Kontributor": "Egi Pratama", "Latitude": -6.9483431967000087, "Longitude": 107.57451608409133, "Pengecekan": "Diterima", "Catatan Kesalahan": null, "ID Data": "69919925cfe49df5d1e59446" }, "geometry": { "type": "Point", "coordinates": [ 107.574516084091329, -6.948343196700009 ] } },
{ "type": "Feature", "properties": { "Kategori Properti": "Rumah", "Jenis Properti": "Disewa", " Tanggal": "2026-02-15", "Alamat": "Jalan Satria Raya, Margahayu Utara, Babakan Ciparay, Kota Bandung, Indonesia", "Foto Tampak Depan": "https://mapidstorage.s3.ap-southeast-1.amazonaws.com/general_image/egipratama/1771149517689_image_picker_7B812BCB-8C17-4128-8A9E-87810026FBCC-11295-0000095AE3FDE054.jpg", "Foto Spanduk/Papan Promosi": "https://mapidstorage.s3.ap-southeast-1.amazonaws.com/general_image/egipratama/1771149529467_image_picker_8E6A9C7A-762B-45CC-9910-CBD9ECD5331B-11295-0000095AF4E4954B.jpg", "Kontributor": "Egi Pratama", "Latitude": -6.9479741994533271, "Longitude": 107.5741197915695, "Pengecekan": "Diterima", "Catatan Kesalahan": null, "ID Data": "699198e4859dc930847a3dbf" }, "geometry": { "type": "Point", "coordinates": [ 107.574119791569501, -6.947974199453327 ] } },
{ "type": "Feature", "properties": { "Kategori Properti": "Ruko", "Jenis Properti": "Disewa", " Tanggal": "2026-02-15", "Alamat": "Jalan Pasir Impun, Kel. Karang Pamulang, Karangpamulang, Mandalajati, Kota Bandung, Indonesia", "Foto Tampak Depan": "https://mapidstorage.s3.ap-southeast-1.amazonaws.com/general_image/mamang_devops/1771147750137_scaled_bb0b9dd9-28f1-42e7-975e-42db3ab3df425794616589704355584.jpg", "Foto Spanduk/Papan Promosi": "https://mapidstorage.s3.ap-southeast-1.amazonaws.com/general_image/mamang_devops/1771147758956_scaled_ae84e03e-0edc-44f6-b582-f54173abc51a4963557330213745020.jpg", "Kontributor": "Firman MAPID TEAM", "Latitude": -6.8968289861801679, "Longitude": 107.67639883287751, "Pengecekan": "Diterima", "Catatan Kesalahan": null, "ID Data": "699191f083e59098f461c05e" }, "geometry": { "type": "Point", "coordinates": [ 107.67639883287751, -6.896828986180168 ] } },
{ "type": "Feature", "properties": { "Kategori Properti": "Tanah", "Jenis Properti": "Dijual", " Tanggal": "2026-02-15", "Alamat": "Jalan Pasir Impun, Kel. Karang Pamulang, Karangpamulang, Mandalajati, Kota Bandung, Indonesia", "Foto Tampak Depan": "https://mapidstorage.s3.ap-southeast-1.amazonaws.com/general_image/mamang_devops/1771147693531_scaled_597e49b4-c6f8-4ddc-9233-07111a50e9392402451751905116478.jpg", "Foto Spanduk/Papan Promosi": "https://mapidstorage.s3.ap-southeast-1.amazonaws.com/general_image/mamang_devops/1771147709473_scaled_b2afc9c2-f248-434b-96b2-23db906aa0358749250328123659729.jpg", "Kontributor": "Firman MAPID TEAM", "Latitude": -6.8968289861801679, "Longitude": 107.67639883287751, "Pengecekan": "Diterima", "Catatan Kesalahan": null, "ID Data": "699191c0cfe49df5d1e58870" }, "geometry": { "type": "Point", "coordinates": [ 107.67639883287751, -6.896828986180168 ] } },
{ "type": "Feature", "properties": { "Kategori Properti": "Ruko", "Jenis Properti": "Dijual", " Tanggal": "2026-02-15", "Alamat": "Jalan Panoramic Raya, Kel. Karang Pamulang, Karangpamulang, Mandalajati, Kota Bandung, Indonesia", "Foto Tampak Depan": "https://mapidstorage.s3.ap-southeast-1.amazonaws.com/general_image/mamang_devops/1771147590794_scaled_a641b728-f5a3-4fcf-b0a8-a9fd0592c0a74649432770138734392.jpg", "Foto Spanduk/Papan Promosi": "https://mapidstorage.s3.ap-southeast-1.amazonaws.com/general_image/mamang_devops/1771147600999_scaled_510d7ff4-9136-4b82-9479-c24d6c4309403185344337013121975.jpg", "Kontributor": "Firman MAPID TEAM", "Latitude": -6.8983572861856004, "Longitude": 107.67608713289593, "Pengecekan": "Diterima", "Catatan Kesalahan": null, "ID Data": "6991915b859dc930847a321b" }, "geometry": { "type": "Point", "coordinates": [ 107.67608713289593, -6.8983572861856 ] } },
{ "type": "Feature", "properties": { "Kategori Properti": "Ruko", "Jenis Properti": "Dijual", " Tanggal": "2026-02-15", "Alamat": "Jalan Abdul Haris Nasution 21, Kel. Sukamiskin, Sukamiskin, Arcamanik, Kota Bandung, Indonesia", "Foto Tampak Depan": "https://mapidstorage.s3.ap-southeast-1.amazonaws.com/general_image/mapid.database/1771166589628_img_%253_%25954c21f5-2abd-4737-9480-4ba411974607.png", "Foto Spanduk/Papan Promosi": "https://mapidstorage.s3.ap-southeast-1.amazonaws.com/general_image/mamang_devops/1771147133248_scaled_4dbd864d-d7b9-4549-aecb-a5e7131066f95194934431061882273.jpg", "Kontributor": "Firman MAPID TEAM", "Latitude": -6.9048222861728163, "Longitude": 107.67728883286134, "Pengecekan": "Diterima", "Catatan Kesalahan": null, "ID Data": "69918f7f859dc930847a3059" }, "geometry": { "type": "Point", "coordinates": [ 107.677288832861336, -6.904822286172816 ] } },
{ "type": "Feature", "properties": { "Kategori Properti": "Ruko", "Jenis Properti": "Dijual", " Tanggal": "2026-02-15", "Alamat": "Jalan Abdul Haris Nasution 21, Asrama Polisi Sukamiskin, Sukamiskin, Arcamanik, Kota Bandung, Indonesia", "Foto Tampak Depan": "https://mapidstorage.s3.ap-southeast-1.amazonaws.com/general_image/mamang_devops/1771147057843_scaled_8149178a-b095-4c9e-b993-b4914d36d1bd315411739162980135.jpg", "Foto Spanduk/Papan Promosi": "https://mapidstorage.s3.ap-southeast-1.amazonaws.com/general_image/mamang_devops/1771147061284_scaled_5a233688-f26b-4c5e-b54b-74d79d34840f8357157149415921964.jpg", "Kontributor": "Firman MAPID TEAM", "Latitude": -6.9047972861860814, "Longitude": 107.67721383288426, "Pengecekan": "Diterima", "Catatan Kesalahan": null, "ID Data": "69918f3e859dc930847a2ff3" }, "geometry": { "type": "Point", "coordinates": [ 107.677213832884263, -6.904797286186081 ] } },
{ "type": "Feature", "properties": { "Kategori Properti": "Rumah", "Jenis Properti": "Dijual", " Tanggal": "2026-02-15", "Alamat": "Jalan Batununggal Indah II, Batununggal Sentosa, Mengger, Bandung Kidul, Kota Bandung, Indonesia", "Foto Tampak Depan": "https://mapidstorage.s3.ap-southeast-1.amazonaws.com/general_image/dzikrinj/1771138697198_scaled_8c81e9f8-1874-428a-aac4-b5a29910717f1825092260578458215.jpg", "Foto Spanduk/Papan Promosi": "https://mapidstorage.s3.ap-southeast-1.amazonaws.com/general_image/dzikrinj/1771138733204_scaled_0b6cf3f5-fab9-4d60-93b8-002adb615a977191551009644777273.jpg", "Kontributor": "Dzikri N J", "Latitude": -6.9598871489650662, "Longitude": 107.62374193840424, "Pengecekan": "Diterima", "Catatan Kesalahan": null, "ID Data": "69916eaf6b17b9eae93f5884" }, "geometry": { "type": "Point", "coordinates": [ 107.623741938404237, -6.959887148965066 ] } },
{ "type": "Feature", "properties": { "Kategori Properti": "Rumah", "Jenis Properti": "Disewa", " Tanggal": "2026-02-15", "Alamat": "Jalan Batununggal Indah II, Batununggal Sentosa, Mengger, Bandung Kidul, Kota Bandung, Indonesia", "Foto Tampak Depan": "https://mapidstorage.s3.ap-southeast-1.amazonaws.com/general_image/dzikrinj/1771138608989_scaled_e152d2df-388d-47b8-8bf6-fd1e932a978b8689394772377346835.jpg", "Foto Spanduk/Papan Promosi": "https://mapidstorage.s3.ap-southeast-1.amazonaws.com/general_image/dzikrinj/1771138619202_scaled_ccc1f496-2704-416d-86d9-5665fbb660963750322030058202215.jpg", "Kontributor": "Dzikri N J", "Latitude": -6.9611357496819011, "Longitude": 107.62508016047639, "Pengecekan": "Diterima", "Catatan Kesalahan": null, "ID Data": "69916e3d6b17b9eae93f57f5" }, "geometry": { "type": "Point", "coordinates": [ 107.625080160476386, -6.961135749681901 ] } },
{ "type": "Feature", "properties": { "Kategori Properti": "Rumah", "Jenis Properti": "Dijual", " Tanggal": "2026-02-15", "Alamat": "Jalan Batununggal Indah II, Batununggal Sentosa, Mengger, Bandung Kidul, Kota Bandung, Indonesia", "Foto Tampak Depan": "https://mapidstorage.s3.ap-southeast-1.amazonaws.com/general_image/dzikrinj/1771138466777_scaled_847d9a1b-280f-4fe6-8cdb-49f69945e2cb5414753323720281570.jpg", "Foto Spanduk/Papan Promosi": "https://mapidstorage.s3.ap-southeast-1.amazonaws.com/general_image/dzikrinj/1771138516935_scaled_fffca3af-da9d-4b2a-80d5-70b868265432258522406830193775.jpg", "Kontributor": "Dzikri N J", "Latitude": -6.9611783659052264, "Longitude": 107.62583691114565, "Pengecekan": "Diterima", "Catatan Kesalahan": null, "ID Data": "69916ddb6b17b9eae93f5740" }, "geometry": { "type": "Point", "coordinates": [ 107.625836911145655, -6.961178365905226 ] } },
{ "type": "Feature", "properties": { "Kategori Properti": "Ruko", "Jenis Properti": "Disewa", " Tanggal": "2026-02-15", "Alamat": "Jalan Batununggal Indah I, Batununggal Lestari, Batununggal, Bandung Kidul, Kota Bandung, Indonesia", "Foto Tampak Depan": "https://mapidstorage.s3.ap-southeast-1.amazonaws.com/general_image/mapid.database/1771167116586_img_%256_%25728da180-63b8-4a58-b4c6-5b7e77f26ea5.png", "Foto Spanduk/Papan Promosi": "https://mapidstorage.s3.ap-southeast-1.amazonaws.com/general_image/dzikrinj/1771138239446_scaled_c3effce8-7576-4178-81cb-f79cefef15c96377113821395312076.jpg", "Kontributor": "Dzikri N J", "Latitude": -6.9524329226331503, "Longitude": 107.62716821550788, "Pengecekan": "Diterima", "Catatan Kesalahan": null, "ID Data": "69916cc26b17b9eae93f557e" }, "geometry": { "type": "Point", "coordinates": [ 107.627168215507879, -6.95243292263315 ] } },
{ "type": "Feature", "properties": { "Kategori Properti": "Ruko", "Jenis Properti": "Disewa", " Tanggal": "2026-02-15", "Alamat": "Jalan Batununggal Indah I, Batununggal Asih, Batununggal, Bandung Kidul, Kota Bandung, Indonesia", "Foto Tampak Depan": "https://mapidstorage.s3.ap-southeast-1.amazonaws.com/general_image/mapid.database/1771167167104_img_%257_%252ca3da0f-6d44-4a6f-b590-398efa423095.png", "Foto Spanduk/Papan Promosi": "https://mapidstorage.s3.ap-southeast-1.amazonaws.com/general_image/dzikrinj/1771138167433_scaled_5baf91cf-3ad0-4d5d-baf4-23d18c2f18023959398147619667712.jpg", "Kontributor": "Dzikri N J", "Latitude": -6.9521159475875294, "Longitude": 107.62699619323018, "Pengecekan": "Diterima", "Catatan Kesalahan": null, "ID Data": "69916c786b17b9eae93f54ac" }, "geometry": { "type": "Point", "coordinates": [ 107.626996193230184, -6.952115947587529 ] } },
{ "type": "Feature", "properties": { "Kategori Properti": "Tanah", "Jenis Properti": "Dijual", " Tanggal": "2026-02-15", "Alamat": "Jalan H. Ibrahim Adjie, Kebon Kangkung, Kebonkangkung, Kiaracondong, Kota Bandung, Indonesia", "Foto Tampak Depan": "https://mapidstorage.s3.ap-southeast-1.amazonaws.com/general_image/dzikrinj/1771137459914_scaled_6f3642fa-143b-47b9-a5d4-c2994b8d7ad56719927981097257114.jpg", "Foto Spanduk/Papan Promosi": "https://mapidstorage.s3.ap-southeast-1.amazonaws.com/general_image/dzikrinj/1771137466981_scaled_9748b839-69de-44e6-a3a2-d1be95e97416100908398424223305.jpg", "Kontributor": "Dzikri N J", "Latitude": -6.9448601999912825, "Longitude": 107.64202079996875, "Pengecekan": "Diterima", "Catatan Kesalahan": null, "ID Data": "699169bd6b17b9eae93f53b1" }, "geometry": { "type": "Point", "coordinates": [ 107.642020799968748, -6.944860199991282 ] } },
{ "type": "Feature", "properties": { "Kategori Properti": "Rumah", "Jenis Properti": "Dijual", " Tanggal": "2026-02-15", "Alamat": "Jalan Sulaksana Baru IV, Perumahan Daichi Antapani, Cicaheum, Kiaracondong, Kota Bandung, 402821, Indonesia", "Foto Tampak Depan": "https://mapidstorage.s3.ap-southeast-1.amazonaws.com/general_image/dzikrinj/1771136830838_scaled_e8e7fa7a-568a-48c4-9716-562138771d663236947598364103031.jpg", "Foto Spanduk/Papan Promosi": "https://mapidstorage.s3.ap-southeast-1.amazonaws.com/general_image/dzikrinj/1771136834605_scaled_d625ad6c-60a9-4b3e-937a-de78f539ee832456136147450661228.jpg", "Kontributor": "Dzikri N J", "Latitude": -6.9099802643394099, "Longitude": 107.64965185961802, "Pengecekan": "Diterima", "Catatan Kesalahan": null, "ID Data": "699167456b17b9eae93f52a5" }, "geometry": { "type": "Point", "coordinates": [ 107.649651859618018, -6.90998026433941 ] } },
{ "type": "Feature", "properties": { "Kategori Properti": "Ruko", "Jenis Properti": "Disewa", " Tanggal": "2026-02-15", "Alamat": "Jalan Jenderal Ahmad Yani 895b, Cicaheum, Kiaracondong, Kota Bandung, Indonesia", "Foto Tampak Depan": "https://mapidstorage.s3.ap-southeast-1.amazonaws.com/general_image/dzikrinj/1771136551386_scaled_dd268995-d284-44e6-89ee-81d7fdd238165739421954745549796.jpg", "Foto Spanduk/Papan Promosi": "https://mapidstorage.s3.ap-southeast-1.amazonaws.com/general_image/dzikrinj/1771136563745_scaled_e6e6c7a3-0d11-4ae3-ad92-afa1075628343736188323031669138.jpg", "Kontributor": "Dzikri N J", "Latitude": -6.9029159000335909, "Longitude": 107.65435010004524, "Pengecekan": "Diterima", "Catatan Kesalahan": null, "ID Data": "69916637c36f66675df81e4c" }, "geometry": { "type": "Point", "coordinates": [ 107.654350100045235, -6.902915900033591 ] } },
{ "type": "Feature", "properties": { "Kategori Properti": "Ruko", "Jenis Properti": "Disewa", " Tanggal": "2026-02-15", "Alamat": "Jalan Abdul Haris Nasution 21, Cicaheum, Kiaracondong, Kota Bandung, Indonesia", "Foto Tampak Depan": "https://mapidstorage.s3.ap-southeast-1.amazonaws.com/general_image/mapid.database/1771166939653_img_%255_%25341fe500-93fc-4e22-91f9-0b8006b47d07.png", "Foto Spanduk/Papan Promosi": "https://mapidstorage.s3.ap-southeast-1.amazonaws.com/general_image/dzikrinj/1771136477747_scaled_8fecce3e-420a-4ed3-bac4-32fc51b86afc1896792575342796477.jpg", "Kontributor": "Dzikri N J", "Latitude": -6.9022067896126487, "Longitude": 107.65577323429301, "Pengecekan": "Diterima", "Catatan Kesalahan": null, "ID Data": "699165e16b17b9eae93f50f9" }, "geometry": { "type": "Point", "coordinates": [ 107.655773234293008, -6.902206789612649 ] } },
{ "type": "Feature", "properties": { "Kategori Properti": "Tanah", "Jenis Properti": "Dijual", " Tanggal": "2026-02-15", "Alamat": "Jalan Abdul Haris Nasution 21, Antapani Wetan, Antapani, Kota Bandung, Indonesia", "Foto Tampak Depan": "https://mapidstorage.s3.ap-southeast-1.amazonaws.com/general_image/dzikrinj/1771136167323_scaled_061abfa0-94e1-43e8-a757-918e67f5203e5996484385504452911.jpg", "Foto Spanduk/Papan Promosi": "https://mapidstorage.s3.ap-southeast-1.amazonaws.com/general_image/mapid.database/1771166850931_img_%254_%25304d28fd-b119-4599-a443-ef0d71a1483b.png", "Kontributor": "Dzikri N J", "Latitude": -6.9039816984018216, "Longitude": 107.66512144669446, "Pengecekan": "Diterima", "Catatan Kesalahan": null, "ID Data": "699164c26b17b9eae93f4f0a" }, "geometry": { "type": "Point", "coordinates": [ 107.665121446694457, -6.903981698401822 ] } },
{ "type": "Feature", "properties": { "Kategori Properti": "Rumah", "Jenis Properti": "Dijual", " Tanggal": "2026-02-15", "Alamat": "Jalan Kecubung, Cijagra, Lengkong, Kota Bandung, Indonesia", "Foto Tampak Depan": "https://mapidstorage.s3.ap-southeast-1.amazonaws.com/general_image/reza.fadilla/1771133930173_scaled_1000306389.jpg", "Foto Spanduk/Papan Promosi": "https://mapidstorage.s3.ap-southeast-1.amazonaws.com/general_image/reza.fadilla/1771133937402_scaled_1000306388.jpg", "Kontributor": "Reza Fadilla Rahman", "Latitude": -6.9391523586348995, "Longitude": 107.62338660001194, "Pengecekan": "Diterima", "Catatan Kesalahan": null, "ID Data": "69915bf4c36f66675df81923" }, "geometry": { "type": "Point", "coordinates": [ 107.623386600011941, -6.9391523586349 ] } },
{ "type": "Feature", "properties": { "Kategori Properti": "Rumah", "Jenis Properti": "Dijual", " Tanggal": "2026-02-15", "Alamat": "Jalan Kecubung, Cijagra, Lengkong, Kota Bandung, Indonesia", "Foto Tampak Depan": "https://mapidstorage.s3.ap-southeast-1.amazonaws.com/general_image/reza.fadilla/1771133754502_scaled_1000306381.jpg", "Foto Spanduk/Papan Promosi": "https://mapidstorage.s3.ap-southeast-1.amazonaws.com/general_image/reza.fadilla/1771133761597_scaled_1000306382.jpg", "Kontributor": "Reza Fadilla Rahman", "Latitude": -6.939084248296453, "Longitude": 107.62356556294867, "Pengecekan": "Diterima", "Catatan Kesalahan": null, "ID Data": "69915b446b17b9eae93f4bf4" }, "geometry": { "type": "Point", "coordinates": [ 107.62356556294867, -6.939084248296453 ] } },
{ "type": "Feature", "properties": { "Kategori Properti": "Tanah", "Jenis Properti": "Dijual", " Tanggal": "2026-02-15", "Alamat": "Sadang Buntu, Rahayu, Margasuka, Babakan Ciparay, Kota Bandung, Indonesia", "Foto Tampak Depan": "https://mapidstorage.s3.ap-southeast-1.amazonaws.com/general_image/egipratama/1771127865359_image_picker_8BAFCCA4-CD99-4B02-A2F0-AF94D8220922-7306-0000090568278EB8.jpg", "Foto Spanduk/Papan Promosi": "https://mapidstorage.s3.ap-southeast-1.amazonaws.com/general_image/egipratama/1771127875540_image_picker_D1E3E2C6-ECEC-415B-B46D-6899BBBCE477-7306-0000090576EBF543.jpg", "Kontributor": "Egi Pratama", "Latitude": -6.9515681369125275, "Longitude": 107.56830288390375, "Pengecekan": "Diterima", "Catatan Kesalahan": null, "ID Data": "69914444f88f69d83702a201" }, "geometry": { "type": "Point", "coordinates": [ 107.568302883903755, -6.951568136912528 ] } },
{ "type": "Feature", "properties": { "Kategori Properti": "Rumah", "Jenis Properti": "Dijual", " Tanggal": "2026-02-15", "Alamat": "Sadang Buntu, Rahayu, Margasuka, Babakan Ciparay, Kota Bandung, Indonesia", "Foto Tampak Depan": "https://mapidstorage.s3.ap-southeast-1.amazonaws.com/general_image/egipratama/1771127805262_image_picker_3DF8F15C-46DC-4444-ABCB-08E361B76EF0-7306-00000905123050B7.jpg", "Foto Spanduk/Papan Promosi": "https://mapidstorage.s3.ap-southeast-1.amazonaws.com/general_image/egipratama/1771127828118_image_picker_AC9F03D7-659A-43CF-BDD6-543F84DDC04A-7306-000009053276B57D.jpg", "Kontributor": "Egi Pratama", "Latitude": -6.9516345496705014, "Longitude": 107.56831768565155, "Pengecekan": "Diterima", "Catatan Kesalahan": null, "ID Data": "69914415f88f69d83702a190" }, "geometry": { "type": "Point", "coordinates": [ 107.56831768565155, -6.951634549670501 ] } },
{ "type": "Feature", "properties": { "Kategori Properti": "Rumah", "Jenis Properti": "Dijual", " Tanggal": "2026-02-15", "Alamat": "Sadang Buntu, Rahayu, Margasuka, Babakan Ciparay, Kota Bandung, Indonesia", "Foto Tampak Depan": "https://mapidstorage.s3.ap-southeast-1.amazonaws.com/general_image/egipratama/1771127739331_image_picker_1328DB59-96F6-407F-AE4A-0EE600157366-7306-00000904CB714941.jpg", "Foto Spanduk/Papan Promosi": "https://mapidstorage.s3.ap-southeast-1.amazonaws.com/general_image/egipratama/1771127745688_image_picker_E8F5731F-6D5B-4C8A-BE5C-AFFFC1286AD5-7306-00000904D4D221D8.jpg", "Kontributor": "Egi Pratama", "Latitude": -6.9528179305848425, "Longitude": 107.56815315190369, "Pengecekan": "Diterima", "Catatan Kesalahan": null, "ID Data": "699143c3f88f69d83702a0d1" }, "geometry": { "type": "Point", "coordinates": [ 107.568153151903687, -6.952817930584843 ] } },
{ "type": "Feature", "properties": { "Kategori Properti": "Rumah", "Jenis Properti": "Dijual", " Tanggal": "2026-02-15", "Alamat": "Sadang Buntu, Rahayu, Margasuka, Babakan Ciparay, Kota Bandung, Indonesia", "Foto Tampak Depan": "https://mapidstorage.s3.ap-southeast-1.amazonaws.com/general_image/egipratama/1771127685655_image_picker_9F705325-DA1F-478E-A0E9-6307FEF6489F-7306-000009047EAFDA1A.jpg", "Foto Spanduk/Papan Promosi": "https://mapidstorage.s3.ap-southeast-1.amazonaws.com/general_image/egipratama/1771127691270_image_picker_573AF21D-E4AF-4E79-8EA5-B2FEFDBF4050-7306-0000090486FCA897.jpg", "Kontributor": "Egi Pratama", "Latitude": -6.9529576599099983, "Longitude": 107.56827534180456, "Pengecekan": "Diterima", "Catatan Kesalahan": null, "ID Data": "6991438cf88f69d83702a061" }, "geometry": { "type": "Point", "coordinates": [ 107.568275341804565, -6.952957659909998 ] } },
{ "type": "Feature", "properties": { "Kategori Properti": "Ruko", "Jenis Properti": "Disewa", " Tanggal": "2026-02-15", "Alamat": "Jl. BKR No.15 D-E, Cijagra, Kec. Lengkong, Kota Bandung, Jawa Barat\\", "Foto Tampak Depan": "https://mapidstorage.s3.ap-southeast-1.amazonaws.com/general_image/reza.fadilla/1771125804674_scaled_1000306339.jpg", "Foto Spanduk/Papan Promosi": "https://mapidstorage.s3.ap-southeast-1.amazonaws.com/general_image/reza.fadilla/1771125813623_scaled_1000306340.jpg", "Kontributor": "Reza Fadilla Rahman", "Latitude": -6.9379172701707006, "Longitude": 107.62109354934148, "Pengecekan": "Diterima", "Catatan Kesalahan": null, "ID Data": "69913c386b17b9eae93f4ac7" }, "geometry": { "type": "Point", "coordinates": [ 107.621093549341481, -6.937917270170701 ] } },
{ "type": "Feature", "properties": { "Kategori Properti": "Kantor", "Jenis Properti": "Disewa", " Tanggal": "2026-02-15", "Alamat": "Jalan Cibolerang, Rahayu, Margasuka, Babakan Ciparay, Kota Bandung, Indonesia", "Foto Tampak Depan": "https://mapidstorage.s3.ap-southeast-1.amazonaws.com/general_image/mapid.database/1771166267783_img_%251771125782503_image_picker_AD59B587-60C8-4EE7-9026-328AC2843819-7306-00000902676D3239.jpg_%25a9a10f62-7149-44b8-a9b1-e55aa10a9dd7.jpeg", "Foto Spanduk/Papan Promosi": "https://mapidstorage.s3.ap-southeast-1.amazonaws.com/general_image/egipratama/1771125797946_image_picker_42BC9C7E-79EB-4FA3-BD66-74A652D03C66-7306-000009027D589763.jpg", "Kontributor": "Egi Pratama", "Latitude": -6.9498983393768015, "Longitude": 107.56940372366472, "Pengecekan": "Diterima", "Catatan Kesalahan": null, "ID Data": "69913c27f88f69d837029b73" }, "geometry": { "type": "Point", "coordinates": [ 107.56940372366472, -6.949898339376801 ] } },
{ "type": "Feature", "properties": { "Kategori Properti": "Rumah", "Jenis Properti": "Disewa", " Tanggal": "2026-02-15", "Alamat": "Cijagra, Kota Bandung", "Foto Tampak Depan": "https://mapidstorage.s3.ap-southeast-1.amazonaws.com/general_image/reza.fadilla/1771125637310_scaled_1000306335.jpg", "Foto Spanduk/Papan Promosi": "https://mapidstorage.s3.ap-southeast-1.amazonaws.com/general_image/reza.fadilla/1771125645304_scaled_1000306336.jpg", "Kontributor": "Reza Fadilla Rahman", "Latitude": -6.9377579583664613, "Longitude": 107.62104695601613, "Pengecekan": "Diterima", "Catatan Kesalahan": null, "ID Data": "69913b8fc36f66675df81777" }, "geometry": { "type": "Point", "coordinates": [ 107.62104695601613, -6.937757958366461 ] } },
{ "type": "Feature", "properties": { "Kategori Properti": "Tanah", "Jenis Properti": "Dijual", " Tanggal": "2026-02-15", "Alamat": "Jalan Cibolerang, Rahayu, Margasuka, Babakan Ciparay, Kota Bandung, Indonesia", "Foto Tampak Depan": "https://mapidstorage.s3.ap-southeast-1.amazonaws.com/general_image/egipratama/1771125630583_image_picker_34F751AA-14F8-4CC3-99AA-0492C1163F73-7306-00000901C7CA3390.jpg", "Foto Spanduk/Papan Promosi": "https://mapidstorage.s3.ap-southeast-1.amazonaws.com/general_image/egipratama/1771125644472_image_picker_75A579EE-8CD0-4E57-96FA-0BFE6C694AF7-7306-00000901DC0541A2.jpg", "Kontributor": "Egi Pratama", "Latitude": -6.9499689455057876, "Longitude": 107.57106422035059, "Pengecekan": "Diterima", "Catatan Kesalahan": null, "ID Data": "69913b8f36c7f684a1202f53" }, "geometry": { "type": "Point", "coordinates": [ 107.571064220350593, -6.949968945505788 ] } },
{ "type": "Feature", "properties": { "Kategori Properti": "Gudang", "Jenis Properti": "Disewa", " Tanggal": "2026-02-15", "Alamat": "Jalan Cibolerang, Margasuka, Babakan Ciparay, Kota Bandung, Indonesia", "Foto Tampak Depan": "https://mapidstorage.s3.ap-southeast-1.amazonaws.com/general_image/egipratama/1771125559334_image_picker_A4B4FD6D-481B-4B50-A2FD-E4ED68B33A09-7306-000009016DDF4A90.jpg", "Foto Spanduk/Papan Promosi": "https://mapidstorage.s3.ap-southeast-1.amazonaws.com/general_image/egipratama/1771125567837_image_picker_23081D4F-E3D1-4E38-957A-C695B5F78AD4-7306-000009017A1E4DFB.jpg", "Kontributor": "Egi Pratama", "Latitude": -6.9501276035897774, "Longitude": 107.57165334045845, "Pengecekan": "Diterima", "Catatan Kesalahan": null, "ID Data": "69913b4237bf1ca60e0b00a4" }, "geometry": { "type": "Point", "coordinates": [ 107.571653340458454, -6.950127603589777 ] } },
{ "type": "Feature", "properties": { "Kategori Properti": "Kantor", "Jenis Properti": "Disewa", " Tanggal": "2026-02-15", "Alamat": "Cijagra, Kota Bandung", "Foto Tampak Depan": "https://mapidstorage.s3.ap-southeast-1.amazonaws.com/general_image/reza.fadilla/1771125528736_scaled_1000306331.jpg", "Foto Spanduk/Papan Promosi": "https://mapidstorage.s3.ap-southeast-1.amazonaws.com/general_image/reza.fadilla/1771125536600_scaled_1000306332.jpg", "Kontributor": "Reza Fadilla Rahman", "Latitude": -6.9377708586277151, "Longitude": 107.62098249998138, "Pengecekan": "Diterima", "Catatan Kesalahan": null, "ID Data": "69913b22c36f66675df81731" }, "geometry": { "type": "Point", "coordinates": [ 107.62098249998138, -6.937770858627715 ] } },
{ "type": "Feature", "properties": { "Kategori Properti": "Ruko", "Jenis Properti": "Disewa", " Tanggal": "2026-02-15", "Alamat": "Jalan Cibolerang, Margahayu Utara, Babakan Ciparay, Kota Bandung, Indonesia", "Foto Tampak Depan": "https://mapidstorage.s3.ap-southeast-1.amazonaws.com/general_image/egipratama/1771125482433_image_picker_D33AB589-6762-4E57-8BF4-CC8E279C45BA-7306-000009012073D188.jpg", "Foto Spanduk/Papan Promosi": "https://mapidstorage.s3.ap-southeast-1.amazonaws.com/general_image/egipratama/1771125489883_image_picker_66A35E71-8132-480C-AACA-A313BE715FBE-7306-000009012B3F644C.jpg", "Kontributor": "Egi Pratama", "Latitude": -6.9502636955801762, "Longitude": 107.57255588548253, "Pengecekan": "Diterima", "Catatan Kesalahan": null, "ID Data": "69913af337bf1ca60e0affe0" }, "geometry": { "type": "Point", "coordinates": [ 107.572555885482529, -6.950263695580176 ] } },
{ "type": "Feature", "properties": { "Kategori Properti": "Rumah", "Jenis Properti": "Dijual", " Tanggal": "2026-02-15", "Alamat": "Jalan Cibolerang, Margasuka, Babakan Ciparay, Kota Bandung, Indonesia", "Foto Tampak Depan": "https://mapidstorage.s3.ap-southeast-1.amazonaws.com/general_image/egipratama/1771125402231_image_picker_1D950AED-3A0E-46C2-ABE1-8F953B8F15DC-7306-00000900AF3DFED8.jpg", "Foto Spanduk/Papan Promosi": "https://mapidstorage.s3.ap-southeast-1.amazonaws.com/general_image/egipratama/1771125422885_image_picker_5DDDC1F5-815E-4249-85A4-AE8AAAAC11AD-7306-00000900CCF59FB9.jpg", "Kontributor": "Egi Pratama", "Latitude": -6.9504945957710618, "Longitude": 107.57316844554788, "Pengecekan": "Diterima", "Catatan Kesalahan": null, "ID Data": "69913ab0f88f69d83702980d" }, "geometry": { "type": "Point", "coordinates": [ 107.573168445547878, -6.950494595771062 ] } },
{ "type": "Feature", "properties": { "Kategori Properti": "Ruko", "Jenis Properti": "Dijual", " Tanggal": "2026-02-15", "Alamat": "Pasirluyu, Regol, Kota Bandung", "Foto Tampak Depan": "https://mapidstorage.s3.ap-southeast-1.amazonaws.com/general_image/mapid.database/1771166035555_img_%25ruko_%2551d07194-0bf1-49e5-9098-2f820ec6b59e.png", "Foto Spanduk/Papan Promosi": "https://mapidstorage.s3.ap-southeast-1.amazonaws.com/general_image/reza.fadilla/1771125326120_scaled_1000306328.jpg", "Kontributor": "Reza Fadilla Rahman", "Latitude": -6.938037823969708, "Longitude": 107.61994111500479, "Pengecekan": "Diterima", "Catatan Kesalahan": null, "ID Data": "69913a51c36f66675df816c1" }, "geometry": { "type": "Point", "coordinates": [ 107.619941115004792, -6.938037823969708 ] } },
{ "type": "Feature", "properties": { "Kategori Properti": "Kantor", "Jenis Properti": "Disewa", " Tanggal": "2026-02-15", "Alamat": "Pasirluyu, Regol, Kota Bandung", "Foto Tampak Depan": "https://mapidstorage.s3.ap-southeast-1.amazonaws.com/general_image/reza.fadilla/1771125095930_scaled_1000306323.jpg", "Foto Spanduk/Papan Promosi": "https://mapidstorage.s3.ap-southeast-1.amazonaws.com/general_image/reza.fadilla/1771125103935_scaled_1000306324.jpg", "Kontributor": "Reza Fadilla Rahman", "Latitude": -6.9380603586980669, "Longitude": 107.61897590005714, "Pengecekan": "Diterima", "Catatan Kesalahan": null, "ID Data": "69913973c36f66675df81654" }, "geometry": { "type": "Point", "coordinates": [ 107.618975900057137, -6.938060358698067 ] } },
{ "type": "Feature", "properties": { "Kategori Properti": "Rumah", "Jenis Properti": "Dijual", " Tanggal": "2026-02-15", "Alamat": "Jalan Cibolerang, Margahayu Utara, Babakan Ciparay, Kota Bandung, Indonesia", "Foto Tampak Depan": "https://mapidstorage.s3.ap-southeast-1.amazonaws.com/general_image/egipratama/1771125048761_image_picker_20405713-2807-41BA-A5D7-5AA539850CD8-7306-000008FF76CD3F2F.jpg", "Foto Spanduk/Papan Promosi": "https://mapidstorage.s3.ap-southeast-1.amazonaws.com/general_image/egipratama/1771125058918_image_picker_3B6986D2-78F4-45EF-8A3B-09624ECD90CB-7306-000008FF874550FC.jpg", "Kontributor": "Egi Pratama", "Latitude": -6.9502244889613962, "Longitude": 107.57234877915738, "Pengecekan": "Diterima", "Catatan Kesalahan": null, "ID Data": "6991394bf88f69d837029757" }, "geometry": { "type": "Point", "coordinates": [ 107.57234877915738, -6.950224488961396 ] } },
{ "type": "Feature", "properties": { "Kategori Properti": "Kantor", "Jenis Properti": "Dijual", " Tanggal": "2026-02-15", "Alamat": "Jl. BKR 22, Ciateul Regol Pasirluyu Bandung Kota Bandung Jawa Barat, Pasirluyu, Regol, Kota Bandung, Indonesia", "Foto Tampak Depan": "https://mapidstorage.s3.ap-southeast-1.amazonaws.com/general_image/reza.fadilla/1771124897915_scaled_1000306319.jpg", "Foto Spanduk/Papan Promosi": "https://mapidstorage.s3.ap-southeast-1.amazonaws.com/general_image/reza.fadilla/1771124905426_scaled_1000306320.jpg", "Kontributor": "Reza Fadilla Rahman", "Latitude": -6.9379384586389961, "Longitude": 107.61949190002605, "Pengecekan": "Diterima", "Catatan Kesalahan": null, "ID Data": "699138acc36f66675df815d3" }, "geometry": { "type": "Point", "coordinates": [ 107.619491900026048, -6.937938458638996 ] } },
{ "type": "Feature", "properties": { "Kategori Properti": "Ruko", "Jenis Properti": "Disewa", " Tanggal": "2026-02-15", "Alamat": "Jl. BKR no. 56 Kota Bandung", "Foto Tampak Depan": "https://mapidstorage.s3.ap-southeast-1.amazonaws.com/general_image/reza.fadilla/1771123293994_scaled_1000306315.jpg", "Foto Spanduk/Papan Promosi": "https://mapidstorage.s3.ap-southeast-1.amazonaws.com/general_image/reza.fadilla/1771123303480_scaled_1000306316.jpg", "Kontributor": "Reza Fadilla Rahman", "Latitude": -6.9382618043785271, "Longitude": 107.61900685815942, "Pengecekan": "Diterima", "Catatan Kesalahan": null, "ID Data": "699132956b17b9eae93f48d9" }, "geometry": { "type": "Point", "coordinates": [ 107.619006858159423, -6.938261804378527 ] } },
{ "type": "Feature", "properties": { "Kategori Properti": "Ruko", "Jenis Properti": "Disewa", " Tanggal": "2026-02-15", "Alamat": "Jl BKR No 375 Kota Bandung", "Foto Tampak Depan": "https://mapidstorage.s3.ap-southeast-1.amazonaws.com/general_image/reza.fadilla/1771122914653_scaled_1000306307.jpg", "Foto Spanduk/Papan Promosi": "https://mapidstorage.s3.ap-southeast-1.amazonaws.com/general_image/reza.fadilla/1771122923706_scaled_1000306308.jpg", "Kontributor": "Reza Fadilla Rahman", "Latitude": -6.9381950586285228, "Longitude": 107.62015989999895, "Pengecekan": "Diterima", "Catatan Kesalahan": null, "ID Data": "699130f0c36f66675df814c9" }, "geometry": { "type": "Point", "coordinates": [ 107.620159899998953, -6.938195058628523 ] } },
{ "type": "Feature", "properties": { "Kategori Properti": "Retail (toko baju, peralatan olahraga, toko elektronik, dll)", "Jenis Properti": "Disewa", " Tanggal": "2026-02-15", "Alamat": "Jalan Arcamanik Endah, Kota Bandung, Indonesia", "Foto Tampak Depan": "https://mapidstorage.s3.ap-southeast-1.amazonaws.com/general_image/mamang_devops/1771121156137_scaled_6e025e2c-3578-4322-a1d3-2ed4623b25dd702429461430650698.jpg", "Foto Spanduk/Papan Promosi": "https://mapidstorage.s3.ap-southeast-1.amazonaws.com/general_image/mamang_devops/1771121161681_scaled_eae9d063-9741-4652-ac65-c89a221478d78956930917745032270.jpg", "Kontributor": "Firman MAPID TEAM", "Latitude": -6.9187322861989315, "Longitude": 107.67434383289873, "Pengecekan": "Diterima", "Catatan Kesalahan": null, "ID Data": "69912a0b36c7f684a1202a7b" }, "geometry": { "type": "Point", "coordinates": [ 107.674343832898728, -6.918732286198932 ] } },
{ "type": "Feature", "properties": { "Kategori Properti": "Rumah", "Jenis Properti": "Dijual", " Tanggal": "2026-02-15", "Alamat": "Jalan Arcamanik Endah, Sukamiskin, Bandung, Indonesia", "Foto Tampak Depan": "https://mapidstorage.s3.ap-southeast-1.amazonaws.com/general_image/mamang_devops/1771120941707_scaled_997d1bf0-fbea-426f-b2cf-7ac5ad57ee577097505981388442859.jpg", "Foto Spanduk/Papan Promosi": "https://mapidstorage.s3.ap-southeast-1.amazonaws.com/general_image/mamang_devops/1771120932245_scaled_95d72760-f683-4abc-8c26-40489a98cc098576735020594398429.jpg", "Kontributor": "Firman MAPID TEAM", "Latitude": -6.9202261052843994, "Longitude": 107.67252261260609, "Pengecekan": "Diterima", "Catatan Kesalahan": null, "ID Data": "69912930f88f69d8370294f7" }, "geometry": { "type": "Point", "coordinates": [ 107.672522612606087, -6.920226105284399 ] } },
{ "type": "Feature", "properties": { "Kategori Properti": "Tanah", "Jenis Properti": "Dijual", " Tanggal": "2026-02-15", "Alamat": "Jalan Umar Bin Khattab 59, Summarecon Flora, Rancanumpang, Gedebage, Kota Bandung, Indonesia", "Foto Tampak Depan": "https://mapidstorage.s3.ap-southeast-1.amazonaws.com/general_image/dwidwi/1771120819241_scaled_1000092998.jpg", "Foto Spanduk/Papan Promosi": "https://mapidstorage.s3.ap-southeast-1.amazonaws.com/general_image/dwidwi/1771120828468_scaled_1000092999.jpg", "Kontributor": "Dwi Dwi", "Latitude": -6.9561067449044742, "Longitude": 107.70783450002494, "Pengecekan": "Diterima", "Catatan Kesalahan": null, "ID Data": "699128bd36c7f684a12029d5" }, "geometry": { "type": "Point", "coordinates": [ 107.707834500024944, -6.956106744904474 ] } },
{ "type": "Feature", "properties": { "Kategori Properti": "Rumah", "Jenis Properti": "Dijual", " Tanggal": "2026-02-15", "Alamat": "Jalan Cikajang Raya, Cisaranten Endah, Kota Bandung, Indonesia", "Foto Tampak Depan": "https://mapidstorage.s3.ap-southeast-1.amazonaws.com/general_image/mamang_devops/1771120623941_scaled_278aad20-c39d-48da-954d-1fa621f6bad8439900684956197670.jpg", "Foto Spanduk/Papan Promosi": "https://mapidstorage.s3.ap-southeast-1.amazonaws.com/general_image/mamang_devops/1771120631581_scaled_c9d190a2-f498-4945-b30b-6c20013759e31939136859330393645.jpg", "Kontributor": "Firman MAPID TEAM", "Latitude": -6.926250715670534, "Longitude": 107.67029501522285, "Pengecekan": "Diterima", "Catatan Kesalahan": null, "ID Data": "699127f936c7f684a12029a4" }, "geometry": { "type": "Point", "coordinates": [ 107.670295015222848, -6.926250715670534 ] } },
{ "type": "Feature", "properties": { "Kategori Properti": "Tanah", "Jenis Properti": "Dijual", " Tanggal": "2026-02-15", "Alamat": "Gang Madyunus, Kel. Cisaranten Endah, Cisaranten Endah, Arcamanik, Kota Bandung, Indonesia", "Foto Tampak Depan": "https://mapidstorage.s3.ap-southeast-1.amazonaws.com/general_image/mamang_devops/1771120386061_scaled_60c0e08b-07e6-453d-b63f-6f59c174c86b5218796425443842050.jpg", "Foto Spanduk/Papan Promosi": "https://mapidstorage.s3.ap-southeast-1.amazonaws.com/general_image/mamang_devops/1771120374699_scaled_32a57683-b353-44b8-a111-92c05c52947a1937462297795203580.jpg", "Kontributor": "Firman MAPID TEAM", "Latitude": -6.9268952320618524, "Longitude": 107.66891957328892, "Pengecekan": "Diterima", "Catatan Kesalahan": null, "ID Data": "6991270437bf1ca60e0afb27" }, "geometry": { "type": "Point", "coordinates": [ 107.668919573288917, -6.926895232061852 ] } },
{ "type": "Feature", "properties": { "Kategori Properti": "Ruko", "Jenis Properti": "Dijual", " Tanggal": "2026-02-15", "Alamat": "Jalan Parakan Saat, Kel. Cisaranten Endah, Cisaranten Endah, Antapani, Kota Bandung, Indonesia", "Foto Tampak Depan": "https://mapidstorage.s3.ap-southeast-1.amazonaws.com/general_image/mamang_devops/1771120222713_scaled_bde171cf-2d95-4cf1-85ca-0c6ba3457fd22562418000136057823.jpg", "Foto Spanduk/Papan Promosi": "https://mapidstorage.s3.ap-southeast-1.amazonaws.com/general_image/mamang_devops/1771120200328_scaled_563c6716-b73e-4944-b700-516ff3f396e15150940171069995224.jpg", "Kontributor": "Firman MAPID TEAM", "Latitude": -6.9272608475311728, "Longitude": 107.66803743870156, "Pengecekan": "Diterima", "Catatan Kesalahan": null, "ID Data": "69912661f88f69d8370293dd" }, "geometry": { "type": "Point", "coordinates": [ 107.66803743870156, -6.927260847531173 ] } },
{ "type": "Feature", "properties": { "Kategori Properti": "Ruko", "Jenis Properti": "Dijual", " Tanggal": "2026-02-15", "Alamat": "Jalan Parakan Saat, Kel. Cisaranten Endah, Cisaranten Endah, Antapani, Kota Bandung, Indonesia", "Foto Tampak Depan": "https://mapidstorage.s3.ap-southeast-1.amazonaws.com/general_image/mamang_devops/1771120161020_scaled_26653d11-eb6e-478b-921e-f2fa800e444d2876757024612839808.jpg", "Foto Spanduk/Papan Promosi": "https://mapidstorage.s3.ap-southeast-1.amazonaws.com/general_image/mamang_devops/1771120169477_scaled_bdb34178-85d5-4e6d-bbb7-a778ae77f1dc6388315233076992032.jpg", "Kontributor": "Firman MAPID TEAM", "Latitude": -6.9272608475311728, "Longitude": 107.66803743870156, "Pengecekan": "Diterima", "Catatan Kesalahan": null, "ID Data": "6991262c37bf1ca60e0afaa0" }, "geometry": { "type": "Point", "coordinates": [ 107.66803743870156, -6.927260847531173 ] } },
{ "type": "Feature", "properties": { "Kategori Properti": "Ruko", "Jenis Properti": "Dijual", " Tanggal": "2026-02-15", "Alamat": "Crystal Commercial 23, Summarecon Bandung, Gedebage, Kota Bandung, Indonesia", "Foto Tampak Depan": "https://mapidstorage.s3.ap-southeast-1.amazonaws.com/general_image/dwidwi/1771120034252_scaled_1000092993.jpg", "Foto Spanduk/Papan Promosi": "https://mapidstorage.s3.ap-southeast-1.amazonaws.com/general_image/dwidwi/1771120040017_scaled_1000092994.jpg", "Kontributor": "Dwi Dwi", "Latitude": -6.9601772448954478, "Longitude": 107.70165090000825, "Pengecekan": "Diterima", "Catatan Kesalahan": null, "ID Data": "699125a9f88f69d837029322" }, "geometry": { "type": "Point", "coordinates": [ 107.701650900008246, -6.960177244895448 ] } },
{ "type": "Feature", "properties": { "Kategori Properti": "Ruko", "Jenis Properti": "Dijual", " Tanggal": "2026-02-15", "Alamat": "Jalan Parakan Saat, Kel. Antapani Tengah, Antapani Tengah, Antapani, Kota Bandung, Indonesia", "Foto Tampak Depan": "https://mapidstorage.s3.ap-southeast-1.amazonaws.com/general_image/mamang_devops/1771120003202_scaled_0017cb7c-a3c2-44f0-8749-a9e5dbeb1bab1360342134813574460.jpg", "Foto Spanduk/Papan Promosi": "https://mapidstorage.s3.ap-southeast-1.amazonaws.com/general_image/mamang_devops/1771120013644_scaled_685e6aa1-053d-48c6-a491-23096547f1bf7535456517273721384.jpg", "Kontributor": "Firman MAPID TEAM", "Latitude": -6.9276255221902545, "Longitude": 107.6662148988915, "Pengecekan": "Diterima", "Catatan Kesalahan": null, "ID Data": "6991259137bf1ca60e0af9f5" }, "geometry": { "type": "Point", "coordinates": [ 107.666214898891496, -6.927625522190255 ] } },
{ "type": "Feature", "properties": { "Kategori Properti": "Ruko", "Jenis Properti": "Disewa", " Tanggal": "2026-02-15", "Alamat": "Jalan Parakan Saat, Kel. Antapani Tengah, Antapani Tengah, Antapani, Kota Bandung, Indonesia", "Foto Tampak Depan": "https://mapidstorage.s3.ap-southeast-1.amazonaws.com/general_image/mamang_devops/1771119866243_scaled_14c7187e-bd8f-417d-9a6c-19a98ba2d9406498190835364014370.jpg", "Foto Spanduk/Papan Promosi": "https://mapidstorage.s3.ap-southeast-1.amazonaws.com/general_image/mamang_devops/1771119875037_scaled_5f9cddd1-d2d5-4bf6-96e8-f76d000557cd8428384357546473062.jpg", "Kontributor": "Firman MAPID TEAM", "Latitude": -6.927739961971966, "Longitude": 107.66510250289053, "Pengecekan": "Diterima", "Catatan Kesalahan": null, "ID Data": "6991250537bf1ca60e0af98c" }, "geometry": { "type": "Point", "coordinates": [ 107.665102502890534, -6.927739961971966 ] } },
{ "type": "Feature", "properties": { "Kategori Properti": "Ruko", "Jenis Properti": "Disewa", " Tanggal": "2026-02-15", "Alamat": "Topaz Commercial, Summarecon Bandung, Gedebage, Kota Bandung, Indonesia", "Foto Tampak Depan": "https://mapidstorage.s3.ap-southeast-1.amazonaws.com/general_image/dwidwi/1771119722812_scaled_1000092992.jpg", "Foto Spanduk/Papan Promosi": "https://mapidstorage.s3.ap-southeast-1.amazonaws.com/general_image/dwidwi/1771119726967_scaled_1000092990.jpg", "Kontributor": "Dwi Dwi", "Latitude": -6.9598427449103468, "Longitude": 107.69812850002012, "Pengecekan": "Diterima", "Catatan Kesalahan": null, "ID Data": "6991247036c7f684a1202774" }, "geometry": { "type": "Point", "coordinates": [ 107.698128500020118, -6.959842744910347 ] } },
{ "type": "Feature", "properties": { "Kategori Properti": "Retail (toko baju, peralatan olahraga, toko elektronik, dll)", "Jenis Properti": "Dijual", " Tanggal": "2026-02-15", "Alamat": "Jalan Cibodas Raya, Antapani Tengah, Antapani, Kota Bandung, Indonesia", "Foto Tampak Depan": "https://mapidstorage.s3.ap-southeast-1.amazonaws.com/general_image/mamang_devops/1771119643158_scaled_d92c0b9a-8675-41d6-81d3-8b00809adce54300972729117564667.jpg", "Foto Spanduk/Papan Promosi": "https://mapidstorage.s3.ap-southeast-1.amazonaws.com/general_image/mamang_devops/1771119650234_scaled_be2ec62e-5374-476e-b401-5424bd2de38b4933826826659502194.jpg", "Kontributor": "Firman MAPID TEAM", "Latitude": -6.9235572861892649, "Longitude": 107.66468053284859, "Pengecekan": "Diterima", "Catatan Kesalahan": null, "ID Data": "6991242537bf1ca60e0af920" }, "geometry": { "type": "Point", "coordinates": [ 107.664680532848593, -6.923557286189265 ] } },
{ "type": "Feature", "properties": { "Kategori Properti": "Rumah", "Jenis Properti": "Dijual", " Tanggal": "2026-02-15", "Alamat": "Jalan Cibodas Raya, Antapani Tengah, Antapani, Kota Bandung, Indonesia", "Foto Tampak Depan": "https://mapidstorage.s3.ap-southeast-1.amazonaws.com/general_image/mamang_devops/1771119484426_scaled_f57700d2-3ee5-406d-b20c-c6747de1d3287423761465466704283.jpg", "Foto Spanduk/Papan Promosi": "https://mapidstorage.s3.ap-southeast-1.amazonaws.com/general_image/mamang_devops/1771119463928_scaled_b97c0e2b-398f-4ce7-b427-aecb131b3db74087940747995079398.jpg", "Kontributor": "Firman MAPID TEAM", "Latitude": -6.9235572861892649, "Longitude": 107.66468053284859, "Pengecekan": "Diterima", "Catatan Kesalahan": null, "ID Data": "6991237e37bf1ca60e0af8d0" }, "geometry": { "type": "Point", "coordinates": [ 107.664680532848593, -6.923557286189265 ] } },
{ "type": "Feature", "properties": { "Kategori Properti": "Rumah", "Jenis Properti": "Dijual", " Tanggal": "2026-02-15", "Alamat": "Jalan Balikpapan, Antapani Kidul, Antapani, Kota Bandung, Indonesia", "Foto Tampak Depan": "https://mapidstorage.s3.ap-southeast-1.amazonaws.com/general_image/mamang_devops/1771119335317_scaled_ba27ad03-b4f1-4418-88c9-b9b86f2323f43776319591472519093.jpg", "Foto Spanduk/Papan Promosi": "https://mapidstorage.s3.ap-southeast-1.amazonaws.com/general_image/mamang_devops/1771119350025_scaled_6ce292a3-d0e1-44a3-ab82-e15101aba6a87658695399066268357.jpg", "Kontributor": "Firman MAPID TEAM", "Latitude": -6.9222684449140388, "Longitude": 107.66392958342306, "Pengecekan": "Diterima", "Catatan Kesalahan": null, "ID Data": "699122f836c7f684a12026a2" }, "geometry": { "type": "Point", "coordinates": [ 107.663929583423055, -6.922268444914039 ] } },
{ "type": "Feature", "properties": { "Kategori Properti": "Retail (toko baju, peralatan olahraga, toko elektronik, dll)", "Jenis Properti": "Disewa", " Tanggal": "2026-02-15", "Alamat": "Jalan Kuningan 34, Antapani Kidul, Antapani, Kota Bandung, Indonesia", "Foto Tampak Depan": "https://mapidstorage.s3.ap-southeast-1.amazonaws.com/general_image/mapid.database/1771164963199_img_%25Image%20Feb%2015%2C%202026%2C%2009_15_29%20PM_%25f1217f4d-4f85-4a49-aa52-21aca20fc38b.png", "Foto Spanduk/Papan Promosi": "https://mapidstorage.s3.ap-southeast-1.amazonaws.com/general_image/mamang_devops/1771119087134_scaled_320e75cf-263e-48e4-ae86-105eea816f686325203485235777809.jpg", "Kontributor": "Firman MAPID TEAM", "Latitude": -6.919450686193187, "Longitude": 107.66304383286769, "Pengecekan": "Diterima", "Catatan Kesalahan": null, "ID Data": "699121f137bf1ca60e0af7bd" }, "geometry": { "type": "Point", "coordinates": [ 107.663043832867686, -6.919450686193187 ] } },
{ "type": "Feature", "properties": { "Kategori Properti": "Rumah", "Jenis Properti": "Disewa", " Tanggal": "2026-02-15", "Alamat": "Jalan Kuningan 34, Antapani Tengah, Antapani, Kota Bandung, Indonesia", "Foto Tampak Depan": "https://mapidstorage.s3.ap-southeast-1.amazonaws.com/general_image/mapid.database/1771165480863_img_%25rumah%20dijual_%25ab194ede-4d06-4226-9d21-ca8fdbb83acd.png", "Foto Spanduk/Papan Promosi": "https://mapidstorage.s3.ap-southeast-1.amazonaws.com/general_image/mamang_devops/1771118950010_scaled_ee279214-d6d1-43c0-bbef-0c645322cc0a7522828704687148268.jpg", "Kontributor": "Firman MAPID TEAM", "Latitude": -6.9182472862033677, "Longitude": 107.66304213294455, "Pengecekan": "Diterima", "Catatan Kesalahan": null, "ID Data": "69912168f88f69d83702902a" }, "geometry": { "type": "Point", "coordinates": [ 107.663042132944554, -6.918247286203368 ] } },
{ "type": "Feature", "properties": { "Kategori Properti": "Rumah", "Jenis Properti": "Dijual", " Tanggal": "2026-02-15", "Alamat": "Jalan Kuningan Raya, Antapani, Kota Bandung, Indonesia", "Foto Tampak Depan": "https://mapidstorage.s3.ap-southeast-1.amazonaws.com/general_image/mapid.database/1771165632094_img_%251771118718543_scaled_2ae50560-a7cc-43b1-85fb-78e5f3cb4bb24978281676394466251.jpg_%25eecf19d6-c94b-4aa4-a8e8-40d35e354a6d.jpeg", "Foto Spanduk/Papan Promosi": "https://mapidstorage.s3.ap-southeast-1.amazonaws.com/general_image/mamang_devops/1771118718543_scaled_2ae50560-a7cc-43b1-85fb-78e5f3cb4bb24978281676394466251.jpg", "Kontributor": "Firman MAPID TEAM", "Latitude": -6.9163456862489028, "Longitude": 107.66160553290467, "Pengecekan": "Diterima", "Catatan Kesalahan": null, "ID Data": "6991208136c7f684a12024ca" }, "geometry": { "type": "Point", "coordinates": [ 107.661605532904673, -6.916345686248903 ] } },
{ "type": "Feature", "properties": { "Kategori Properti": "Ruko", "Jenis Properti": "Disewa", " Tanggal": "2026-02-15", "Alamat": "Jalan Kuningan Raya, Antapani, Kota Bandung, Indonesia", "Foto Tampak Depan": "https://mapidstorage.s3.ap-southeast-1.amazonaws.com/general_image/mapid.database/1771165609881_img_%25rumah%20dijual%202_%25c4cc263d-b7ad-4053-95be-fc56e2358877.png", "Foto Spanduk/Papan Promosi": "https://mapidstorage.s3.ap-southeast-1.amazonaws.com/general_image/mamang_devops/1771118511212_scaled_f1e153bf-19ae-4e2b-aa63-7099c6e9a4617397224674285155874.jpg", "Kontributor": "Firman MAPID TEAM", "Latitude": -6.9151525861936136, "Longitude": 107.66063553286409, "Pengecekan": "Diterima", "Catatan Kesalahan": null, "ID Data": "69911fb2f88f69d837028f6e" }, "geometry": { "type": "Point", "coordinates": [ 107.660635532864092, -6.915152586193614 ] } },
{ "type": "Feature", "properties": { "Kategori Properti": "Rumah", "Jenis Properti": "Dijual", " Tanggal": "2026-02-15", "Alamat": "Jalan Kemala, Citra Bumi Panyileukan, Cipadung Kidul, Panyileukan, Kota Bandung, Indonesia", "Foto Tampak Depan": "https://mapidstorage.s3.ap-southeast-1.amazonaws.com/general_image/mapid.database/1771165703462_img_%25rumah%20dijual3_%2595b1562d-1901-4ff1-9889-6576c2d5703a.png", "Foto Spanduk/Papan Promosi": "https://mapidstorage.s3.ap-southeast-1.amazonaws.com/general_image/dwidwi/1771118318957_scaled_1000092983.jpg", "Kontributor": "Dwi Dwi", "Latitude": -6.9378692448345589, "Longitude": 107.71001239998731, "Pengecekan": "Diterima", "Catatan Kesalahan": null, "ID Data": "69911ef0f88f69d837028f26" }, "geometry": { "type": "Point", "coordinates": [ 107.710012399987306, -6.937869244834559 ] } },
{ "type": "Feature", "properties": { "Kategori Properti": "Rumah", "Jenis Properti": "Dijual", " Tanggal": "2026-02-15", "Alamat": "Jalan Terusan Jakarta, Antapani Kulon, Kota Bandung, Indonesia", "Foto Tampak Depan": "https://mapidstorage.s3.ap-southeast-1.amazonaws.com/general_image/mamang_devops/1771118248331_scaled_6119aa23-57e5-42f1-80c6-f857d43e740c5154405220435817274.jpg", "Foto Spanduk/Papan Promosi": "https://mapidstorage.s3.ap-southeast-1.amazonaws.com/general_image/mamang_devops/1771118276290_scaled_04c4a6f3-2da0-4dd7-a2e1-6d98d7ca03978145167295918314630.jpg", "Kontributor": "Firman MAPID TEAM", "Latitude": -6.9138706861733112, "Longitude": 107.66062213289217, "Pengecekan": "Diterima", "Catatan Kesalahan": null, "ID Data": "69911ec736c7f684a12023f9" }, "geometry": { "type": "Point", "coordinates": [ 107.660622132892172, -6.913870686173311 ] } },
{ "type": "Feature", "properties": { "Kategori Properti": "Retail (toko baju, peralatan olahraga, toko elektronik, dll)", "Jenis Properti": "Disewa", " Tanggal": "2026-02-15", "Alamat": "Jalan Terusan Jakarta, Antapani Kulon, Kota Bandung, Indonesia", "Foto Tampak Depan": "https://mapidstorage.s3.ap-southeast-1.amazonaws.com/general_image/mamang_devops/1771118162744_scaled_0f3c86eb-b56a-4ad9-81c4-91b2db77c7826343941119222582043.jpg", "Foto Spanduk/Papan Promosi": "https://mapidstorage.s3.ap-southeast-1.amazonaws.com/general_image/mamang_devops/1771118186953_scaled_23d50166-2b6e-4f89-ae93-90c353ff72e95015430837772017778.jpg", "Kontributor": "Firman MAPID TEAM", "Latitude": -6.9138706861733112, "Longitude": 107.66062213289217, "Pengecekan": "Diterima", "Catatan Kesalahan": null, "ID Data": "69911e6df88f69d837028ec3" }, "geometry": { "type": "Point", "coordinates": [ 107.660622132892172, -6.913870686173311 ] } },
{ "type": "Feature", "properties": { "Kategori Properti": "Rumah", "Jenis Properti": "Dijual", " Tanggal": "2026-02-15", "Alamat": "Jalan Sindang Sari III, Kel. Antapani Wetan, Antapani Wetan, Antapani, Kota Bandung, Indonesia", "Foto Tampak Depan": "https://mapidstorage.s3.ap-southeast-1.amazonaws.com/general_image/mamang_devops/1771117697202_scaled_abc4b5b8-7bb4-4526-8203-e9c0ccdc7e514734391378575960161.jpg", "Foto Spanduk/Papan Promosi": "https://mapidstorage.s3.ap-southeast-1.amazonaws.com/general_image/mamang_devops/1771117715928_scaled_b215d521-1f7c-40cb-a917-c49c8f648e22814136959768126114.jpg", "Kontributor": "Firman MAPID TEAM", "Latitude": -6.9102489861688952, "Longitude": 107.66333713283308, "Pengecekan": "Diterima", "Catatan Kesalahan": null, "ID Data": "69911c9737bf1ca60e0af515" }, "geometry": { "type": "Point", "coordinates": [ 107.663337132833078, -6.910248986168895 ] } },
{ "type": "Feature", "properties": { "Kategori Properti": "Rumah", "Jenis Properti": "Disewa", " Tanggal": "2026-02-15", "Alamat": "Jalan Raya Bumi Panyileukan, Citra Bumi Panyileukan, Cipadung Kidul, Panyileukan, Kota Bandung, Indonesia", "Foto Tampak Depan": "https://mapidstorage.s3.ap-southeast-1.amazonaws.com/general_image/dwidwi/1771117566428_scaled_1000092974.jpg", "Foto Spanduk/Papan Promosi": "https://mapidstorage.s3.ap-southeast-1.amazonaws.com/general_image/dwidwi/1771117593774_scaled_1000092976.jpg", "Kontributor": "Dwi Dwi", "Latitude": -6.9398645448302574, "Longitude": 107.71430960001265, "Pengecekan": "Diterima", "Catatan Kesalahan": null, "ID Data": "69911c1bf88f69d837028ddf" }, "geometry": { "type": "Point", "coordinates": [ 107.714309600012655, -6.939864544830257 ] } },
{ "type": "Feature", "properties": { "Kategori Properti": "Rumah", "Jenis Properti": "Dijual", " Tanggal": "2026-02-15", "Alamat": "Jalan Sindang Sari 2, Kel. Antapani Wetan, Antapani Wetan, Antapani, Kota Bandung, Indonesia", "Foto Tampak Depan": "https://mapidstorage.s3.ap-southeast-1.amazonaws.com/general_image/mamang_devops/1771117550789_scaled_00164ea0-9251-4c4f-9af8-7ac7c6d78b293296309499944803518.jpg", "Foto Spanduk/Papan Promosi": "https://mapidstorage.s3.ap-southeast-1.amazonaws.com/general_image/mamang_devops/1771117506353_scaled_1ce37b21-6e3f-4650-bd77-e4eb8433b0968631350482359603058.jpg", "Kontributor": "Firman MAPID TEAM", "Latitude": -6.9084322861682779, "Longitude": 107.66349053288127, "Pengecekan": "Diterima", "Catatan Kesalahan": null, "ID Data": "69911bf3f88f69d837028dbb" }, "geometry": { "type": "Point", "coordinates": [ 107.663490532881269, -6.908432286168278 ] } },
{ "type": "Feature", "properties": { "Kategori Properti": "Tanah", "Jenis Properti": "Dijual", " Tanggal": "2026-02-15", "Alamat": "Jalan Sindang Sari 2, Kel. Antapani Wetan, Antapani Wetan, Antapani, Kota Bandung, Indonesia", "Foto Tampak Depan": "https://mapidstorage.s3.ap-southeast-1.amazonaws.com/general_image/mamang_devops/1771117391324_scaled_f912d0ab-273b-435e-bb02-278ad970e6b47738795955192606161.jpg", "Foto Spanduk/Papan Promosi": "https://mapidstorage.s3.ap-southeast-1.amazonaws.com/general_image/mamang_devops/1771117400814_scaled_cbac6c58-bfe8-4461-a29f-433acf0ecf8d3718413815739118877.jpg", "Kontributor": "Firman MAPID TEAM", "Latitude": -6.9079156862029265, "Longitude": 107.66349713291731, "Pengecekan": "Diterima", "Catatan Kesalahan": null, "ID Data": "69911b5df88f69d837028d4d" }, "geometry": { "type": "Point", "coordinates": [ 107.663497132917314, -6.907915686202927 ] } },
{ "type": "Feature", "properties": { "Kategori Properti": "Rumah", "Jenis Properti": "Dijual", " Tanggal": "2026-02-15", "Alamat": "Jalan Sindang Sari 2, Kel. Antapani Wetan, Antapani Wetan, Antapani, Kota Bandung, Indonesia", "Foto Tampak Depan": "https://mapidstorage.s3.ap-southeast-1.amazonaws.com/general_image/mamang_devops/1771117319669_scaled_8af819f9-8f67-4cee-9c77-5b26db458e3f1663286414055581213.jpg", "Foto Spanduk/Papan Promosi": "https://mapidstorage.s3.ap-southeast-1.amazonaws.com/general_image/mamang_devops/1771117327644_scaled_a4179c80-5024-4c79-8cb9-842c36b446736038297248446165096.jpg", "Kontributor": "Firman MAPID TEAM", "Latitude": -6.9079156862029265, "Longitude": 107.66349713291731, "Pengecekan": "Diterima", "Catatan Kesalahan": null, "ID Data": "69911b1236c7f684a120221f" }, "geometry": { "type": "Point", "coordinates": [ 107.663497132917314, -6.907915686202927 ] } },
{ "type": "Feature", "properties": { "Kategori Properti": "Kos", "Jenis Properti": "Dijual", " Tanggal": "2026-02-15", "Alamat": "Cipadung Kidul, Kota Bandung, Indonesia", "Foto Tampak Depan": "https://mapidstorage.s3.ap-southeast-1.amazonaws.com/general_image/dwidwi/1771117253875_scaled_1000092972.jpg", "Foto Spanduk/Papan Promosi": "https://mapidstorage.s3.ap-southeast-1.amazonaws.com/general_image/dwidwi/1771117257657_scaled_1000092973.jpg", "Kontributor": "Dwi Dwi", "Latitude": -6.9411994784173601, "Longitude": 107.71353449623308, "Pengecekan": "Diterima", "Catatan Kesalahan": null, "ID Data": "69911acaf88f69d837028cae" }, "geometry": { "type": "Point", "coordinates": [ 107.713534496233081, -6.94119947841736 ] } },
{ "type": "Feature", "properties": { "Kategori Properti": "Rumah", "Jenis Properti": "Disewa", " Tanggal": "2026-02-15", "Alamat": "Cipadung Kidul, Kota Bandung, Indonesia", "Foto Tampak Depan": "https://mapidstorage.s3.ap-southeast-1.amazonaws.com/general_image/dwidwi/1771117143796_scaled_1000092970.jpg", "Foto Spanduk/Papan Promosi": "https://mapidstorage.s3.ap-southeast-1.amazonaws.com/general_image/dwidwi/1771117148374_scaled_1000092971.jpg", "Kontributor": "Dwi Dwi", "Latitude": -6.9411994784173601, "Longitude": 107.71353449623308, "Pengecekan": "Diterima", "Catatan Kesalahan": null, "ID Data": "69911a5df88f69d837028c69" }, "geometry": { "type": "Point", "coordinates": [ 107.713534496233081, -6.94119947841736 ] } },
{ "type": "Feature", "properties": { "Kategori Properti": "Rumah", "Jenis Properti": "Dijual", " Tanggal": "2026-02-15", "Alamat": "Gang Jamaras III, Kel. Antapani Wetan, Antapani Wetan, Antapani, Kota Bandung, Indonesia", "Foto Tampak Depan": "https://mapidstorage.s3.ap-southeast-1.amazonaws.com/general_image/mamang_devops/1771117032750_scaled_85448a05-74a2-48f6-95b6-f5dd7f835d8c9109442073167240935.jpg", "Foto Spanduk/Papan Promosi": "https://mapidstorage.s3.ap-southeast-1.amazonaws.com/general_image/mamang_devops/1771117027439_scaled_bbde257d-74d8-495c-a686-73c0dac7c5367937652684741987757.jpg", "Kontributor": "Firman MAPID TEAM", "Latitude": -6.904245686150503, "Longitude": 107.66385383287468, "Pengecekan": "Diterima", "Catatan Kesalahan": null, "ID Data": "699119eaf88f69d837028c3a" }, "geometry": { "type": "Point", "coordinates": [ 107.663853832874679, -6.904245686150503 ] } },
{ "type": "Feature", "properties": { "Kategori Properti": "Ruko", "Jenis Properti": "Disewa", " Tanggal": "2026-02-15", "Alamat": "Jalan Abdul Haris Nasution 21, Kel. Antapani Wetan, Antapani Wetan, Antapani, Kota Bandung, Indonesia", "Foto Tampak Depan": "https://mapidstorage.s3.ap-southeast-1.amazonaws.com/general_image/mamang_devops/1771116824542_scaled_723eb63f-d0a7-44f8-8303-fa96ae90b75e8210737368481985940.jpg", "Foto Spanduk/Papan Promosi": "https://mapidstorage.s3.ap-southeast-1.amazonaws.com/general_image/mamang_devops/1771116847254_scaled_7339b098-c8a9-4743-af71-9fa5f57b043b2627756163926775960.jpg", "Kontributor": "Firman MAPID TEAM", "Latitude": -6.9039756862108987, "Longitude": 107.66357553282688, "Pengecekan": "Diterima", "Catatan Kesalahan": null, "ID Data": "699119329920a4a379f10716" }, "geometry": { "type": "Point", "coordinates": [ 107.663575532826883, -6.903975686210899 ] } },
{ "type": "Feature", "properties": { "Kategori Properti": "Ruko", "Jenis Properti": "Disewa", " Tanggal": "2026-02-15", "Alamat": "Jalan Abdul Haris Nasution 21, Kel. Antapani Wetan, Antapani Wetan, Antapani, Kota Bandung, Indonesia", "Foto Tampak Depan": "https://mapidstorage.s3.ap-southeast-1.amazonaws.com/general_image/mamang_devops/1771116764404_scaled_dcfa3da2-ca4a-44dc-a697-54237dce19b06252219869864868347.jpg", "Foto Spanduk/Papan Promosi": "https://mapidstorage.s3.ap-southeast-1.amazonaws.com/general_image/mamang_devops/1771116773940_scaled_7adf8c53-941e-4bae-ada5-6f9cfbe0631b6656251858069270269.jpg", "Kontributor": "Firman MAPID TEAM", "Latitude": -6.9039756862108987, "Longitude": 107.66357553282688, "Pengecekan": "Diterima", "Catatan Kesalahan": null, "ID Data": "699118e8f88f69d837028b9a" }, "geometry": { "type": "Point", "coordinates": [ 107.663575532826883, -6.903975686210899 ] } },
{ "type": "Feature", "properties": { "Kategori Properti": "Rumah", "Jenis Properti": "Dijual", " Tanggal": "2026-02-15", "Alamat": "Jalan Abdul Haris Nasution 21, Antapani Wetan, Antapani, Kota Bandung, Indonesia", "Foto Tampak Depan": "https://mapidstorage.s3.ap-southeast-1.amazonaws.com/general_image/mamang_devops/1771116665692_scaled_fab7d745-23fc-49a7-a06c-4478a895a63c5620423604983493287.jpg", "Foto Spanduk/Papan Promosi": "https://mapidstorage.s3.ap-southeast-1.amazonaws.com/general_image/mamang_devops/1771116684620_scaled_48981082-fa15-4f32-9118-6d03754e02fc917941042069000890.jpg", "Kontributor": "Firman MAPID TEAM", "Latitude": -6.9038589861894337, "Longitude": 107.66383713289241, "Pengecekan": "Diterima", "Catatan Kesalahan": null, "ID Data": "6991188f9920a4a379f1068b" }, "geometry": { "type": "Point", "coordinates": [ 107.663837132892411, -6.903858986189434 ] } },
{ "type": "Feature", "properties": { "Kategori Properti": "Rumah", "Jenis Properti": "Dijual", " Tanggal": "2026-02-15", "Alamat": "Jalan Abdul Haris Nasution 21, Antapani Wetan, Mandalajati, Kota Bandung, Indonesia", "Foto Tampak Depan": "https://mapidstorage.s3.ap-southeast-1.amazonaws.com/general_image/mamang_devops/1771116537458_scaled_ee9f54a6-8632-42db-afa2-2d050609cdc52871625560916445488.jpg", "Foto Spanduk/Papan Promosi": "https://mapidstorage.s3.ap-southeast-1.amazonaws.com/general_image/mamang_devops/1771116554108_scaled_48e48649-4ceb-49d6-b059-1cf4a2799f035913540699118944373.jpg", "Kontributor": "Firman MAPID TEAM", "Latitude": -6.9038758208383371, "Longitude": 107.66410441646468, "Pengecekan": "Diterima", "Catatan Kesalahan": null, "ID Data": "6991180c9920a4a379f10649" }, "geometry": { "type": "Point", "coordinates": [ 107.664104416464681, -6.903875820838337 ] } },
{ "type": "Feature", "properties": { "Kategori Properti": "Rumah", "Jenis Properti": "Dijual", " Tanggal": "2026-02-15", "Alamat": "Cipadung Kidul, Kota Bandung, Indonesia", "Foto Tampak Depan": "https://mapidstorage.s3.ap-southeast-1.amazonaws.com/general_image/dwidwi/1771116511840_scaled_1000092964.jpg", "Foto Spanduk/Papan Promosi": "https://mapidstorage.s3.ap-southeast-1.amazonaws.com/general_image/dwidwi/1771116516859_scaled_1000092965.jpg", "Kontributor": "Dwi Dwi", "Latitude": -6.940403044794266, "Longitude": 107.71271939996086, "Pengecekan": "Diterima", "Catatan Kesalahan": null, "ID Data": "699117e737bf1ca60e0af1d0" }, "geometry": { "type": "Point", "coordinates": [ 107.712719399960861, -6.940403044794266 ] } },
{ "type": "Feature", "properties": { "Kategori Properti": "Tanah", "Jenis Properti": "Dijual", " Tanggal": "2026-02-15", "Alamat": "Jalan Cikadut, Kel. Jatihandap, Jatihandap, Mandalajati, Kota Bandung, Indonesia", "Foto Tampak Depan": "https://mapidstorage.s3.ap-southeast-1.amazonaws.com/general_image/mamang_devops/1771116374634_scaled_bcf8c568-6d41-4f78-9c3a-12121114ded14878061724526659326.jpg", "Foto Spanduk/Papan Promosi": "https://mapidstorage.s3.ap-southeast-1.amazonaws.com/general_image/mamang_devops/1771116338016_scaled_2bc3829f-2b52-4e94-af07-1ba43d8274341433609802762380832.jpg", "Kontributor": "Firman MAPID TEAM", "Latitude": -6.9026739861410249, "Longitude": 107.66588213288253, "Pengecekan": "Diterima", "Catatan Kesalahan": null, "ID Data": "69911759f88f69d837028a5c" }, "geometry": { "type": "Point", "coordinates": [ 107.66588213288253, -6.902673986141025 ] } },
{ "type": "Feature", "properties": { "Kategori Properti": "Rumah", "Jenis Properti": "Dijual", " Tanggal": "2026-02-15", "Alamat": "Cipadung Kidul, Kota Bandung, Indonesia", "Foto Tampak Depan": "https://mapidstorage.s3.ap-southeast-1.amazonaws.com/general_image/dwidwi/1771116369542_scaled_1000092962.jpg", "Foto Spanduk/Papan Promosi": "https://mapidstorage.s3.ap-southeast-1.amazonaws.com/general_image/dwidwi/1771116372418_scaled_1000092963.jpg", "Kontributor": "Dwi Dwi", "Latitude": -6.9400970448289598, "Longitude": 107.71322369996369, "Pengecekan": "Diterima", "Catatan Kesalahan": null, "ID Data": "699117559920a4a379f105b3" }, "geometry": { "type": "Point", "coordinates": [ 107.713223699963692, -6.94009704482896 ] } },
{ "type": "Feature", "properties": { "Kategori Properti": "Rumah", "Jenis Properti": "Dijual", " Tanggal": "2026-02-15", "Alamat": "Jalan Cikadut, Kel. Karang Pamulang, Karangpamulang, Mandalajati, Kota Bandung, Indonesia", "Foto Tampak Depan": "https://mapidstorage.s3.ap-southeast-1.amazonaws.com/general_image/mamang_devops/1771116048193_scaled_98bf5dd3-9e97-4951-bcc6-bc40660122b48012889019086264766.jpg", "Foto Spanduk/Papan Promosi": "https://mapidstorage.s3.ap-southeast-1.amazonaws.com/general_image/mamang_devops/1771116060618_scaled_c3f4cdbe-0805-4340-98c0-f99b07eae55b7379527902090298009.jpg", "Kontributor": "Firman MAPID TEAM", "Latitude": -6.8991522861214207, "Longitude": 107.66863713280407, "Pengecekan": "Diterima", "Catatan Kesalahan": null, "ID Data": "6991161ef88f69d8370288d4" }, "geometry": { "type": "Point", "coordinates": [ 107.668637132804065, -6.899152286121421 ] } },
{ "type": "Feature", "properties": { "Kategori Properti": "Rumah", "Jenis Properti": "Dijual", " Tanggal": "2026-02-15", "Alamat": "Jalan Cikadut, Kel. Karang Pamulang, Karangpamulang, Mandalajati, Kota Bandung, Indonesia", "Foto Tampak Depan": "https://mapidstorage.s3.ap-southeast-1.amazonaws.com/general_image/mamang_devops/1771115930906_scaled_e95a9751-17b5-4207-b84e-32bbd9c2963c8306523193643080988.jpg", "Foto Spanduk/Papan Promosi": "https://mapidstorage.s3.ap-southeast-1.amazonaws.com/general_image/mamang_devops/1771115921673_scaled_395db2df-6564-444e-b7af-4a17f93d99886358167303990865695.jpg", "Kontributor": "Firman MAPID TEAM", "Latitude": -6.8984727861604256, "Longitude": 107.66883723286662, "Pengecekan": "Diterima", "Catatan Kesalahan": null, "ID Data": "699115a19920a4a379f103ee" }, "geometry": { "type": "Point", "coordinates": [ 107.668837232866622, -6.898472786160426 ] } },
{ "type": "Feature", "properties": { "Kategori Properti": "Tanah", "Jenis Properti": "Dijual", " Tanggal": "2026-02-15", "Alamat": "Jalan Cikadut, Kel. Karang Pamulang, Karangpamulang, Mandalajati, Kota Bandung, Indonesia", "Foto Tampak Depan": "https://mapidstorage.s3.ap-southeast-1.amazonaws.com/general_image/mamang_devops/1771115837281_scaled_7712ba3c-cac1-4e55-823c-3118cbacdcab5513215935760372484.jpg", "Foto Spanduk/Papan Promosi": "https://mapidstorage.s3.ap-southeast-1.amazonaws.com/general_image/mamang_devops/1771115817485_scaled_1ba4f9c5-b64e-4801-a44a-cf79b59646c65281537577862917054.jpg", "Kontributor": "Firman MAPID TEAM", "Latitude": -6.8982689861616393, "Longitude": 107.66883403287386, "Pengecekan": "Diterima", "Catatan Kesalahan": null, "ID Data": "69911541f88f69d83702880a" }, "geometry": { "type": "Point", "coordinates": [ 107.66883403287386, -6.898268986161639 ] } },
{ "type": "Feature", "properties": { "Kategori Properti": "Rumah", "Jenis Properti": "Dijual", " Tanggal": "2026-02-15", "Alamat": "Jalan Ikhlas VI, Panyileukan Regency, Cipadung Kidul, Panyileukan, Kota Bandung, Indonesia", "Foto Tampak Depan": "https://mapidstorage.s3.ap-southeast-1.amazonaws.com/general_image/dwidwi/1771115760242_scaled_1000092960.jpg", "Foto Spanduk/Papan Promosi": "https://mapidstorage.s3.ap-southeast-1.amazonaws.com/general_image/dwidwi/1771115765777_scaled_1000092961.jpg", "Kontributor": "Dwi Dwi", "Latitude": -6.9442756448606531, "Longitude": 107.71484350003453, "Pengecekan": "Diterima", "Catatan Kesalahan": null, "ID Data": "699114f7f88f69d8370287bb" }, "geometry": { "type": "Point", "coordinates": [ 107.714843500034533, -6.944275644860653 ] } },
{ "type": "Feature", "properties": { "Kategori Properti": "Rumah", "Jenis Properti": "Dijual", " Tanggal": "2026-02-15", "Alamat": "Jalan Ikhlas IX, Panyileukan Regency, Cipadung Kidul, Panyileukan, Kota Bandung, Indonesia", "Foto Tampak Depan": "https://mapidstorage.s3.ap-southeast-1.amazonaws.com/general_image/dwidwi/1771115623638_scaled_1000092957.jpg", "Foto Spanduk/Papan Promosi": "https://mapidstorage.s3.ap-southeast-1.amazonaws.com/general_image/dwidwi/1771115628497_scaled_1000092959.jpg", "Kontributor": "Dwi Dwi", "Latitude": -6.9452044448188701, "Longitude": 107.71454620008285, "Pengecekan": "Diterima", "Catatan Kesalahan": null, "ID Data": "6991146d9920a4a379f10314" }, "geometry": { "type": "Point", "coordinates": [ 107.71454620008285, -6.94520444481887 ] } },
{ "type": "Feature", "properties": { "Kategori Properti": "Tanah", "Jenis Properti": "Dijual", " Tanggal": "2026-02-15", "Alamat": "Jalan Cikadut, Kel. Karang Pamulang, Karangpamulang, Mandalajati, Kota Bandung, Indonesia", "Foto Tampak Depan": "https://mapidstorage.s3.ap-southeast-1.amazonaws.com/general_image/mamang_devops/1771115610103_scaled_d27a6f88-ec81-4e32-b6b6-5dbbdd1ee9129105230657790593135.jpg", "Foto Spanduk/Papan Promosi": "https://mapidstorage.s3.ap-southeast-1.amazonaws.com/general_image/mamang_devops/1771115572966_scaled_c96a2ab1-41ab-4aa0-9fd4-f254a95f4d7e667282937277529424.jpg", "Kontributor": "Firman MAPID TEAM", "Latitude": -6.895582286165137, "Longitude": 107.67002213288299, "Pengecekan": "Diterima", "Catatan Kesalahan": null, "ID Data": "6991145df88f69d83702875b" }, "geometry": { "type": "Point", "coordinates": [ 107.670022132882991, -6.895582286165137 ] } },
{ "type": "Feature", "properties": { "Kategori Properti": "Rumah", "Jenis Properti": "Dijual", " Tanggal": "2026-02-15", "Alamat": "Jalan Ikhlas VI, Panyileukan Regency, Cipadung Kidul, Panyileukan, Kota Bandung, Indonesia", "Foto Tampak Depan": "https://mapidstorage.s3.ap-southeast-1.amazonaws.com/general_image/dwidwi/1771115545395_scaled_1000092955.jpg", "Foto Spanduk/Papan Promosi": "https://mapidstorage.s3.ap-southeast-1.amazonaws.com/general_image/dwidwi/1771115549682_scaled_1000092956.jpg", "Kontributor": "Dwi Dwi", "Latitude": -6.9449078448150487, "Longitude": 107.71432559998345, "Pengecekan": "Diterima", "Catatan Kesalahan": null, "ID Data": "6991141f37bf1ca60e0aee4c" }, "geometry": { "type": "Point", "coordinates": [ 107.714325599983454, -6.944907844815049 ] } },
{ "type": "Feature", "properties": { "Kategori Properti": "Rumah", "Jenis Properti": "Disewa", " Tanggal": "2026-02-15", "Alamat": "Jalan Ikhlas VI, Panyileukan Regency, Cipadung Kidul, Panyileukan, Kota Bandung, Indonesia", "Foto Tampak Depan": "https://mapidstorage.s3.ap-southeast-1.amazonaws.com/general_image/dwidwi/1771115387264_scaled_1000092953.jpg", "Foto Spanduk/Papan Promosi": "https://mapidstorage.s3.ap-southeast-1.amazonaws.com/general_image/dwidwi/1771115395465_scaled_1000092954.jpg", "Kontributor": "Dwi Dwi", "Latitude": -6.9448298448566561, "Longitude": 107.71425240000923, "Pengecekan": "Diterima", "Catatan Kesalahan": null, "ID Data": "6991138bf88f69d8370286c6" }, "geometry": { "type": "Point", "coordinates": [ 107.714252400009229, -6.944829844856656 ] } },
{ "type": "Feature", "properties": { "Kategori Properti": "Rumah", "Jenis Properti": "Dijual", " Tanggal": "2026-02-15", "Alamat": "Jalan Cikadut, Kel. Karang Pamulang, Karangpamulang, Mandalajati, Kota Bandung, Indonesia", "Foto Tampak Depan": "https://mapidstorage.s3.ap-southeast-1.amazonaws.com/general_image/mamang_devops/1771115350417_scaled_121a055f-0a8d-472f-bcdd-d3d90d78712c6122503258157023738.jpg", "Foto Spanduk/Papan Promosi": "https://mapidstorage.s3.ap-southeast-1.amazonaws.com/general_image/mamang_devops/1771115374247_scaled_bd4702d1-bdef-416f-a97d-4e8ac19d0f365915279491084016765.jpg", "Kontributor": "Firman MAPID TEAM", "Latitude": -6.8931339861660064, "Longitude": 107.67163383287146, "Pengecekan": "Diterima", "Catatan Kesalahan": null, "ID Data": "699113719920a4a379f1023a" }, "geometry": { "type": "Point", "coordinates": [ 107.671633832871464, -6.893133986166006 ] } },
{ "type": "Feature", "properties": { "Kategori Properti": "Kos", "Jenis Properti": "Dijual", " Tanggal": "2026-02-15", "Alamat": "Jalan Ikhlas VI, Panyileukan Regency, Cipadung Kidul, Panyileukan, Kota Bandung, Indonesia", "Foto Tampak Depan": "https://mapidstorage.s3.ap-southeast-1.amazonaws.com/general_image/dwidwi/1771115315267_scaled_1000092951.jpg", "Foto Spanduk/Papan Promosi": "https://mapidstorage.s3.ap-southeast-1.amazonaws.com/general_image/dwidwi/1771115320310_scaled_1000092952.jpg", "Kontributor": "Dwi Dwi", "Latitude": -6.9448298448566561, "Longitude": 107.71425240000923, "Pengecekan": "Diterima", "Catatan Kesalahan": null, "ID Data": "69911339f88f69d83702866d" }, "geometry": { "type": "Point", "coordinates": [ 107.714252400009229, -6.944829844856656 ] } },
{ "type": "Feature", "properties": { "Kategori Properti": "Rumah", "Jenis Properti": "Dijual", " Tanggal": "2026-02-15", "Alamat": "Jalan Mande IV, Kel. Karang Pamulang, Karangpamulang, Mandalajati, Kota Bandung, Indonesia", "Foto Tampak Depan": "https://mapidstorage.s3.ap-southeast-1.amazonaws.com/general_image/mamang_devops/1771115055789_scaled_faa0df46-b8e8-4c4a-9c44-93569f235bc9365218215312594323.jpg", "Foto Spanduk/Papan Promosi": "https://mapidstorage.s3.ap-southeast-1.amazonaws.com/general_image/mamang_devops/1771115065821_scaled_967d0285-e4b6-4af7-8c88-e4d7ebad4b1a5257211876267362947.jpg", "Kontributor": "Firman MAPID TEAM", "Latitude": -6.8949406861144382, "Longitude": 107.67126053283397, "Pengecekan": "Diterima", "Catatan Kesalahan": null, "ID Data": "6991123bf88f69d83702859b" }, "geometry": { "type": "Point", "coordinates": [ 107.671260532833969, -6.894940686114438 ] } },
{ "type": "Feature", "properties": { "Kategori Properti": "Rumah", "Jenis Properti": "Dijual", " Tanggal": "2026-02-15", "Alamat": "Jalan Sauyunan XII, Panyileukan Regency, Cipadung Kidul, Panyileukan, Kota Bandung, Indonesia", "Foto Tampak Depan": "https://mapidstorage.s3.ap-southeast-1.amazonaws.com/general_image/dwidwi/1771115027308_scaled_1000092948.jpg", "Foto Spanduk/Papan Promosi": "https://mapidstorage.s3.ap-southeast-1.amazonaws.com/general_image/dwidwi/1771115030522_scaled_1000092950.jpg", "Kontributor": "Dwi Dwi", "Latitude": -6.9449171447990068, "Longitude": 107.71551210003145, "Pengecekan": "Diterima", "Catatan Kesalahan": null, "ID Data": "699112199920a4a379f100ea" }, "geometry": { "type": "Point", "coordinates": [ 107.715512100031447, -6.944917144799007 ] } },
{ "type": "Feature", "properties": { "Kategori Properti": "Rumah", "Jenis Properti": "Dijual", " Tanggal": "2026-02-15", "Alamat": "Jalan Cikadut, Kel. Karang Pamulang, Karangpamulang, Mandalajati, Kota Bandung, Indonesia", "Foto Tampak Depan": "https://mapidstorage.s3.ap-southeast-1.amazonaws.com/general_image/mamang_devops/1771114788236_scaled_d01f7ac9-e835-4672-8321-c64d10a5f7402788622837424767260.jpg", "Foto Spanduk/Papan Promosi": "https://mapidstorage.s3.ap-southeast-1.amazonaws.com/general_image/mamang_devops/1771114799489_scaled_29d8b661-7aed-4fc8-b030-4c823152d3a78071535885628204845.jpg", "Kontributor": "Firman MAPID TEAM", "Latitude": -6.8966472861700936, "Longitude": 107.6705105328557, "Pengecekan": "Diterima", "Catatan Kesalahan": null, "ID Data": "6991115237bf1ca60e0aebe6" }, "geometry": { "type": "Point", "coordinates": [ 107.670510532855701, -6.896647286170094 ] } },
{ "type": "Feature", "properties": { "Kategori Properti": "Rumah", "Jenis Properti": "Dijual", " Tanggal": "2026-02-15", "Alamat": "Jalan Bangkit II, Panyileukan Regency, Cipadung Kidul, Panyileukan, Kota Bandung, Indonesia", "Foto Tampak Depan": "https://mapidstorage.s3.ap-southeast-1.amazonaws.com/general_image/dwidwi/1771114791406_scaled_1000092946.jpg", "Foto Spanduk/Papan Promosi": "https://mapidstorage.s3.ap-southeast-1.amazonaws.com/general_image/dwidwi/1771114796182_scaled_1000092947.jpg", "Kontributor": "Dwi Dwi", "Latitude": -6.9451473448506817, "Longitude": 107.71357200000767, "Pengecekan": "Diterima", "Catatan Kesalahan": null, "ID Data": "6991112df88f69d837028432" }, "geometry": { "type": "Point", "coordinates": [ 107.713572000007673, -6.945147344850682 ] } },
{ "type": "Feature", "properties": { "Kategori Properti": "Rumah", "Jenis Properti": "Dijual", " Tanggal": "2026-02-15", "Alamat": "Jalan Bangkit II, Panyileukan Regency, Cipadung Kidul, Panyileukan, Kota Bandung, Indonesia", "Foto Tampak Depan": "https://mapidstorage.s3.ap-southeast-1.amazonaws.com/general_image/dwidwi/1771114715776_scaled_1000092944.jpg", "Foto Spanduk/Papan Promosi": "https://mapidstorage.s3.ap-southeast-1.amazonaws.com/general_image/dwidwi/1771114719815_scaled_1000092945.jpg", "Kontributor": "Dwi Dwi", "Latitude": -6.9451473448506817, "Longitude": 107.71357200000767, "Pengecekan": "Diterima", "Catatan Kesalahan": null, "ID Data": "699110e09920a4a379f0ff36" }, "geometry": { "type": "Point", "coordinates": [ 107.713572000007673, -6.945147344850682 ] } },
{ "type": "Feature", "properties": { "Kategori Properti": "Rumah", "Jenis Properti": "Disewa", " Tanggal": "2026-02-15", "Alamat": "Jalan Bangkit II, Panyileukan Regency, Cipadung Kidul, Panyileukan, Kota Bandung, Indonesia", "Foto Tampak Depan": "https://mapidstorage.s3.ap-southeast-1.amazonaws.com/general_image/dwidwi/1771114637586_scaled_1000092942.jpg", "Foto Spanduk/Papan Promosi": "https://mapidstorage.s3.ap-southeast-1.amazonaws.com/general_image/dwidwi/1771114642542_scaled_1000092943.jpg", "Kontributor": "Dwi Dwi", "Latitude": -6.9451473448506817, "Longitude": 107.71357200000767, "Pengecekan": "Diterima", "Catatan Kesalahan": null, "ID Data": "69911093f88f69d837028369" }, "geometry": { "type": "Point", "coordinates": [ 107.713572000007673, -6.945147344850682 ] } },
{ "type": "Feature", "properties": { "Kategori Properti": "Rumah", "Jenis Properti": "Dijual", " Tanggal": "2026-02-15", "Alamat": "Jalan Bangkit IV, Panyileukan Regency, Cipadung Kidul, Panyileukan, Kota Bandung, Indonesia", "Foto Tampak Depan": "https://mapidstorage.s3.ap-southeast-1.amazonaws.com/general_image/dwidwi/1771114562981_scaled_1000092940.jpg", "Foto Spanduk/Papan Promosi": "https://mapidstorage.s3.ap-southeast-1.amazonaws.com/general_image/dwidwi/1771114566860_scaled_1000092941.jpg", "Kontributor": "Dwi Dwi", "Latitude": -6.9453806633454178, "Longitude": 107.71298776296192, "Pengecekan": "Diterima", "Catatan Kesalahan": null, "ID Data": "6991104837bf1ca60e0aea0e" }, "geometry": { "type": "Point", "coordinates": [ 107.712987762961916, -6.945380663345418 ] } },
{ "type": "Feature", "properties": { "Kategori Properti": "Rumah", "Jenis Properti": "Dijual", " Tanggal": "2026-02-15", "Alamat": "Jalan Raya Bumi Panyileukan, Panyileukan Regency, Cipadung Kidul, Panyileukan, Kota Bandung, Indonesia", "Foto Tampak Depan": "https://mapidstorage.s3.ap-southeast-1.amazonaws.com/general_image/dwidwi/1771114420168_scaled_1000092938.jpg", "Foto Spanduk/Papan Promosi": "https://mapidstorage.s3.ap-southeast-1.amazonaws.com/general_image/dwidwi/1771114423981_scaled_1000092939.jpg", "Kontributor": "Dwi Dwi", "Latitude": -6.9458291448403315, "Longitude": 107.7134113000015, "Pengecekan": "Diterima", "Catatan Kesalahan": null, "ID Data": "69910fb9f88f69d837028259" }, "geometry": { "type": "Point", "coordinates": [ 107.713411300001496, -6.945829144840332 ] } },
{ "type": "Feature", "properties": { "Kategori Properti": "Rumah", "Jenis Properti": "Dijual", " Tanggal": "2026-02-15", "Alamat": "Jalan Bangkit V, Panyileukan Regency, Cipadung Kidul, Panyileukan, Kota Bandung, Indonesia", "Foto Tampak Depan": "https://mapidstorage.s3.ap-southeast-1.amazonaws.com/general_image/mapid.database/1771163296409_img_%25Image%20Feb%2015%2C%202026%2C%2008_46_04%20PM_%252680e7a4-d80d-4208-ba54-ebf8268b142b.png", "Foto Spanduk/Papan Promosi": "https://mapidstorage.s3.ap-southeast-1.amazonaws.com/general_image/mapid.database/1771163333278_img_%25Image%20Feb%2015%2C%202026%2C%2008_48_17%20PM_%251a9df49f-e48b-491e-b8b0-b2fcea19cf24.png", "Kontributor": "Dwi Dwi", "Latitude": -6.9457492447949107, "Longitude": 107.71295960000799, "Pengecekan": "Diterima", "Catatan Kesalahan": null, "ID Data": "69910f3a37bf1ca60e0ae94f" }, "geometry": { "type": "Point", "coordinates": [ 107.712959600007991, -6.945749244794911 ] } },
{ "type": "Feature", "properties": { "Kategori Properti": "Rumah", "Jenis Properti": "Dijual", " Tanggal": "2026-02-15", "Alamat": "Jalan Sehati IV, Panyileukan Regency, Cipadung Kidul, Panyileukan, Kota Bandung, Indonesia", "Foto Tampak Depan": "https://mapidstorage.s3.ap-southeast-1.amazonaws.com/general_image/dwidwi/1771114004556_scaled_1000092934.jpg", "Foto Spanduk/Papan Promosi": "https://mapidstorage.s3.ap-southeast-1.amazonaws.com/general_image/dwidwi/1771114009140_scaled_1000092935.jpg", "Kontributor": "Dwi Dwi", "Latitude": -6.9452753448389331, "Longitude": 107.71204169997662, "Pengecekan": "Diterima", "Catatan Kesalahan": null, "ID Data": "69910e1af88f69d837028147" }, "geometry": { "type": "Point", "coordinates": [ 107.712041699976623, -6.945275344838933 ] } },
{ "type": "Feature", "properties": { "Kategori Properti": "Rumah", "Jenis Properti": "Dijual", " Tanggal": "2026-02-15", "Alamat": "Jalan Sehati IV, Panyileukan Regency, Cipadung Kidul, Panyileukan, Kota Bandung, Indonesia", "Foto Tampak Depan": "https://mapidstorage.s3.ap-southeast-1.amazonaws.com/general_image/dwidwi/1771113856275_scaled_1000092932.jpg", "Foto Spanduk/Papan Promosi": "https://mapidstorage.s3.ap-southeast-1.amazonaws.com/general_image/dwidwi/1771113863333_scaled_1000092933.jpg", "Kontributor": "Dwi Dwi", "Latitude": -6.9450720448431582, "Longitude": 107.71096940001684, "Pengecekan": "Diterima", "Catatan Kesalahan": null, "ID Data": "69910d88f88f69d8370280a8" }, "geometry": { "type": "Point", "coordinates": [ 107.710969400016836, -6.945072044843158 ] } },
{ "type": "Feature", "properties": { "Kategori Properti": "Rumah", "Jenis Properti": "Dijual", " Tanggal": "2026-02-15", "Alamat": "Jalan Sehati III, Panyileukan Regency, Cipadung Kidul, Panyileukan, Kota Bandung, Indonesia", "Foto Tampak Depan": "https://mapidstorage.s3.ap-southeast-1.amazonaws.com/general_image/dwidwi/1771113756925_scaled_1000092929.jpg", "Foto Spanduk/Papan Promosi": "https://mapidstorage.s3.ap-southeast-1.amazonaws.com/general_image/dwidwi/1771113761083_scaled_1000092930.jpg", "Kontributor": "Dwi Dwi", "Latitude": -6.9444546448124527, "Longitude": 107.71085069999236, "Pengecekan": "Diterima", "Catatan Kesalahan": null, "ID Data": "69910d23f88f69d837028071" }, "geometry": { "type": "Point", "coordinates": [ 107.710850699992363, -6.944454644812453 ] } },
{ "type": "Feature", "properties": { "Kategori Properti": "Rumah", "Jenis Properti": "Dijual", " Tanggal": "2026-02-15", "Alamat": "Jalan Sehati III, Panyileukan Regency, Cipadung Kidul, Panyileukan, Kota Bandung, Indonesia", "Foto Tampak Depan": "https://mapidstorage.s3.ap-southeast-1.amazonaws.com/general_image/dwidwi/1771113644567_scaled_1000092927.jpg", "Foto Spanduk/Papan Promosi": "https://mapidstorage.s3.ap-southeast-1.amazonaws.com/general_image/dwidwi/1771113650873_scaled_1000092928.jpg", "Kontributor": "Dwi Dwi", "Latitude": -6.943743144819237, "Longitude": 107.71101869998955, "Pengecekan": "Diterima", "Catatan Kesalahan": null, "ID Data": "69910cb537bf1ca60e0ae744" }, "geometry": { "type": "Point", "coordinates": [ 107.711018699989552, -6.943743144819237 ] } },
{ "type": "Feature", "properties": { "Kategori Properti": "Rumah", "Jenis Properti": "Dijual", " Tanggal": "2026-02-15", "Alamat": "Jalan Sehati VI, Panyileukan Regency, Cipadung Kidul, Panyileukan, Kota Bandung, Indonesia", "Foto Tampak Depan": "https://mapidstorage.s3.ap-southeast-1.amazonaws.com/general_image/dwidwi/1771113585396_scaled_1000092925.jpg", "Foto Spanduk/Papan Promosi": "https://mapidstorage.s3.ap-southeast-1.amazonaws.com/general_image/dwidwi/1771113586750_scaled_1000092926.jpg", "Kontributor": "Dwi Dwi", "Latitude": -6.9443062448104484, "Longitude": 107.71125189997008, "Pengecekan": "Diterima", "Catatan Kesalahan": null, "ID Data": "69910c749920a4a379f0fb50" }, "geometry": { "type": "Point", "coordinates": [ 107.71125189997008, -6.944306244810448 ] } },
{ "type": "Feature", "properties": { "Kategori Properti": "Rumah", "Jenis Properti": "Dijual", " Tanggal": "2026-02-15", "Alamat": "Jalan Sehati IX, Panyileukan Regency, Cipadung Kidul, Panyileukan, Kota Bandung, Indonesia", "Foto Tampak Depan": "https://mapidstorage.s3.ap-southeast-1.amazonaws.com/general_image/dwidwi/1771113426204_scaled_1000092923.jpg", "Foto Spanduk/Papan Promosi": "https://mapidstorage.s3.ap-southeast-1.amazonaws.com/general_image/dwidwi/1771113430722_scaled_1000092924.jpg", "Kontributor": "Dwi Dwi", "Latitude": -6.9448595448502033, "Longitude": 107.71136249997738, "Pengecekan": "Diterima", "Catatan Kesalahan": null, "ID Data": "69910bd837bf1ca60e0ae6ef" }, "geometry": { "type": "Point", "coordinates": [ 107.711362499977383, -6.944859544850203 ] } },
{ "type": "Feature", "properties": { "Kategori Properti": "Rumah", "Jenis Properti": "Disewa", " Tanggal": "2026-02-15", "Alamat": "Jalan Sehati IX, Panyileukan Regency, Cipadung Kidul, Panyileukan, Kota Bandung, Indonesia", "Foto Tampak Depan": "https://mapidstorage.s3.ap-southeast-1.amazonaws.com/general_image/dwidwi/1771113292835_scaled_1000092919.jpg", "Foto Spanduk/Papan Promosi": "https://mapidstorage.s3.ap-southeast-1.amazonaws.com/general_image/dwidwi/1771113297303_scaled_1000092921.jpg", "Kontributor": "Dwi Dwi", "Latitude": -6.944571444834196, "Longitude": 107.71144149996388, "Pengecekan": "Diterima", "Catatan Kesalahan": null, "ID Data": "69910b529920a4a379f0fad3" }, "geometry": { "type": "Point", "coordinates": [ 107.711441499963883, -6.944571444834196 ] } },
{ "type": "Feature", "properties": { "Kategori Properti": "Rumah", "Jenis Properti": "Dijual", " Tanggal": "2026-02-15", "Alamat": "Jalan Sehati I, Panyileukan Regency, Cipadung Kidul, Panyileukan, Kota Bandung, Indonesia", "Foto Tampak Depan": "https://mapidstorage.s3.ap-southeast-1.amazonaws.com/general_image/dwidwi/1771113051366_scaled_1000092916.jpg", "Foto Spanduk/Papan Promosi": "https://mapidstorage.s3.ap-southeast-1.amazonaws.com/general_image/dwidwi/1771113056334_scaled_1000092918.jpg", "Kontributor": "Dwi Dwi", "Latitude": -6.9456228519799481, "Longitude": 107.71153577951713, "Pengecekan": "Diterima", "Catatan Kesalahan": null, "ID Data": "69910a61f88f69d837027f30" }, "geometry": { "type": "Point", "coordinates": [ 107.711535779517135, -6.945622851979948 ] } },
{ "type": "Feature", "properties": { "Kategori Properti": "Rumah", "Jenis Properti": "Disewa", " Tanggal": "2026-02-15", "Alamat": "Jalan Sehati Raya, Panyileukan Regency, Cipadung Kidul, Panyileukan, Kota Bandung, Indonesia", "Foto Tampak Depan": "https://mapidstorage.s3.ap-southeast-1.amazonaws.com/general_image/dwidwi/1771112806146_scaled_1000092913.jpg", "Foto Spanduk/Papan Promosi": "https://mapidstorage.s3.ap-southeast-1.amazonaws.com/general_image/dwidwi/1771112811264_scaled_1000092914.jpg", "Kontributor": "Dwi Dwi", "Latitude": -6.9455714448391177, "Longitude": 107.71127350003911, "Pengecekan": "Diterima", "Catatan Kesalahan": null, "ID Data": "6991096d9920a4a379f0fa87" }, "geometry": { "type": "Point", "coordinates": [ 107.711273500039113, -6.945571444839118 ] } },
{ "type": "Feature", "properties": { "Kategori Properti": "Rumah", "Jenis Properti": "Dijual", " Tanggal": "2026-02-14", "Alamat": "Jalan Sutera Mas, Mengger, Bandung Kidul, Kota Bandung, Indonesia", "Foto Tampak Depan": "https://mapidstorage.s3.ap-southeast-1.amazonaws.com/general_image/egipratama/1771082365071_image_picker_28DA5773-E181-4727-BACC-7CE0E92D047D-2003-000008948E1FEE7C.jpg", "Foto Spanduk/Papan Promosi": "https://mapidstorage.s3.ap-southeast-1.amazonaws.com/general_image/egipratama/1771082376190_image_picker_FBF6491B-DCEE-44E3-BE44-B40FDF2E55C7-2003-000008949DB7DB2D.jpg", "Kontributor": "Egi Pratama", "Latitude": -6.9554096771851306, "Longitude": 107.62168367727145, "Pengecekan": "Diterima", "Catatan Kesalahan": null, "ID Data": "69909290f88f69d837027b8c" }, "geometry": { "type": "Point", "coordinates": [ 107.621683677271449, -6.955409677185131 ] } },
{ "type": "Feature", "properties": { "Kategori Properti": "Rumah", "Jenis Properti": "Dijual", " Tanggal": "2026-02-14", "Alamat": "Jalan Sutera Alam, Mengger, Bandung Kidul, Kota Bandung, Indonesia", "Foto Tampak Depan": "https://mapidstorage.s3.ap-southeast-1.amazonaws.com/general_image/egipratama/1771082307464_image_picker_45D82B34-45E8-4BAE-B796-3B9C8DFA8645-2003-000008943BC08F06.jpg", "Foto Spanduk/Papan Promosi": "https://mapidstorage.s3.ap-southeast-1.amazonaws.com/general_image/egipratama/1771082319935_image_picker_D47A3C73-05C6-4698-930D-4947FF872F64-2003-000008944D30D48E.jpg", "Kontributor": "Egi Pratama", "Latitude": -6.9556508220575495, "Longitude": 107.62169210397803, "Pengecekan": "Diterima", "Catatan Kesalahan": null, "ID Data": "699092579920a4a379f0f6a8" }, "geometry": { "type": "Point", "coordinates": [ 107.621692103978035, -6.955650822057549 ] } },
{ "type": "Feature", "properties": { "Kategori Properti": "Rumah", "Jenis Properti": "Dijual", " Tanggal": "2026-02-14", "Alamat": "Jalan Sutera Alam, Mengger, Bandung Kidul, Kota Bandung, Indonesia", "Foto Tampak Depan": "https://mapidstorage.s3.ap-southeast-1.amazonaws.com/general_image/egipratama/1771082262252_image_picker_F2BE40D8-14B8-41B3-8C99-6700175D78F4-2003-00000893FAEBE6C2.jpg", "Foto Spanduk/Papan Promosi": "https://mapidstorage.s3.ap-southeast-1.amazonaws.com/general_image/egipratama/1771082277926_image_picker_A877E198-46B5-4971-8E02-5DF33C78681E-2003-00000894117E913D.jpg", "Kontributor": "Egi Pratama", "Latitude": -6.9554337302751748, "Longitude": 107.62167182534455, "Pengecekan": "Diterima", "Catatan Kesalahan": null, "ID Data": "699092309920a4a379f0f638" }, "geometry": { "type": "Point", "coordinates": [ 107.621671825344549, -6.955433730275175 ] } },
{ "type": "Feature", "properties": { "Kategori Properti": "Tanah", "Jenis Properti": "Dijual", " Tanggal": "2026-02-14", "Alamat": "Jalan Sukaati VIII, Mengger, Bandung Kidul, Kota Bandung, Indonesia", "Foto Tampak Depan": "https://mapidstorage.s3.ap-southeast-1.amazonaws.com/general_image/egipratama/1771082124091_image_picker_31DA0B6A-ECD2-41FB-90CE-9D5AC8AB583B-2003-0000089335631EAE.jpg", "Foto Spanduk/Papan Promosi": "https://mapidstorage.s3.ap-southeast-1.amazonaws.com/general_image/egipratama/1771082134725_image_picker_18DD7F45-B82B-4CED-BA21-FA4925F7A675-2003-0000089344A58F69.jpg", "Kontributor": "Egi Pratama", "Latitude": -6.952882264731997, "Longitude": 107.62165876116046, "Pengecekan": "Diterima", "Catatan Kesalahan": null, "ID Data": "699091a037bf1ca60e0ae192" }, "geometry": { "type": "Point", "coordinates": [ 107.621658761160461, -6.952882264731997 ] } },
{ "type": "Feature", "properties": { "Kategori Properti": "Rumah", "Jenis Properti": "Dijual", " Tanggal": "2026-02-14", "Alamat": "Jalan Cijagra 15, Cijagra, Lengkong, Kota Bandung, Indonesia", "Foto Tampak Depan": "https://mapidstorage.s3.ap-southeast-1.amazonaws.com/general_image/egipratama/1771081894821_image_picker_68149167-3D3D-4E40-8F48-9090F14672F9-2003-000008923BF9C017.jpg", "Foto Spanduk/Papan Promosi": "https://mapidstorage.s3.ap-southeast-1.amazonaws.com/general_image/egipratama/1771081904963_image_picker_C7F842C3-4531-4B85-9AB5-618BA464946A-2003-000008924A716ACA.jpg", "Kontributor": "Egi Pratama", "Latitude": -6.9480288071194707, "Longitude": 107.62604358603642, "Pengecekan": "Diterima", "Catatan Kesalahan": null, "ID Data": "699090ba37bf1ca60e0ae0d2" }, "geometry": { "type": "Point", "coordinates": [ 107.626043586036417, -6.948028807119471 ] } },
{ "type": "Feature", "properties": { "Kategori Properti": "Rumah", "Jenis Properti": "Dijual", " Tanggal": "2026-02-14", "Alamat": "Cipadung Kidul, Kota Bandung, Indonesia", "Foto Tampak Depan": "https://mapidstorage.s3.ap-southeast-1.amazonaws.com/general_image/dwidwi/1771078236107_scaled_49969702-bdca-4144-9202-3546b5c89bc52741372752962841668.jpg", "Foto Spanduk/Papan Promosi": "https://mapidstorage.s3.ap-southeast-1.amazonaws.com/general_image/dwidwi/1771078225724_scaled_5ca769d5-b024-4ed3-a5e0-03373607054d515466733177950973.jpg", "Kontributor": "Dwi Dwi", "Latitude": -6.9477136448380037, "Longitude": 107.71108810003386, "Pengecekan": "Diterima", "Catatan Kesalahan": null, "ID Data": "6990825d9920a4a379f0f3d6" }, "geometry": { "type": "Point", "coordinates": [ 107.711088100033862, -6.947713644838004 ] } },
{ "type": "Feature", "properties": { "Kategori Properti": "Rumah", "Jenis Properti": "Dijual", " Tanggal": "2026-02-14", "Alamat": "Jalan Ir. H. Djuanda 82, Bandung Jawa Barat, Lebak Gede, Coblong, Kota Bandung, Indonesia", "Foto Tampak Depan": "https://mapidstorage.s3.ap-southeast-1.amazonaws.com/general_image/lossachaniago/1771072721343_image_picker_BDDE8FEF-2FCD-4AE1-A751-8FCAC27AE99F-69859-0000067831FF2C7A.jpg", "Foto Spanduk/Papan Promosi": "https://mapidstorage.s3.ap-southeast-1.amazonaws.com/general_image/lossachaniago/1771072730795_image_picker_BD20AE44-25C2-4743-BFE0-B0357546E7A8-69859-000006783E40E18C.jpg", "Kontributor": "Lossa Chaniago", "Latitude": -6.8968078282274803, "Longitude": 107.61289087388616, "Pengecekan": "Diterima", "Catatan Kesalahan": null, "ID Data": "69906ce9f88f69d837027577" }, "geometry": { "type": "Point", "coordinates": [ 107.612890873886158, -6.89680782822748 ] } },
{ "type": "Feature", "properties": { "Kategori Properti": "Ruko", "Jenis Properti": "Dijual", " Tanggal": "2026-02-14", "Alamat": "Jalan Jenderal Gatot Subroto 91, Karees Sapuran, Cibangkong, Batununggal, Kota Bandung, Indonesia", "Foto Tampak Depan": "https://mapidstorage.s3.ap-southeast-1.amazonaws.com/general_image/egipratama/1771072639318_image_picker_2092488A-1FAD-468F-A4A9-73788132DF04-200-0000087CE2082FAE.jpg", "Foto Spanduk/Papan Promosi": "https://mapidstorage.s3.ap-southeast-1.amazonaws.com/general_image/egipratama/1771072645635_image_picker_957923C7-A746-4BFB-9EBA-7DEC6C27BE93-200-0000087CEB386282.jpg", "Kontributor": "Egi Pratama", "Latitude": -6.9256313002735368, "Longitude": 107.63235211708519, "Pengecekan": "Diterima", "Catatan Kesalahan": null, "ID Data": "69906c9237bf1ca60e0adc13" }, "geometry": { "type": "Point", "coordinates": [ 107.63235211708519, -6.925631300273537 ] } },
{ "type": "Feature", "properties": { "Kategori Properti": "Ruko", "Jenis Properti": "Dijual", " Tanggal": "2026-02-14", "Alamat": "Jalan Jenderal Gatot Subroto 91, Karees Sapuran, Cibangkong, Batununggal, Kota Bandung, Indonesia", "Foto Tampak Depan": "https://mapidstorage.s3.ap-southeast-1.amazonaws.com/general_image/egipratama/1771072561236_image_picker_FADF4D24-67DC-4F68-90B8-7EF65DC6D830-200-0000087C7258089A.jpg", "Foto Spanduk/Papan Promosi": "https://mapidstorage.s3.ap-southeast-1.amazonaws.com/general_image/egipratama/1771072568884_image_picker_C731F64F-2C72-4FF6-B5AC-08DDA9443BA6-200-0000087C7D20EFDC.jpg", "Kontributor": "Egi Pratama", "Latitude": -6.9252957186969013, "Longitude": 107.63096143194525, "Pengecekan": "Diterima", "Catatan Kesalahan": null, "ID Data": "69906c439920a4a379f0efab" }, "geometry": { "type": "Point", "coordinates": [ 107.630961431945252, -6.925295718696901 ] } },
{ "type": "Feature", "properties": { "Kategori Properti": "Rumah", "Jenis Properti": "Disewa", " Tanggal": "2026-02-14", "Alamat": "Jalan Veteran 93, Bandung Jawa Barat, Kebon Pisang, Sumur Bandung, Kota Bandung, Indonesia", "Foto Tampak Depan": "https://mapidstorage.s3.ap-southeast-1.amazonaws.com/general_image/egipratama/1771072499063_image_picker_CDCA2067-C4BE-4FC8-AB9E-5FCBE6E8E047-200-0000087C17E00FF2.jpg", "Foto Spanduk/Papan Promosi": "https://mapidstorage.s3.ap-southeast-1.amazonaws.com/general_image/egipratama/1771072508189_image_picker_B23BBC5D-88B7-4473-B196-95164BB7B1D2-200-0000087C26826DB9.jpg", "Kontributor": "Egi Pratama", "Latitude": -6.9209857712179996, "Longitude": 107.61909581312898, "Pengecekan": "Diterima", "Catatan Kesalahan": null, "ID Data": "69906c239920a4a379f0ef39" }, "geometry": { "type": "Point", "coordinates": [ 107.619095813128979, -6.920985771218 ] } },
{ "type": "Feature", "properties": { "Kategori Properti": "Ruko", "Jenis Properti": "Dijual", " Tanggal": "2026-02-14", "Alamat": "Jalan Veteran 93, Bandung Jawa Barat, Kebon Pisang, Sumur Bandung, Kota Bandung, Indonesia", "Foto Tampak Depan": "https://mapidstorage.s3.ap-southeast-1.amazonaws.com/general_image/egipratama/1771071981330_image_picker_A893984C-C4A6-4CAB-AD3B-9F64B03D3A28-200-0000087A31771094.jpg", "Foto Spanduk/Papan Promosi": "https://mapidstorage.s3.ap-southeast-1.amazonaws.com/general_image/egipratama/1771071996362_image_picker_755E94B6-A445-4E11-BBE1-80EFC3A6B90E-200-0000087A46F1110E.jpg", "Kontributor": "Egi Pratama", "Latitude": -6.9208801574733059, "Longitude": 107.61887435057747, "Pengecekan": "Diterima", "Catatan Kesalahan": null, "ID Data": "69906a0637bf1ca60e0ad9cb" }, "geometry": { "type": "Point", "coordinates": [ 107.618874350577471, -6.920880157473306 ] } },
{ "type": "Feature", "properties": { "Kategori Properti": "Ruko", "Jenis Properti": "Dijual", " Tanggal": "2026-02-14", "Alamat": "Jalan Veteran no. 7, Sumur Bandung Kota Bandung Jawa Barat, Kebon Pisang, Sumur Bandung, Kota Bandung, Indonesia", "Foto Tampak Depan": "https://mapidstorage.s3.ap-southeast-1.amazonaws.com/general_image/egipratama/1771071916165_image_picker_B8B912CB-6F03-40BB-8924-4EDF6053D123-200-00000879D414375A.jpg", "Foto Spanduk/Papan Promosi": "https://mapidstorage.s3.ap-southeast-1.amazonaws.com/general_image/egipratama/1771071934274_image_picker_EB3CBC17-7A72-468B-9E36-B05EEED44C11-200-00000879EE54D9D3.jpg", "Kontributor": "Egi Pratama", "Latitude": -6.9186664162369311, "Longitude": 107.61395547200493, "Pengecekan": "Diterima", "Catatan Kesalahan": null, "ID Data": "699069cf37bf1ca60e0ad95d" }, "geometry": { "type": "Point", "coordinates": [ 107.613955472004932, -6.918666416236931 ] } },
{ "type": "Feature", "properties": { "Kategori Properti": "Ruko", "Jenis Properti": "Dijual", " Tanggal": "2026-02-14", "Alamat": "Jalan Veteran no. 7, Sumur Bandung Kota Bandung Jawa Barat, Kebon Pisang, Sumur Bandung, Kota Bandung, Indonesia", "Foto Tampak Depan": "https://mapidstorage.s3.ap-southeast-1.amazonaws.com/general_image/egipratama/1771071687513_image_picker_BAA3A54B-9400-42E8-B50E-36CE2237AD7B-200-000008788D7147CE.jpg", "Foto Spanduk/Papan Promosi": "https://mapidstorage.s3.ap-southeast-1.amazonaws.com/general_image/egipratama/1771071678751_image_picker_A29FFCD1-D0FC-44D8-B6B5-69143017E332-200-0000087880D125B5.jpg", "Kontributor": "Egi Pratama", "Latitude": -6.9186664162369311, "Longitude": 107.61395547200493, "Pengecekan": "Diterima", "Catatan Kesalahan": null, "ID Data": "699068d937bf1ca60e0ad8ed" }, "geometry": { "type": "Point", "coordinates": [ 107.613955472004932, -6.918666416236931 ] } },
{ "type": "Feature", "properties": { "Kategori Properti": "Gudang", "Jenis Properti": "Dijual", " Tanggal": "2026-02-14", "Alamat": "1269, Indonesia", "Foto Tampak Depan": "https://mapidstorage.s3.ap-southeast-1.amazonaws.com/general_image/egipratama/1771068125224_image_picker_FBA5CA62-8FB7-4056-A0AB-83185A7DD151-99341-0000086F5B321EDC.jpg", "Foto Spanduk/Papan Promosi": "https://mapidstorage.s3.ap-southeast-1.amazonaws.com/general_image/egipratama/1771068134532_image_picker_1D0568A4-B8EF-4FE8-B472-28FDB69DB8DA-99341-0000086F67DED8B7.jpg", "Kontributor": "Egi Pratama", "Latitude": -6.9206024659689547, "Longitude": 107.61775530885933, "Pengecekan": "Diterima", "Catatan Kesalahan": null, "ID Data": "69905b1937bf1ca60e0ad650" }, "geometry": { "type": "Point", "coordinates": [ 107.61775530885933, -6.920602465968955 ] } },
{ "type": "Feature", "properties": { "Kategori Properti": "Rumah", "Jenis Properti": "Dijual", " Tanggal": "2026-02-14", "Alamat": "Jalan Brantas, Bandung Jawa Barat, Cihapit, Bandung Wetan, Kota Bandung, Indonesia", "Foto Tampak Depan": "https://mapidstorage.s3.ap-southeast-1.amazonaws.com/general_image/dwidwi/1771066765385_scaled_fd9b4825-f003-40be-bd9c-1e010d6e5c58994988079068899974.jpg", "Foto Spanduk/Papan Promosi": "https://mapidstorage.s3.ap-southeast-1.amazonaws.com/general_image/dwidwi/1771066778207_scaled_b7e53617-dfc7-4bb0-8aed-72e9d6dc3ac47019024256541606911.jpg", "Kontributor": "Dwi Dwi", "Latitude": -6.9086045447525777, "Longitude": 107.62573389999062, "Pengecekan": "Diterima", "Catatan Kesalahan": null, "ID Data": "6990559cf88f69d837026a14" }, "geometry": { "type": "Point", "coordinates": [ 107.625733899990621, -6.908604544752578 ] } },
{ "type": "Feature", "properties": { "Kategori Properti": "Ruko", "Jenis Properti": "Disewa", " Tanggal": "2026-02-14", "Alamat": "Citarum, Kota Bandung, Indonesia", "Foto Tampak Depan": "https://mapidstorage.s3.ap-southeast-1.amazonaws.com/general_image/dwidwi/1771061092716_scaled_1000092847.jpg", "Foto Spanduk/Papan Promosi": "https://mapidstorage.s3.ap-southeast-1.amazonaws.com/general_image/dwidwi/1771061089464_scaled_1000092848.jpg", "Kontributor": "Dwi Dwi", "Latitude": -6.9070597447335444, "Longitude": 107.61735229995702, "Pengecekan": "Diterima", "Catatan Kesalahan": null, "ID Data": "69903f6fe9893c5fc0d3fc9b" }, "geometry": { "type": "Point", "coordinates": [ 107.61735229995702, -6.907059744733544 ] } },
{ "type": "Feature", "properties": { "Kategori Properti": "Ruko", "Jenis Properti": "Dijual", " Tanggal": "2026-02-14", "Alamat": "Jalan PHH Mustofa No 84, Kelurahan Padasuka, Kecamatan Cibeunying Kidul, Kota Bandung, 40193", "Foto Tampak Depan": "https://mapidstorage.s3.ap-southeast-1.amazonaws.com/general_image/mapid.database/1771168127147_img_%259_%258d9eecb1-1b17-4891-9d14-da42ade3f55d.png", "Foto Spanduk/Papan Promosi": "https://mapidstorage.s3.ap-southeast-1.amazonaws.com/general_image/mapid.database/1771168162150_img_%2510_%256b48a424-9002-4b55-b363-01a86af659e3.png", "Kontributor": "Firman MAPID TEAM", "Latitude": -6.8865656861097477, "Longitude": 107.61479553286557, "Pengecekan": "Diterima", "Catatan Kesalahan": null, "ID Data": "699026bce9893c5fc0d3f61f" }, "geometry": { "type": "Point", "coordinates": [ 107.614795532865571, -6.886565686109748 ] } },
{ "type": "Feature", "properties": { "Kategori Properti": "Ruko", "Jenis Properti": "Disewa", " Tanggal": "2026-02-14", "Alamat": "Jl. Dipati Ukur No.132, Lebakgede, Kecamatan Coblong, Kota Bandung, Jawa Barat 40132", "Foto Tampak Depan": "https://mapidstorage.s3.ap-southeast-1.amazonaws.com/general_image/reza.fadilla/1771054742583_scaled_1000306041.jpg", "Foto Spanduk/Papan Promosi": "https://mapidstorage.s3.ap-southeast-1.amazonaws.com/general_image/mapid.database/1771169372173_img_%25note_%254455b1be-68b8-49e8-8c40-7e3da4561709.png", "Kontributor": "Reza Fadilla Rahman", "Latitude": -6.8856377585221935, "Longitude": 107.61478509999336, "Pengecekan": "Diterima", "Catatan Kesalahan": null, "ID Data": "699026ab6b17b9eae93f0854" }, "geometry": { "type": "Point", "coordinates": [ 107.614785099993355, -6.885637758522194 ] } },
{ "type": "Feature", "properties": { "Kategori Properti": "Rumah", "Jenis Properti": "Dijual", " Tanggal": "2026-02-14", "Alamat": "Jalan Raden Rangga Kencana 46, Mekarwangi, Bojongloa Kidul, Kota Bandung, Indonesia", "Foto Tampak Depan": "https://mapidstorage.s3.ap-southeast-1.amazonaws.com/general_image/jhon_doe/1771038511942_image_picker_858E1221-7BB0-498B-AB94-7C025406BC27-19788-00000C3D47D2A826.jpg", "Foto Spanduk/Papan Promosi": "https://mapidstorage.s3.ap-southeast-1.amazonaws.com/general_image/jhon_doe/1771038491216_image_picker_750B8053-F260-458D-8A76-895A60811D85-19788-00000C3D2ACCB3EA.jpg", "Kontributor": "Yusuf", "Latitude": -6.9527528222083959, "Longitude": 107.59966491859791, "Pengecekan": "Diterima", "Catatan Kesalahan": null, "ID Data": "698fe7316576a06e59730213" }, "geometry": { "type": "Point", "coordinates": [ 107.599664918597909, -6.952752822208396 ] } },
{ "type": "Feature", "properties": { "Kategori Properti": "Tanah", "Jenis Properti": "Dijual", " Tanggal": "2026-02-14", "Alamat": "Jalan Progo 29, Bandung Jawa Barat, Citarum, Bandung Wetan, Kota Bandung, Indonesia", "Foto Tampak Depan": "https://mapidstorage.s3.ap-southeast-1.amazonaws.com/general_image/abilakrisnaw/1771033225180_image_picker_EF46E4EA-C9F9-4EF2-91BB-18928B8BF33F-7167-00000209C27F494F.jpg", "Foto Spanduk/Papan Promosi": "https://mapidstorage.s3.ap-southeast-1.amazonaws.com/general_image/abilakrisnaw/1771033232585_image_picker_4052879C-4FC7-472E-BFCE-6608D9180EDD-7167-00000209CD928075.jpg", "Kontributor": "Abila MAPID TEAM", "Latitude": -6.9046105792413215, "Longitude": 107.61936578159771, "Pengecekan": "Diterima", "Catatan Kesalahan": null, "ID Data": "698fd291e9893c5fc0d3c591" }, "geometry": { "type": "Point", "coordinates": [ 107.619365781597708, -6.904610579241321 ] } },
{ "type": "Feature", "properties": { "Kategori Properti": "Ruko", "Jenis Properti": "Dijual", " Tanggal": "2026-02-14", "Alamat": "Jalan Progo #11, Cihapit Bandung Jawa Barat, Citarum, Bandung Wetan, Kota Bandung, Indonesia", "Foto Tampak Depan": "https://mapidstorage.s3.ap-southeast-1.amazonaws.com/general_image/mapid.database/1771169525514_img_%2512_%25e3a50a48-89fc-4626-9ed7-c27a1f5f00e7.png", "Foto Spanduk/Papan Promosi": "https://mapidstorage.s3.ap-southeast-1.amazonaws.com/general_image/mapid.database/1771169593388_img_%2513_%25f4fe23ec-a136-4144-bf2c-7a6291479a82.png", "Kontributor": "Reza Fadilla Rahman", "Latitude": -6.904718258578697, "Longitude": 107.61833820001033, "Pengecekan": "Diterima", "Catatan Kesalahan": null, "ID Data": "698fd1ebc36f66675df7b5e2" }, "geometry": { "type": "Point", "coordinates": [ 107.618338200010328, -6.904718258578697 ] } },
{ "type": "Feature", "properties": { "Kategori Properti": "Retail FnB", "Jenis Properti": "Dijual", " Tanggal": "2026-02-14", "Alamat": "Jalan Progo 5, Cihapit Bandung Jawa Barat, Citarum, Bandung Wetan, Kota Bandung, Indonesia", "Foto Tampak Depan": "https://mapidstorage.s3.ap-southeast-1.amazonaws.com/general_image/abilakrisnaw/1771032746796_image_picker_87AB5968-CFB0-41FE-871F-CAE4A435F85E-7078-0000020717484028.jpg", "Foto Spanduk/Papan Promosi": "https://mapidstorage.s3.ap-southeast-1.amazonaws.com/general_image/abilakrisnaw/1771032752448_image_picker_6AA6A92E-6419-4F09-A0F3-8951E602D773-7078-000002071F651184.jpg", "Kontributor": "Abila MAPID TEAM", "Latitude": -6.9046875774281347, "Longitude": 107.61768485407515, "Pengecekan": "Diterima", "Catatan Kesalahan": null, "ID Data": "698fd0b79920a4a379f0a5e6" }, "geometry": { "type": "Point", "coordinates": [ 107.617684854075151, -6.904687577428135 ] } },
{ "type": "Feature", "properties": { "Kategori Properti": "Kos", "Jenis Properti": "Disewa", " Tanggal": "2026-02-14", "Alamat": "Jl Trunojoyo, No 54", "Foto Tampak Depan": "https://mapidstorage.s3.ap-southeast-1.amazonaws.com/general_image/mapid.database/1771169466083_img_%2511_%255d14fd49-1c3e-4982-a4a9-e40e5315d44f.png", "Foto Spanduk/Papan Promosi": "https://mapidstorage.s3.ap-southeast-1.amazonaws.com/general_image/reza.fadilla/1771032404121_scaled_1000305841.jpg", "Kontributor": "Reza Fadilla Rahman", "Latitude": -6.9049026585747271, "Longitude": 107.61589689999471, "Pengecekan": "Diterima", "Catatan Kesalahan": null, "ID Data": "698fcf5b6b17b9eae93ee999" }, "geometry": { "type": "Point", "coordinates": [ 107.615896899994709, -6.904902658574727 ] } },
{ "type": "Feature", "properties": { "Kategori Properti": "Rumah", "Jenis Properti": "Dijual", " Tanggal": "2026-02-14", "Alamat": "2357, Indonesia", "Foto Tampak Depan": "https://mapidstorage.s3.ap-southeast-1.amazonaws.com/general_image/abilakrisnaw/1771032078165_image_picker_557B156D-299D-4CE1-92A9-95E322D292CD-7078-000002035A94F71E.jpg", "Foto Spanduk/Papan Promosi": "https://mapidstorage.s3.ap-southeast-1.amazonaws.com/general_image/abilakrisnaw/1771032086807_image_picker_EB301CAF-2688-412B-B700-5007EE95B578-7078-00000203670EBA43.jpg", "Kontributor": "Abila MAPID TEAM", "Latitude": -6.904413419505488, "Longitude": 107.61558442393368, "Pengecekan": "Diterima", "Catatan Kesalahan": null, "ID Data": "698fce2037bf1ca60e0a8ff1" }, "geometry": { "type": "Point", "coordinates": [ 107.615584423933683, -6.904413419505488 ] } },
{ "type": "Feature", "properties": { "Kategori Properti": "Kos", "Jenis Properti": "Disewa", " Tanggal": "2026-02-14", "Alamat": "Jalan Sabang 28, Cihapit Bandung Wetan Bandung Jawa Barat, Cihapit, Bandung Wetan, Kota Bandung, Indonesia", "Foto Tampak Depan": "https://mapidstorage.s3.ap-southeast-1.amazonaws.com/general_image/mapid.database/1771167503295_img_%258_%25a371ca20-3878-4703-a14c-ca0ed177ca5a.png", "Foto Spanduk/Papan Promosi": "https://mapidstorage.s3.ap-southeast-1.amazonaws.com/general_image/abilakrisnaw/1771029929996_image_picker_A17A32AC-8638-4525-881E-B0587B1134EA-6803-000001F759290EF7.jpg", "Kontributor": "Abila MAPID TEAM", "Latitude": -6.9072840882567164, "Longitude": 107.6218413186204, "Pengecekan": "Diterima", "Catatan Kesalahan": null, "ID Data": "698fc5b49920a4a379f0a13e" }, "geometry": { "type": "Point", "coordinates": [ 107.621841318620397, -6.907284088256716 ] } },
{ "type": "Feature", "properties": { "Kategori Properti": "Rumah", "Jenis Properti": "Dijual", " Tanggal": "2026-02-14", "Alamat": "Jalan Sabang 28, Cihapit Bandung Wetan Bandung Jawa Barat, Cihapit, Bandung Wetan, Kota Bandung, Indonesia", "Foto Tampak Depan": "https://mapidstorage.s3.ap-southeast-1.amazonaws.com/general_image/reza.fadilla/1771029864915_scaled_1000305840.jpg", "Foto Spanduk/Papan Promosi": "https://mapidstorage.s3.ap-southeast-1.amazonaws.com/general_image/reza.fadilla/1771029875549_scaled_1000305839.jpg", "Kontributor": "Reza Fadilla Rahman", "Latitude": -6.9073746585949323, "Longitude": 107.62196560004975, "Pengecekan": "Diterima", "Catatan Kesalahan": null, "ID Data": "698fc5786b17b9eae93ee7a8" }, "geometry": { "type": "Point", "coordinates": [ 107.621965600049748, -6.907374658594932 ] } },
{ "type": "Feature", "properties": { "Kategori Properti": "Rumah", "Jenis Properti": "Dijual", " Tanggal": "2026-02-14", "Alamat": "Jalan Sabang 28, Cihapit Bandung Wetan Bandung Jawa Barat, Cihapit, Bandung Wetan, Kota Bandung, Indonesia", "Foto Tampak Depan": "https://mapidstorage.s3.ap-southeast-1.amazonaws.com/general_image/abilakrisnaw/1771029705245_image_picker_ED2B7D71-0A8A-47EE-8FD8-A7A0438CB46C-6803-000001F617CBEB14.jpg", "Foto Spanduk/Papan Promosi": "https://mapidstorage.s3.ap-southeast-1.amazonaws.com/general_image/abilakrisnaw/1771029716564_image_picker_D7300173-F518-4F78-8022-E7231F939FE1-6803-000001F62736B2C1.jpg", "Kontributor": "Abila MAPID TEAM", "Latitude": -6.9073512408728135, "Longitude": 107.62207393821541, "Pengecekan": "Diterima", "Catatan Kesalahan": null, "ID Data": "698fc4dc37bf1ca60e0a8cb0" }, "geometry": { "type": "Point", "coordinates": [ 107.622073938215408, -6.907351240872813 ] } },
{ "type": "Feature", "properties": { "Kategori Properti": "Ruko", "Jenis Properti": "Disewa", " Tanggal": "2026-02-13", "Alamat": "Jalan Soekarno-Hatta 689, Taman Rafflesia, Sekejati, Buahbatu, Kota Bandung, Indonesia", "Foto Tampak Depan": "https://mapidstorage.s3.ap-southeast-1.amazonaws.com/general_image/undefined/1770970119542_scaled_4874fcec-f3a2-48a6-b846-b95d7b5cb19a3123384836245135250.jpg", "Foto Spanduk/Papan Promosi": "https://mapidstorage.s3.ap-southeast-1.amazonaws.com/general_image/undefined/1770970150212_scaled_c0451725-04bc-4c36-b6c0-fde6dab93ab82319366656017473355.jpg", "Kontributor": "adrianus8", "Latitude": -6.9403680106780996, "Longitude": 107.65958435484151, "Pengecekan": "Diterima", "Catatan Kesalahan": null, "ID Data": "698edc2b6b17b9eae93ecea3" }, "geometry": { "type": "Point", "coordinates": [ 107.659584354841513, -6.9403680106781 ] } },
{ "type": "Feature", "properties": { "Kategori Properti": "Ruko", "Jenis Properti": "Disewa", " Tanggal": "2026-02-13", "Alamat": "Jalan Holis, Margahayu Utara, Babakan Ciparay, Kota Bandung, Indonesia", "Foto Tampak Depan": "https://mapidstorage.s3.ap-southeast-1.amazonaws.com/general_image/egipratama/1770948529366_image_picker_6189963D-F716-420D-88AF-CFC491759F5B-83305-0000073C6EA85296.jpg", "Foto Spanduk/Papan Promosi": "https://mapidstorage.s3.ap-southeast-1.amazonaws.com/general_image/egipratama/1770948537534_image_picker_697FAB7E-1D8C-4A5C-A2B9-D086C637AA34-83305-0000073C7A58D56F.jpg", "Kontributor": "Egi Pratama", "Latitude": -6.9410846941169382, "Longitude": 107.56804559386813, "Pengecekan": "Diterima", "Catatan Kesalahan": null, "ID Data": "698e87c237bf1ca60e09de7c" }, "geometry": { "type": "Point", "coordinates": [ 107.568045593868135, -6.941084694116938 ] } },
{ "type": "Feature", "properties": { "Kategori Properti": "Ruko", "Jenis Properti": "Disewa", " Tanggal": "2026-02-13", "Alamat": "Jalan Holis, Babakan, Babakan Ciparay, Kota Bandung, Indonesia", "Foto Tampak Depan": "https://mapidstorage.s3.ap-southeast-1.amazonaws.com/general_image/egipratama/1770948422699_image_picker_75B49A1A-64A0-41D1-9657-3AAAF6F782F9-83305-0000073BE99E7BAF.jpg", "Foto Spanduk/Papan Promosi": "https://mapidstorage.s3.ap-southeast-1.amazonaws.com/general_image/egipratama/1770948433547_image_picker_B22F410B-7E40-48CB-B81B-BC7A46D30487-83305-0000073BF8EAC00F.jpg", "Kontributor": "Egi Pratama", "Latitude": -6.9396027736469534, "Longitude": 107.5688778330981, "Pengecekan": "Diterima", "Catatan Kesalahan": null, "ID Data": "698e875c37bf1ca60e09dce8" }, "geometry": { "type": "Point", "coordinates": [ 107.568877833098099, -6.939602773646953 ] } },
{ "type": "Feature", "properties": { "Kategori Properti": "Ruko", "Jenis Properti": "Disewa", " Tanggal": "2026-02-13", "Alamat": "Jalan Holis, Warungmuncang, Bandung Kulon, Kota Bandung, Indonesia", "Foto Tampak Depan": "https://mapidstorage.s3.ap-southeast-1.amazonaws.com/general_image/egipratama/1770948225812_image_picker_B14113CE-27FA-4AAF-B371-FFB9FBC1E7D4-83305-0000073B8BB987DC.jpg", "Foto Spanduk/Papan Promosi": "https://mapidstorage.s3.ap-southeast-1.amazonaws.com/general_image/egipratama/1770948234044_image_picker_D2CD04D3-38C6-4953-B49E-2B744D286FE8-83305-0000073B978B4FB9.jpg", "Kontributor": "Egi Pratama", "Latitude": -6.9337541719658589, "Longitude": 107.57171464651498, "Pengecekan": "Diterima", "Catatan Kesalahan": null, "ID Data": "698e869737bf1ca60e09dae2" }, "geometry": { "type": "Point", "coordinates": [ 107.571714646514977, -6.933754171965859 ] } },
{ "type": "Feature", "properties": { "Kategori Properti": "Tanah", "Jenis Properti": "Disewa", " Tanggal": "2026-02-13", "Alamat": "Jalan Holis, Caringin, Bandung Kulon, Kota Bandung, Indonesia", "Foto Tampak Depan": "https://mapidstorage.s3.ap-southeast-1.amazonaws.com/general_image/egipratama/1770948004312_image_picker_76BC8EC8-7FAE-49CA-BD93-971CD32E3EE4-83305-0000073AFCE72001.jpg", "Foto Spanduk/Papan Promosi": "https://mapidstorage.s3.ap-southeast-1.amazonaws.com/general_image/egipratama/1770948007654_image_picker_A1A10240-C4F2-48C5-9143-1456C3ADA387-83305-0000073B01F4B1BE.jpg", "Kontributor": "Egi Pratama", "Latitude": -6.9335961341558914, "Longitude": 107.57163950247502, "Pengecekan": "Diterima", "Catatan Kesalahan": null, "ID Data": "698e85b2e9893c5fc0d30bad" }, "geometry": { "type": "Point", "coordinates": [ 107.571639502475023, -6.933596134155891 ] } },
{ "type": "Feature", "properties": { "Kategori Properti": "Ruko", "Jenis Properti": "Disewa", " Tanggal": "2026-02-13", "Alamat": "Jalan Holis, Caringin, Babakan Ciparay, Kota Bandung, Indonesia", "Foto Tampak Depan": "https://mapidstorage.s3.ap-southeast-1.amazonaws.com/general_image/egipratama/1770947830596_image_picker_FCBDA5C0-F4BC-4B4F-B955-6A8893CC4444-83211-0000073A7C5B8069.jpg", "Foto Spanduk/Papan Promosi": "https://mapidstorage.s3.ap-southeast-1.amazonaws.com/general_image/egipratama/1770947834108_image_picker_771689BD-71A1-412C-B694-A715989FEEBD-83211-0000073A818004C2.jpg", "Kontributor": "Egi Pratama", "Latitude": -6.937732812904116, "Longitude": 107.56992129620932, "Pengecekan": "Diterima", "Catatan Kesalahan": null, "ID Data": "698e850b37bf1ca60e09d7fa" }, "geometry": { "type": "Point", "coordinates": [ 107.569921296209316, -6.937732812904116 ] } },
{ "type": "Feature", "properties": { "Kategori Properti": "Ruko", "Jenis Properti": "Disewa", " Tanggal": "2026-02-13", "Alamat": "Jalan Holis, Caringin, Bandung Kulon, Kota Bandung, Indonesia", "Foto Tampak Depan": "https://mapidstorage.s3.ap-southeast-1.amazonaws.com/general_image/egipratama/1770947682401_image_picker_10C55D87-A5A7-4195-BAD6-69CEF50D0994-83118-00000739D879F838.jpg", "Foto Spanduk/Papan Promosi": "https://mapidstorage.s3.ap-southeast-1.amazonaws.com/general_image/egipratama/1770947686446_image_picker_BBD8D8C4-4546-4E6E-B624-02726A55BAA7-83118-00000739DE473AF0.jpg", "Kontributor": "Egi Pratama", "Latitude": -6.9401806205230798, "Longitude": 107.56829674656717, "Pengecekan": "Diterima", "Catatan Kesalahan": null, "ID Data": "698e84689920a4a379efeae4" }, "geometry": { "type": "Point", "coordinates": [ 107.568296746567171, -6.94018062052308 ] } },
{ "type": "Feature", "properties": { "Kategori Properti": "Ruko", "Jenis Properti": "Dijual", " Tanggal": "2026-02-13", "Alamat": "Jalan Holis, Caringin, Bandung Kulon, Kota Bandung, Indonesia", "Foto Tampak Depan": "https://mapidstorage.s3.ap-southeast-1.amazonaws.com/general_image/egipratama/1770947650181_image_picker_6EAF85B3-5045-434C-A3DC-ACC1C8853622-83118-00000739AA61FC08.jpg", "Foto Spanduk/Papan Promosi": "https://mapidstorage.s3.ap-southeast-1.amazonaws.com/general_image/egipratama/1770947653490_image_picker_A2C265B1-388C-43EA-8CCD-2BFE275EDC16-83118-00000739AF51F1C7.jpg", "Kontributor": "Egi Pratama", "Latitude": -6.9402337213867185, "Longitude": 107.56823561162901, "Pengecekan": "Diterima", "Catatan Kesalahan": null, "ID Data": "698e84509920a4a379efea85" }, "geometry": { "type": "Point", "coordinates": [ 107.568235611629007, -6.940233721386718 ] } },
{ "type": "Feature", "properties": { "Kategori Properti": "Rumah", "Jenis Properti": "Dijual", " Tanggal": "2026-02-13", "Alamat": "Jalan Terusan Holis, Margahayu Utara, Babakan Ciparay, Kota Bandung, Indonesia", "Foto Tampak Depan": "https://mapidstorage.s3.ap-southeast-1.amazonaws.com/general_image/egipratama/1770947438174_image_picker_934D13EA-8D33-4BA6-9436-2F65155CF6BE-83025-00000738A6E1EBD0.jpg", "Foto Spanduk/Papan Promosi": "https://mapidstorage.s3.ap-southeast-1.amazonaws.com/general_image/egipratama/1770947441125_image_picker_AED5B86E-0074-4ADE-A7C1-4E469E51FB8A-83025-00000738AB4682FB.jpg", "Kontributor": "Egi Pratama", "Latitude": -6.9432292459631526, "Longitude": 107.56803109326665, "Pengecekan": "Diterima", "Catatan Kesalahan": null, "ID Data": "698e837737bf1ca60e09d45f" }, "geometry": { "type": "Point", "coordinates": [ 107.568031093266654, -6.943229245963153 ] } },
{ "type": "Feature", "properties": { "Kategori Properti": "Rumah", "Jenis Properti": "Dijual", " Tanggal": "2026-02-13", "Alamat": "Jalan Terusan Holis, Rahayu, Margahayu Utara, Babakan Ciparay, Kota Bandung, Indonesia", "Foto Tampak Depan": "https://mapidstorage.s3.ap-southeast-1.amazonaws.com/general_image/egipratama/1770946626946_image_picker_162B5EC9-210E-4E3D-B498-BBD430BE4F0D-82784-00000735D089F627.jpg", "Foto Spanduk/Papan Promosi": "https://mapidstorage.s3.ap-southeast-1.amazonaws.com/general_image/egipratama/1770946631271_image_picker_ABE6C1D6-72F8-49BC-8435-B9CB48F2B59E-82784-00000735D6E129E0.jpg", "Kontributor": "Egi Pratama", "Latitude": -6.9490399089938677, "Longitude": 107.56874845563175, "Pengecekan": "Diterima", "Catatan Kesalahan": null, "ID Data": "698e805337bf1ca60e09d140" }, "geometry": { "type": "Point", "coordinates": [ 107.568748455631749, -6.949039908993868 ] } },
{ "type": "Feature", "properties": { "Kategori Properti": "Rumah", "Jenis Properti": "Disewa", " Tanggal": "2026-02-11", "Alamat": "Jalan Sriwijaya", "Foto Tampak Depan": "https://mapidstorage.s3.ap-southeast-1.amazonaws.com/general_image/indahliskaf/1770822199051_image_picker_96E73AE0-31CB-43A9-8AE6-CB2C1676E6BF-40672-000012040F5E3B57.jpg", "Foto Spanduk/Papan Promosi": "https://mapidstorage.s3.ap-southeast-1.amazonaws.com/general_image/indahliskaf/1770822207470_image_picker_A75431F9-E1E0-4B91-8804-A2CAC12702B3-40672-000012041BF68F5C.jpg", "Kontributor": "Indah Liska", "Latitude": -6.9360883543773895, "Longitude": 107.61288499725126, "Pengecekan": "Diterima", "Catatan Kesalahan": null, "ID Data": "698c9a4ffed48bf16b2935ac" }, "geometry": { "type": "Point", "coordinates": [ 107.612884997251257, -6.936088354377389 ] } },
{ "type": "Feature", "properties": { "Kategori Properti": "Rumah", "Jenis Properti": "Dijual", " Tanggal": "2026-02-11", "Alamat": "Jalan Sripohaci", "Foto Tampak Depan": "https://mapidstorage.s3.ap-southeast-1.amazonaws.com/general_image/indahliskaf/1770821911326_image_picker_300ADA1E-3C60-4704-8B91-4FAE7AC9CA3A-40672-000012035C50A985.jpg", "Foto Spanduk/Papan Promosi": "https://mapidstorage.s3.ap-southeast-1.amazonaws.com/general_image/indahliskaf/1770821922841_image_picker_A17F31FE-2F4B-4467-93B8-5738A5FAF045-40672-000012036EC77733.jpg", "Kontributor": "Indah Liska", "Latitude": -6.9365614809254765, "Longitude": 107.61276100473358, "Pengecekan": "Diterima", "Catatan Kesalahan": null, "ID Data": "698c9932e94ccc14f3f725f5" }, "geometry": { "type": "Point", "coordinates": [ 107.612761004733585, -6.936561480925477 ] } },
{ "type": "Feature", "properties": { "Kategori Properti": "Rumah", "Jenis Properti": "Dijual", " Tanggal": "2026-02-11", "Alamat": "Jalan Sridara", "Foto Tampak Depan": "https://mapidstorage.s3.ap-southeast-1.amazonaws.com/general_image/indahliskaf/1770821638442_image_picker_A099B3B1-E4C8-4D1D-9E01-5D4D04EED0B0-40672-0000120208B8D9B7.jpg", "Foto Spanduk/Papan Promosi": "https://mapidstorage.s3.ap-southeast-1.amazonaws.com/general_image/indahliskaf/1770821647361_image_picker_8EE0078B-D4FE-457A-BCEF-BD6C7153D627-40672-0000120215A4F5A7.jpg", "Kontributor": "Indah Liska", "Latitude": -6.9433593916712226, "Longitude": 107.61282794658817, "Pengecekan": "Diterima", "Catatan Kesalahan": null, "ID Data": "698c9824e94ccc14f3f724f0" }, "geometry": { "type": "Point", "coordinates": [ 107.612827946588169, -6.943359391671223 ] } }
]
}
